frame,obj,type,group,depth_m,n_pts,kind,level,pct_fov,pct_box
scene-0103_000,0,Pedestrian,vru,16.922,8,yaw,0.000,100.000,100.000
scene-0103_000,0,Pedestrian,vru,16.922,8,yaw,0.500,100.000,100.000
scene-0103_000,0,Pedestrian,vru,16.922,8,yaw,1.000,100.000,87.500
scene-0103_000,0,Pedestrian,vru,16.922,8,yaw,2.000,100.000,12.500
scene-0103_000,0,Pedestrian,vru,16.922,8,yaw,3.000,100.000,0.000
scene-0103_000,0,Pedestrian,vru,16.922,8,pitch,0.000,100.000,100.000
scene-0103_000,0,Pedestrian,vru,16.922,8,pitch,0.500,100.000,100.000
scene-0103_000,0,Pedestrian,vru,16.922,8,pitch,1.000,100.000,100.000
scene-0103_000,0,Pedestrian,vru,16.922,8,pitch,2.000,100.000,87.500
scene-0103_000,0,Pedestrian,vru,16.922,8,pitch,3.000,100.000,87.500
scene-0103_000,0,Pedestrian,vru,16.922,8,roll,0.000,100.000,100.000
scene-0103_000,0,Pedestrian,vru,16.922,8,roll,0.500,100.000,100.000
scene-0103_000,0,Pedestrian,vru,16.922,8,roll,1.000,100.000,100.000
scene-0103_000,0,Pedestrian,vru,16.922,8,roll,2.000,100.000,87.500
scene-0103_000,0,Pedestrian,vru,16.922,8,roll,3.000,100.000,37.500
scene-0103_000,0,Pedestrian,vru,16.922,8,ty,0.000,100.000,100.000
scene-0103_000,0,Pedestrian,vru,16.922,8,ty,0.020,100.000,100.000
scene-0103_000,0,Pedestrian,vru,16.922,8,ty,0.050,100.000,100.000
scene-0103_000,0,Pedestrian,vru,16.922,8,ty,0.100,100.000,100.000
scene-0103_000,1,Pedestrian,vru,29.249,5,yaw,0.000,100.000,100.000
scene-0103_000,1,Pedestrian,vru,29.249,5,yaw,0.500,100.000,100.000
scene-0103_000,1,Pedestrian,vru,29.249,5,yaw,1.000,100.000,20.000
scene-0103_000,1,Pedestrian,vru,29.249,5,yaw,2.000,100.000,0.000
scene-0103_000,1,Pedestrian,vru,29.249,5,yaw,3.000,100.000,0.000
scene-0103_000,1,Pedestrian,vru,29.249,5,pitch,0.000,100.000,100.000
scene-0103_000,1,Pedestrian,vru,29.249,5,pitch,0.500,100.000,100.000
scene-0103_000,1,Pedestrian,vru,29.249,5,pitch,1.000,100.000,60.000
scene-0103_000,1,Pedestrian,vru,29.249,5,pitch,2.000,100.000,60.000
scene-0103_000,1,Pedestrian,vru,29.249,5,pitch,3.000,100.000,60.000
scene-0103_000,1,Pedestrian,vru,29.249,5,roll,0.000,100.000,100.000
scene-0103_000,1,Pedestrian,vru,29.249,5,roll,0.500,100.000,100.000
scene-0103_000,1,Pedestrian,vru,29.249,5,roll,1.000,100.000,100.000
scene-0103_000,1,Pedestrian,vru,29.249,5,roll,2.000,100.000,100.000
scene-0103_000,1,Pedestrian,vru,29.249,5,roll,3.000,100.000,40.000
scene-0103_000,1,Pedestrian,vru,29.249,5,ty,0.000,100.000,100.000
scene-0103_000,1,Pedestrian,vru,29.249,5,ty,0.020,100.000,100.000
scene-0103_000,1,Pedestrian,vru,29.249,5,ty,0.050,100.000,100.000
scene-0103_000,1,Pedestrian,vru,29.249,5,ty,0.100,100.000,100.000
scene-0103_000,2,Pedestrian,vru,18.762,9,yaw,0.000,100.000,100.000
scene-0103_000,2,Pedestrian,vru,18.762,9,yaw,0.500,100.000,100.000
scene-0103_000,2,Pedestrian,vru,18.762,9,yaw,1.000,100.000,77.778
scene-0103_000,2,Pedestrian,vru,18.762,9,yaw,2.000,100.000,0.000
scene-0103_000,2,Pedestrian,vru,18.762,9,yaw,3.000,100.000,0.000
scene-0103_000,2,Pedestrian,vru,18.762,9,pitch,0.000,100.000,100.000
scene-0103_000,2,Pedestrian,vru,18.762,9,pitch,0.500,100.000,100.000
scene-0103_000,2,Pedestrian,vru,18.762,9,pitch,1.000,100.000,100.000
scene-0103_000,2,Pedestrian,vru,18.762,9,pitch,2.000,100.000,100.000
scene-0103_000,2,Pedestrian,vru,18.762,9,pitch,3.000,100.000,100.000
scene-0103_000,2,Pedestrian,vru,18.762,9,roll,0.000,100.000,100.000
scene-0103_000,2,Pedestrian,vru,18.762,9,roll,0.500,100.000,100.000
scene-0103_000,2,Pedestrian,vru,18.762,9,roll,1.000,100.000,100.000
scene-0103_000,2,Pedestrian,vru,18.762,9,roll,2.000,100.000,55.556
scene-0103_000,2,Pedestrian,vru,18.762,9,roll,3.000,100.000,55.556
scene-0103_000,2,Pedestrian,vru,18.762,9,ty,0.000,100.000,100.000
scene-0103_000,2,Pedestrian,vru,18.762,9,ty,0.020,100.000,100.000
scene-0103_000,2,Pedestrian,vru,18.762,9,ty,0.050,100.000,100.000
scene-0103_000,2,Pedestrian,vru,18.762,9,ty,0.100,100.000,100.000
scene-0103_000,3,Pedestrian,vru,26.525,5,yaw,0.000,100.000,100.000
scene-0103_000,3,Pedestrian,vru,26.525,5,yaw,0.500,100.000,80.000
scene-0103_000,3,Pedestrian,vru,26.525,5,yaw,1.000,100.000,20.000
scene-0103_000,3,Pedestrian,vru,26.525,5,yaw,2.000,100.000,0.000
scene-0103_000,3,Pedestrian,vru,26.525,5,yaw,3.000,100.000,0.000
scene-0103_000,3,Pedestrian,vru,26.525,5,pitch,0.000,100.000,100.000
scene-0103_000,3,Pedestrian,vru,26.525,5,pitch,0.500,100.000,100.000
scene-0103_000,3,Pedestrian,vru,26.525,5,pitch,1.000,100.000,100.000
scene-0103_000,3,Pedestrian,vru,26.525,5,pitch,2.000,100.000,80.000
scene-0103_000,3,Pedestrian,vru,26.525,5,pitch,3.000,100.000,80.000
scene-0103_000,3,Pedestrian,vru,26.525,5,roll,0.000,100.000,100.000
scene-0103_000,3,Pedestrian,vru,26.525,5,roll,0.500,100.000,100.000
scene-0103_000,3,Pedestrian,vru,26.525,5,roll,1.000,100.000,100.000
scene-0103_000,3,Pedestrian,vru,26.525,5,roll,2.000,100.000,100.000
scene-0103_000,3,Pedestrian,vru,26.525,5,roll,3.000,100.000,20.000
scene-0103_000,3,Pedestrian,vru,26.525,5,ty,0.000,100.000,100.000
scene-0103_000,3,Pedestrian,vru,26.525,5,ty,0.020,100.000,100.000
scene-0103_000,3,Pedestrian,vru,26.525,5,ty,0.050,100.000,100.000
scene-0103_000,3,Pedestrian,vru,26.525,5,ty,0.100,100.000,100.000
scene-0103_001,0,Pedestrian,vru,12.056,21,yaw,0.000,95.238,95.238
scene-0103_001,0,Pedestrian,vru,12.056,21,yaw,0.500,100.000,100.000
scene-0103_001,0,Pedestrian,vru,12.056,21,yaw,1.000,100.000,100.000
scene-0103_001,0,Pedestrian,vru,12.056,21,yaw,2.000,100.000,66.667
scene-0103_001,0,Pedestrian,vru,12.056,21,yaw,3.000,100.000,4.762
scene-0103_001,0,Pedestrian,vru,12.056,21,pitch,0.000,95.238,95.238
scene-0103_001,0,Pedestrian,vru,12.056,21,pitch,0.500,95.238,80.952
scene-0103_001,0,Pedestrian,vru,12.056,21,pitch,1.000,95.238,66.667
scene-0103_001,0,Pedestrian,vru,12.056,21,pitch,2.000,95.238,66.667
scene-0103_001,0,Pedestrian,vru,12.056,21,pitch,3.000,95.238,66.667
scene-0103_001,0,Pedestrian,vru,12.056,21,roll,0.000,95.238,95.238
scene-0103_001,0,Pedestrian,vru,12.056,21,roll,0.500,100.000,95.238
scene-0103_001,0,Pedestrian,vru,12.056,21,roll,1.000,100.000,90.476
scene-0103_001,0,Pedestrian,vru,12.056,21,roll,2.000,100.000,90.476
scene-0103_001,0,Pedestrian,vru,12.056,21,roll,3.000,100.000,66.667
scene-0103_001,0,Pedestrian,vru,12.056,21,ty,0.000,95.238,95.238
scene-0103_001,0,Pedestrian,vru,12.056,21,ty,0.020,100.000,95.238
scene-0103_001,0,Pedestrian,vru,12.056,21,ty,0.050,100.000,100.000
scene-0103_001,0,Pedestrian,vru,12.056,21,ty,0.100,100.000,100.000
scene-0103_001,1,Pedestrian,vru,24.216,5,yaw,0.000,100.000,100.000
scene-0103_001,1,Pedestrian,vru,24.216,5,yaw,0.500,100.000,80.000
scene-0103_001,1,Pedestrian,vru,24.216,5,yaw,1.000,100.000,60.000
scene-0103_001,1,Pedestrian,vru,24.216,5,yaw,2.000,100.000,0.000
scene-0103_001,1,Pedestrian,vru,24.216,5,yaw,3.000,100.000,0.000
scene-0103_001,1,Pedestrian,vru,24.216,5,pitch,0.000,100.000,100.000
scene-0103_001,1,Pedestrian,vru,24.216,5,pitch,0.500,100.000,100.000
scene-0103_001,1,Pedestrian,vru,24.216,5,pitch,1.000,100.000,100.000
scene-0103_001,1,Pedestrian,vru,24.216,5,pitch,2.000,100.000,100.000
scene-0103_001,1,Pedestrian,vru,24.216,5,pitch,3.000,100.000,100.000
scene-0103_001,1,Pedestrian,vru,24.216,5,roll,0.000,100.000,100.000
scene-0103_001,1,Pedestrian,vru,24.216,5,roll,0.500,100.000,100.000
scene-0103_001,1,Pedestrian,vru,24.216,5,roll,1.000,100.000,100.000
scene-0103_001,1,Pedestrian,vru,24.216,5,roll,2.000,100.000,100.000
scene-0103_001,1,Pedestrian,vru,24.216,5,roll,3.000,100.000,20.000
scene-0103_001,1,Pedestrian,vru,24.216,5,ty,0.000,100.000,100.000
scene-0103_001,1,Pedestrian,vru,24.216,5,ty,0.020,100.000,100.000
scene-0103_001,1,Pedestrian,vru,24.216,5,ty,0.050,100.000,100.000
scene-0103_001,1,Pedestrian,vru,24.216,5,ty,0.100,100.000,100.000
scene-0103_001,2,Pedestrian,vru,23.183,6,yaw,0.000,100.000,66.667
scene-0103_001,2,Pedestrian,vru,23.183,6,yaw,0.500,100.000,50.000
scene-0103_001,2,Pedestrian,vru,23.183,6,yaw,1.000,100.000,33.333
scene-0103_001,2,Pedestrian,vru,23.183,6,yaw,2.000,100.000,0.000
scene-0103_001,2,Pedestrian,vru,23.183,6,yaw,3.000,100.000,0.000
scene-0103_001,2,Pedestrian,vru,23.183,6,pitch,0.000,100.000,66.667
scene-0103_001,2,Pedestrian,vru,23.183,6,pitch,0.500,100.000,66.667
scene-0103_001,2,Pedestrian,vru,23.183,6,pitch,1.000,100.000,66.667
scene-0103_001,2,Pedestrian,vru,23.183,6,pitch,2.000,100.000,66.667
scene-0103_001,2,Pedestrian,vru,23.183,6,pitch,3.000,100.000,66.667
scene-0103_001,2,Pedestrian,vru,23.183,6,roll,0.000,100.000,66.667
scene-0103_001,2,Pedestrian,vru,23.183,6,roll,0.500,100.000,100.000
scene-0103_001,2,Pedestrian,vru,23.183,6,roll,1.000,100.000,100.000
scene-0103_001,2,Pedestrian,vru,23.183,6,roll,2.000,100.000,50.000
scene-0103_001,2,Pedestrian,vru,23.183,6,roll,3.000,100.000,50.000
scene-0103_001,2,Pedestrian,vru,23.183,6,ty,0.000,100.000,66.667
scene-0103_001,2,Pedestrian,vru,23.183,6,ty,0.020,100.000,66.667
scene-0103_001,2,Pedestrian,vru,23.183,6,ty,0.050,100.000,66.667
scene-0103_001,2,Pedestrian,vru,23.183,6,ty,0.100,100.000,66.667
scene-0103_001,3,Pedestrian,vru,26.943,5,yaw,0.000,100.000,100.000
scene-0103_001,3,Pedestrian,vru,26.943,5,yaw,0.500,100.000,100.000
scene-0103_001,3,Pedestrian,vru,26.943,5,yaw,1.000,100.000,40.000
scene-0103_001,3,Pedestrian,vru,26.943,5,yaw,2.000,100.000,0.000
scene-0103_001,3,Pedestrian,vru,26.943,5,yaw,3.000,100.000,0.000
scene-0103_001,3,Pedestrian,vru,26.943,5,pitch,0.000,100.000,100.000
scene-0103_001,3,Pedestrian,vru,26.943,5,pitch,0.500,100.000,100.000
scene-0103_001,3,Pedestrian,vru,26.943,5,pitch,1.000,100.000,100.000
scene-0103_001,3,Pedestrian,vru,26.943,5,pitch,2.000,100.000,100.000
scene-0103_001,3,Pedestrian,vru,26.943,5,pitch,3.000,100.000,100.000
scene-0103_001,3,Pedestrian,vru,26.943,5,roll,0.000,100.000,100.000
scene-0103_001,3,Pedestrian,vru,26.943,5,roll,0.500,100.000,100.000
scene-0103_001,3,Pedestrian,vru,26.943,5,roll,1.000,100.000,80.000
scene-0103_001,3,Pedestrian,vru,26.943,5,roll,2.000,100.000,80.000
scene-0103_001,3,Pedestrian,vru,26.943,5,roll,3.000,100.000,20.000
scene-0103_001,3,Pedestrian,vru,26.943,5,ty,0.000,100.000,100.000
scene-0103_001,3,Pedestrian,vru,26.943,5,ty,0.020,100.000,100.000
scene-0103_001,3,Pedestrian,vru,26.943,5,ty,0.050,100.000,100.000
scene-0103_001,3,Pedestrian,vru,26.943,5,ty,0.100,100.000,100.000
scene-0103_001,4,Pedestrian,vru,25.195,6,yaw,0.000,100.000,100.000
scene-0103_001,4,Pedestrian,vru,25.195,6,yaw,0.500,100.000,83.333
scene-0103_001,4,Pedestrian,vru,25.195,6,yaw,1.000,100.000,16.667
scene-0103_001,4,Pedestrian,vru,25.195,6,yaw,2.000,100.000,0.000
scene-0103_001,4,Pedestrian,vru,25.195,6,yaw,3.000,100.000,0.000
scene-0103_001,4,Pedestrian,vru,25.195,6,pitch,0.000,100.000,100.000
scene-0103_001,4,Pedestrian,vru,25.195,6,pitch,0.500,100.000,100.000
scene-0103_001,4,Pedestrian,vru,25.195,6,pitch,1.000,100.000,100.000
scene-0103_001,4,Pedestrian,vru,25.195,6,pitch,2.000,100.000,33.333
scene-0103_001,4,Pedestrian,vru,25.195,6,pitch,3.000,100.000,33.333
scene-0103_001,4,Pedestrian,vru,25.195,6,roll,0.000,100.000,100.000
scene-0103_001,4,Pedestrian,vru,25.195,6,roll,0.500,100.000,100.000
scene-0103_001,4,Pedestrian,vru,25.195,6,roll,1.000,100.000,100.000
scene-0103_001,4,Pedestrian,vru,25.195,6,roll,2.000,100.000,66.667
scene-0103_001,4,Pedestrian,vru,25.195,6,roll,3.000,100.000,66.667
scene-0103_001,4,Pedestrian,vru,25.195,6,ty,0.000,100.000,100.000
scene-0103_001,4,Pedestrian,vru,25.195,6,ty,0.020,100.000,100.000
scene-0103_001,4,Pedestrian,vru,25.195,6,ty,0.050,100.000,100.000
scene-0103_001,4,Pedestrian,vru,25.195,6,ty,0.100,100.000,100.000
scene-0103_002,0,Pedestrian,vru,19.461,11,yaw,0.000,100.000,100.000
scene-0103_002,0,Pedestrian,vru,19.461,11,yaw,0.500,100.000,72.727
scene-0103_002,0,Pedestrian,vru,19.461,11,yaw,1.000,100.000,63.636
scene-0103_002,0,Pedestrian,vru,19.461,11,yaw,2.000,100.000,9.091
scene-0103_002,0,Pedestrian,vru,19.461,11,yaw,3.000,100.000,0.000
scene-0103_002,0,Pedestrian,vru,19.461,11,pitch,0.000,100.000,100.000
scene-0103_002,0,Pedestrian,vru,19.461,11,pitch,0.500,100.000,100.000
scene-0103_002,0,Pedestrian,vru,19.461,11,pitch,1.000,100.000,100.000
scene-0103_002,0,Pedestrian,vru,19.461,11,pitch,2.000,100.000,81.818
scene-0103_002,0,Pedestrian,vru,19.461,11,pitch,3.000,100.000,81.818
scene-0103_002,0,Pedestrian,vru,19.461,11,roll,0.000,100.000,100.000
scene-0103_002,0,Pedestrian,vru,19.461,11,roll,0.500,100.000,100.000
scene-0103_002,0,Pedestrian,vru,19.461,11,roll,1.000,100.000,100.000
scene-0103_002,0,Pedestrian,vru,19.461,11,roll,2.000,100.000,100.000
scene-0103_002,0,Pedestrian,vru,19.461,11,roll,3.000,100.000,63.636
scene-0103_002,0,Pedestrian,vru,19.461,11,ty,0.000,100.000,100.000
scene-0103_002,0,Pedestrian,vru,19.461,11,ty,0.020,100.000,100.000
scene-0103_002,0,Pedestrian,vru,19.461,11,ty,0.050,100.000,100.000
scene-0103_002,0,Pedestrian,vru,19.461,11,ty,0.100,100.000,100.000
scene-0103_002,1,Pedestrian,vru,27.301,5,yaw,0.000,100.000,100.000
scene-0103_002,1,Pedestrian,vru,27.301,5,yaw,0.500,100.000,60.000
scene-0103_002,1,Pedestrian,vru,27.301,5,yaw,1.000,100.000,0.000
scene-0103_002,1,Pedestrian,vru,27.301,5,yaw,2.000,100.000,0.000
scene-0103_002,1,Pedestrian,vru,27.301,5,yaw,3.000,100.000,0.000
scene-0103_002,1,Pedestrian,vru,27.301,5,pitch,0.000,100.000,100.000
scene-0103_002,1,Pedestrian,vru,27.301,5,pitch,0.500,100.000,100.000
scene-0103_002,1,Pedestrian,vru,27.301,5,pitch,1.000,100.000,60.000
scene-0103_002,1,Pedestrian,vru,27.301,5,pitch,2.000,100.000,60.000
scene-0103_002,1,Pedestrian,vru,27.301,5,pitch,3.000,100.000,60.000
scene-0103_002,1,Pedestrian,vru,27.301,5,roll,0.000,100.000,100.000
scene-0103_002,1,Pedestrian,vru,27.301,5,roll,0.500,100.000,100.000
scene-0103_002,1,Pedestrian,vru,27.301,5,roll,1.000,100.000,100.000
scene-0103_002,1,Pedestrian,vru,27.301,5,roll,2.000,100.000,40.000
scene-0103_002,1,Pedestrian,vru,27.301,5,roll,3.000,100.000,40.000
scene-0103_002,1,Pedestrian,vru,27.301,5,ty,0.000,100.000,100.000
scene-0103_002,1,Pedestrian,vru,27.301,5,ty,0.020,100.000,100.000
scene-0103_002,1,Pedestrian,vru,27.301,5,ty,0.050,100.000,100.000
scene-0103_002,1,Pedestrian,vru,27.301,5,ty,0.100,100.000,100.000
scene-0103_002,2,Pedestrian,vru,19.984,8,yaw,0.000,100.000,100.000
scene-0103_002,2,Pedestrian,vru,19.984,8,yaw,0.500,100.000,87.500
scene-0103_002,2,Pedestrian,vru,19.984,8,yaw,1.000,100.000,75.000
scene-0103_002,2,Pedestrian,vru,19.984,8,yaw,2.000,100.000,0.000
scene-0103_002,2,Pedestrian,vru,19.984,8,yaw,3.000,100.000,0.000
scene-0103_002,2,Pedestrian,vru,19.984,8,pitch,0.000,100.000,100.000
scene-0103_002,2,Pedestrian,vru,19.984,8,pitch,0.500,100.000,100.000
scene-0103_002,2,Pedestrian,vru,19.984,8,pitch,1.000,100.000,100.000
scene-0103_002,2,Pedestrian,vru,19.984,8,pitch,2.000,100.000,87.500
scene-0103_002,2,Pedestrian,vru,19.984,8,pitch,3.000,100.000,87.500
scene-0103_002,2,Pedestrian,vru,19.984,8,roll,0.000,100.000,100.000
scene-0103_002,2,Pedestrian,vru,19.984,8,roll,0.500,100.000,100.000
scene-0103_002,2,Pedestrian,vru,19.984,8,roll,1.000,100.000,100.000
scene-0103_002,2,Pedestrian,vru,19.984,8,roll,2.000,100.000,50.000
scene-0103_002,2,Pedestrian,vru,19.984,8,roll,3.000,100.000,12.500
scene-0103_002,2,Pedestrian,vru,19.984,8,ty,0.000,100.000,100.000
scene-0103_002,2,Pedestrian,vru,19.984,8,ty,0.020,100.000,100.000
scene-0103_002,2,Pedestrian,vru,19.984,8,ty,0.050,100.000,100.000
scene-0103_002,2,Pedestrian,vru,19.984,8,ty,0.100,100.000,100.000
scene-0103_002,3,Pedestrian,vru,22.318,5,yaw,0.000,100.000,100.000
scene-0103_002,3,Pedestrian,vru,22.318,5,yaw,0.500,100.000,100.000
scene-0103_002,3,Pedestrian,vru,22.318,5,yaw,1.000,100.000,20.000
scene-0103_002,3,Pedestrian,vru,22.318,5,yaw,2.000,100.000,0.000
scene-0103_002,3,Pedestrian,vru,22.318,5,yaw,3.000,100.000,0.000
scene-0103_002,3,Pedestrian,vru,22.318,5,pitch,0.000,100.000,100.000
scene-0103_002,3,Pedestrian,vru,22.318,5,pitch,0.500,100.000,100.000
scene-0103_002,3,Pedestrian,vru,22.318,5,pitch,1.000,100.000,100.000
scene-0103_002,3,Pedestrian,vru,22.318,5,pitch,2.000,100.000,100.000
scene-0103_002,3,Pedestrian,vru,22.318,5,pitch,3.000,100.000,100.000
scene-0103_002,3,Pedestrian,vru,22.318,5,roll,0.000,100.000,100.000
scene-0103_002,3,Pedestrian,vru,22.318,5,roll,0.500,100.000,100.000
scene-0103_002,3,Pedestrian,vru,22.318,5,roll,1.000,100.000,100.000
scene-0103_002,3,Pedestrian,vru,22.318,5,roll,2.000,100.000,60.000
scene-0103_002,3,Pedestrian,vru,22.318,5,roll,3.000,100.000,60.000
scene-0103_002,3,Pedestrian,vru,22.318,5,ty,0.000,100.000,100.000
scene-0103_002,3,Pedestrian,vru,22.318,5,ty,0.020,100.000,100.000
scene-0103_002,3,Pedestrian,vru,22.318,5,ty,0.050,100.000,100.000
scene-0103_002,3,Pedestrian,vru,22.318,5,ty,0.100,100.000,100.000
scene-0103_002,4,Pedestrian,vru,24.534,5,yaw,0.000,100.000,80.000
scene-0103_002,4,Pedestrian,vru,24.534,5,yaw,0.500,100.000,40.000
scene-0103_002,4,Pedestrian,vru,24.534,5,yaw,1.000,100.000,0.000
scene-0103_002,4,Pedestrian,vru,24.534,5,yaw,2.000,100.000,0.000
scene-0103_002,4,Pedestrian,vru,24.534,5,yaw,3.000,100.000,0.000
scene-0103_002,4,Pedestrian,vru,24.534,5,pitch,0.000,100.000,80.000
scene-0103_002,4,Pedestrian,vru,24.534,5,pitch,0.500,100.000,80.000
scene-0103_002,4,Pedestrian,vru,24.534,5,pitch,1.000,100.000,80.000
scene-0103_002,4,Pedestrian,vru,24.534,5,pitch,2.000,100.000,80.000
scene-0103_002,4,Pedestrian,vru,24.534,5,pitch,3.000,100.000,60.000
scene-0103_002,4,Pedestrian,vru,24.534,5,roll,0.000,100.000,80.000
scene-0103_002,4,Pedestrian,vru,24.534,5,roll,0.500,100.000,80.000
scene-0103_002,4,Pedestrian,vru,24.534,5,roll,1.000,100.000,80.000
scene-0103_002,4,Pedestrian,vru,24.534,5,roll,2.000,100.000,20.000
scene-0103_002,4,Pedestrian,vru,24.534,5,roll,3.000,100.000,20.000
scene-0103_002,4,Pedestrian,vru,24.534,5,ty,0.000,100.000,80.000
scene-0103_002,4,Pedestrian,vru,24.534,5,ty,0.020,100.000,80.000
scene-0103_002,4,Pedestrian,vru,24.534,5,ty,0.050,100.000,80.000
scene-0103_002,4,Pedestrian,vru,24.534,5,ty,0.100,100.000,80.000
scene-0103_003,0,Pedestrian,vru,21.637,6,yaw,0.000,100.000,100.000
scene-0103_003,0,Pedestrian,vru,21.637,6,yaw,0.500,100.000,83.333
scene-0103_003,0,Pedestrian,vru,21.637,6,yaw,1.000,100.000,50.000
scene-0103_003,0,Pedestrian,vru,21.637,6,yaw,2.000,100.000,0.000
scene-0103_003,0,Pedestrian,vru,21.637,6,yaw,3.000,100.000,0.000
scene-0103_003,0,Pedestrian,vru,21.637,6,pitch,0.000,100.000,100.000
scene-0103_003,0,Pedestrian,vru,21.637,6,pitch,0.500,100.000,100.000
scene-0103_003,0,Pedestrian,vru,21.637,6,pitch,1.000,100.000,100.000
scene-0103_003,0,Pedestrian,vru,21.637,6,pitch,2.000,100.000,100.000
scene-0103_003,0,Pedestrian,vru,21.637,6,pitch,3.000,100.000,100.000
scene-0103_003,0,Pedestrian,vru,21.637,6,roll,0.000,100.000,100.000
scene-0103_003,0,Pedestrian,vru,21.637,6,roll,0.500,100.000,100.000
scene-0103_003,0,Pedestrian,vru,21.637,6,roll,1.000,100.000,100.000
scene-0103_003,0,Pedestrian,vru,21.637,6,roll,2.000,100.000,33.333
scene-0103_003,0,Pedestrian,vru,21.637,6,roll,3.000,100.000,33.333
scene-0103_003,0,Pedestrian,vru,21.637,6,ty,0.000,100.000,100.000
scene-0103_003,0,Pedestrian,vru,21.637,6,ty,0.020,100.000,100.000
scene-0103_003,0,Pedestrian,vru,21.637,6,ty,0.050,100.000,100.000
scene-0103_003,0,Pedestrian,vru,21.637,6,ty,0.100,100.000,100.000
scene-0103_003,1,Pedestrian,vru,14.682,23,yaw,0.000,100.000,95.652
scene-0103_003,1,Pedestrian,vru,14.682,23,yaw,0.500,100.000,91.304
scene-0103_003,1,Pedestrian,vru,14.682,23,yaw,1.000,100.000,69.565
scene-0103_003,1,Pedestrian,vru,14.682,23,yaw,2.000,100.000,26.087
scene-0103_003,1,Pedestrian,vru,14.682,23,yaw,3.000,100.000,0.000
scene-0103_003,1,Pedestrian,vru,14.682,23,pitch,0.000,100.000,95.652
scene-0103_003,1,Pedestrian,vru,14.682,23,pitch,0.500,100.000,78.261
scene-0103_003,1,Pedestrian,vru,14.682,23,pitch,1.000,100.000,56.522
scene-0103_003,1,Pedestrian,vru,14.682,23,pitch,2.000,100.000,56.522
scene-0103_003,1,Pedestrian,vru,14.682,23,pitch,3.000,100.000,56.522
scene-0103_003,1,Pedestrian,vru,14.682,23,roll,0.000,100.000,95.652
scene-0103_003,1,Pedestrian,vru,14.682,23,roll,0.500,100.000,95.652
scene-0103_003,1,Pedestrian,vru,14.682,23,roll,1.000,100.000,95.652
scene-0103_003,1,Pedestrian,vru,14.682,23,roll,2.000,100.000,91.304
scene-0103_003,1,Pedestrian,vru,14.682,23,roll,3.000,100.000,73.913
scene-0103_003,1,Pedestrian,vru,14.682,23,ty,0.000,100.000,95.652
scene-0103_003,1,Pedestrian,vru,14.682,23,ty,0.020,100.000,95.652
scene-0103_003,1,Pedestrian,vru,14.682,23,ty,0.050,100.000,95.652
scene-0103_003,1,Pedestrian,vru,14.682,23,ty,0.100,100.000,95.652
scene-0103_003,2,Pedestrian,vru,23.010,5,yaw,0.000,100.000,80.000
scene-0103_003,2,Pedestrian,vru,23.010,5,yaw,0.500,100.000,80.000
scene-0103_003,2,Pedestrian,vru,23.010,5,yaw,1.000,100.000,20.000
scene-0103_003,2,Pedestrian,vru,23.010,5,yaw,2.000,100.000,0.000
scene-0103_003,2,Pedestrian,vru,23.010,5,yaw,3.000,100.000,0.000
scene-0103_003,2,Pedestrian,vru,23.010,5,pitch,0.000,100.000,80.000
scene-0103_003,2,Pedestrian,vru,23.010,5,pitch,0.500,100.000,80.000
scene-0103_003,2,Pedestrian,vru,23.010,5,pitch,1.000,100.000,80.000
scene-0103_003,2,Pedestrian,vru,23.010,5,pitch,2.000,100.000,80.000
scene-0103_003,2,Pedestrian,vru,23.010,5,pitch,3.000,100.000,80.000
scene-0103_003,2,Pedestrian,vru,23.010,5,roll,0.000,100.000,80.000
scene-0103_003,2,Pedestrian,vru,23.010,5,roll,0.500,100.000,100.000
scene-0103_003,2,Pedestrian,vru,23.010,5,roll,1.000,100.000,100.000
scene-0103_003,2,Pedestrian,vru,23.010,5,roll,2.000,100.000,80.000
scene-0103_003,2,Pedestrian,vru,23.010,5,roll,3.000,100.000,20.000
scene-0103_003,2,Pedestrian,vru,23.010,5,ty,0.000,100.000,80.000
scene-0103_003,2,Pedestrian,vru,23.010,5,ty,0.020,100.000,80.000
scene-0103_003,2,Pedestrian,vru,23.010,5,ty,0.050,100.000,80.000
scene-0103_003,2,Pedestrian,vru,23.010,5,ty,0.100,100.000,80.000
scene-0103_003,3,Car,car,39.798,7,yaw,0.000,100.000,100.000
scene-0103_003,3,Car,car,39.798,7,yaw,0.500,100.000,85.714
scene-0103_003,3,Car,car,39.798,7,yaw,1.000,100.000,71.429
scene-0103_003,3,Car,car,39.798,7,yaw,2.000,100.000,28.571
scene-0103_003,3,Car,car,39.798,7,yaw,3.000,100.000,0.000
scene-0103_003,3,Car,car,39.798,7,pitch,0.000,100.000,100.000
scene-0103_003,3,Car,car,39.798,7,pitch,0.500,100.000,100.000
scene-0103_003,3,Car,car,39.798,7,pitch,1.000,100.000,100.000
scene-0103_003,3,Car,car,39.798,7,pitch,2.000,100.000,100.000
scene-0103_003,3,Car,car,39.798,7,pitch,3.000,100.000,100.000
scene-0103_003,3,Car,car,39.798,7,roll,0.000,100.000,100.000
scene-0103_003,3,Car,car,39.798,7,roll,0.500,100.000,100.000
scene-0103_003,3,Car,car,39.798,7,roll,1.000,100.000,100.000
scene-0103_003,3,Car,car,39.798,7,roll,2.000,100.000,0.000
scene-0103_003,3,Car,car,39.798,7,roll,3.000,100.000,0.000
scene-0103_003,3,Car,car,39.798,7,ty,0.000,100.000,100.000
scene-0103_003,3,Car,car,39.798,7,ty,0.020,100.000,100.000
scene-0103_003,3,Car,car,39.798,7,ty,0.050,100.000,100.000
scene-0103_003,3,Car,car,39.798,7,ty,0.100,100.000,100.000
scene-0103_003,4,Pedestrian,vru,17.860,8,yaw,0.000,100.000,100.000
scene-0103_003,4,Pedestrian,vru,17.860,8,yaw,0.500,100.000,100.000
scene-0103_003,4,Pedestrian,vru,17.860,8,yaw,1.000,100.000,62.500
scene-0103_003,4,Pedestrian,vru,17.860,8,yaw,2.000,100.000,0.000
scene-0103_003,4,Pedestrian,vru,17.860,8,yaw,3.000,100.000,0.000
scene-0103_003,4,Pedestrian,vru,17.860,8,pitch,0.000,100.000,100.000
scene-0103_003,4,Pedestrian,vru,17.860,8,pitch,0.500,100.000,100.000
scene-0103_003,4,Pedestrian,vru,17.860,8,pitch,1.000,100.000,100.000
scene-0103_003,4,Pedestrian,vru,17.860,8,pitch,2.000,100.000,100.000
scene-0103_003,4,Pedestrian,vru,17.860,8,pitch,3.000,100.000,75.000
scene-0103_003,4,Pedestrian,vru,17.860,8,roll,0.000,100.000,100.000
scene-0103_003,4,Pedestrian,vru,17.860,8,roll,0.500,100.000,100.000
scene-0103_003,4,Pedestrian,vru,17.860,8,roll,1.000,100.000,75.000
scene-0103_003,4,Pedestrian,vru,17.860,8,roll,2.000,100.000,75.000
scene-0103_003,4,Pedestrian,vru,17.860,8,roll,3.000,100.000,37.500
scene-0103_003,4,Pedestrian,vru,17.860,8,ty,0.000,100.000,100.000
scene-0103_003,4,Pedestrian,vru,17.860,8,ty,0.020,100.000,100.000
scene-0103_003,4,Pedestrian,vru,17.860,8,ty,0.050,100.000,100.000
scene-0103_003,4,Pedestrian,vru,17.860,8,ty,0.100,100.000,100.000
scene-0103_003,5,Pedestrian,vru,20.065,7,yaw,0.000,100.000,42.857
scene-0103_003,5,Pedestrian,vru,20.065,7,yaw,0.500,100.000,28.571
scene-0103_003,5,Pedestrian,vru,20.065,7,yaw,1.000,100.000,28.571
scene-0103_003,5,Pedestrian,vru,20.065,7,yaw,2.000,100.000,0.000
scene-0103_003,5,Pedestrian,vru,20.065,7,yaw,3.000,100.000,0.000
scene-0103_003,5,Pedestrian,vru,20.065,7,pitch,0.000,100.000,42.857
scene-0103_003,5,Pedestrian,vru,20.065,7,pitch,0.500,100.000,42.857
scene-0103_003,5,Pedestrian,vru,20.065,7,pitch,1.000,100.000,42.857
scene-0103_003,5,Pedestrian,vru,20.065,7,pitch,2.000,100.000,42.857
scene-0103_003,5,Pedestrian,vru,20.065,7,pitch,3.000,100.000,42.857
scene-0103_003,5,Pedestrian,vru,20.065,7,roll,0.000,100.000,42.857
scene-0103_003,5,Pedestrian,vru,20.065,7,roll,0.500,100.000,85.714
scene-0103_003,5,Pedestrian,vru,20.065,7,roll,1.000,100.000,85.714
scene-0103_003,5,Pedestrian,vru,20.065,7,roll,2.000,100.000,85.714
scene-0103_003,5,Pedestrian,vru,20.065,7,roll,3.000,100.000,42.857
scene-0103_003,5,Pedestrian,vru,20.065,7,ty,0.000,100.000,42.857
scene-0103_003,5,Pedestrian,vru,20.065,7,ty,0.020,100.000,42.857
scene-0103_003,5,Pedestrian,vru,20.065,7,ty,0.050,100.000,42.857
scene-0103_003,5,Pedestrian,vru,20.065,7,ty,0.100,100.000,42.857
scene-0103_003,6,Car,car,22.722,19,yaw,0.000,100.000,78.947
scene-0103_003,6,Car,car,22.722,19,yaw,0.500,100.000,73.684
scene-0103_003,6,Car,car,22.722,19,yaw,1.000,100.000,73.684
scene-0103_003,6,Car,car,22.722,19,yaw,2.000,100.000,68.421
scene-0103_003,6,Car,car,22.722,19,yaw,3.000,100.000,42.105
scene-0103_003,6,Car,car,22.722,19,pitch,0.000,100.000,78.947
scene-0103_003,6,Car,car,22.722,19,pitch,0.500,100.000,100.000
scene-0103_003,6,Car,car,22.722,19,pitch,1.000,100.000,100.000
scene-0103_003,6,Car,car,22.722,19,pitch,2.000,100.000,100.000
scene-0103_003,6,Car,car,22.722,19,pitch,3.000,100.000,100.000
scene-0103_003,6,Car,car,22.722,19,roll,0.000,100.000,78.947
scene-0103_003,6,Car,car,22.722,19,roll,0.500,100.000,100.000
scene-0103_003,6,Car,car,22.722,19,roll,1.000,100.000,89.474
scene-0103_003,6,Car,car,22.722,19,roll,2.000,100.000,89.474
scene-0103_003,6,Car,car,22.722,19,roll,3.000,100.000,78.947
scene-0103_003,6,Car,car,22.722,19,ty,0.000,100.000,78.947
scene-0103_003,6,Car,car,22.722,19,ty,0.020,100.000,84.211
scene-0103_003,6,Car,car,22.722,19,ty,0.050,100.000,84.211
scene-0103_003,6,Car,car,22.722,19,ty,0.100,100.000,89.474
scene-0103_004,0,Pedestrian,vru,18.697,6,yaw,0.000,100.000,100.000
scene-0103_004,0,Pedestrian,vru,18.697,6,yaw,0.500,100.000,66.667
scene-0103_004,0,Pedestrian,vru,18.697,6,yaw,1.000,100.000,66.667
scene-0103_004,0,Pedestrian,vru,18.697,6,yaw,2.000,100.000,0.000
scene-0103_004,0,Pedestrian,vru,18.697,6,yaw,3.000,100.000,0.000
scene-0103_004,0,Pedestrian,vru,18.697,6,pitch,0.000,100.000,100.000
scene-0103_004,0,Pedestrian,vru,18.697,6,pitch,0.500,100.000,100.000
scene-0103_004,0,Pedestrian,vru,18.697,6,pitch,1.000,100.000,100.000
scene-0103_004,0,Pedestrian,vru,18.697,6,pitch,2.000,100.000,100.000
scene-0103_004,0,Pedestrian,vru,18.697,6,pitch,3.000,100.000,100.000
scene-0103_004,0,Pedestrian,vru,18.697,6,roll,0.000,100.000,100.000
scene-0103_004,0,Pedestrian,vru,18.697,6,roll,0.500,100.000,100.000
scene-0103_004,0,Pedestrian,vru,18.697,6,roll,1.000,100.000,100.000
scene-0103_004,0,Pedestrian,vru,18.697,6,roll,2.000,100.000,50.000
scene-0103_004,0,Pedestrian,vru,18.697,6,roll,3.000,100.000,33.333
scene-0103_004,0,Pedestrian,vru,18.697,6,ty,0.000,100.000,100.000
scene-0103_004,0,Pedestrian,vru,18.697,6,ty,0.020,100.000,100.000
scene-0103_004,0,Pedestrian,vru,18.697,6,ty,0.050,100.000,100.000
scene-0103_004,0,Pedestrian,vru,18.697,6,ty,0.100,100.000,100.000
scene-0103_004,1,Pedestrian,vru,19.153,7,yaw,0.000,100.000,100.000
scene-0103_004,1,Pedestrian,vru,19.153,7,yaw,0.500,100.000,100.000
scene-0103_004,1,Pedestrian,vru,19.153,7,yaw,1.000,100.000,28.571
scene-0103_004,1,Pedestrian,vru,19.153,7,yaw,2.000,100.000,0.000
scene-0103_004,1,Pedestrian,vru,19.153,7,yaw,3.000,100.000,0.000
scene-0103_004,1,Pedestrian,vru,19.153,7,pitch,0.000,100.000,100.000
scene-0103_004,1,Pedestrian,vru,19.153,7,pitch,0.500,100.000,85.714
scene-0103_004,1,Pedestrian,vru,19.153,7,pitch,1.000,100.000,85.714
scene-0103_004,1,Pedestrian,vru,19.153,7,pitch,2.000,100.000,85.714
scene-0103_004,1,Pedestrian,vru,19.153,7,pitch,3.000,100.000,85.714
scene-0103_004,1,Pedestrian,vru,19.153,7,roll,0.000,100.000,100.000
scene-0103_004,1,Pedestrian,vru,19.153,7,roll,0.500,100.000,100.000
scene-0103_004,1,Pedestrian,vru,19.153,7,roll,1.000,100.000,100.000
scene-0103_004,1,Pedestrian,vru,19.153,7,roll,2.000,100.000,57.143
scene-0103_004,1,Pedestrian,vru,19.153,7,roll,3.000,100.000,57.143
scene-0103_004,1,Pedestrian,vru,19.153,7,ty,0.000,100.000,100.000
scene-0103_004,1,Pedestrian,vru,19.153,7,ty,0.020,100.000,100.000
scene-0103_004,1,Pedestrian,vru,19.153,7,ty,0.050,100.000,100.000
scene-0103_004,1,Pedestrian,vru,19.153,7,ty,0.100,100.000,100.000
scene-0103_004,2,Pedestrian,vru,13.492,17,yaw,0.000,100.000,100.000
scene-0103_004,2,Pedestrian,vru,13.492,17,yaw,0.500,100.000,100.000
scene-0103_004,2,Pedestrian,vru,13.492,17,yaw,1.000,100.000,94.118
scene-0103_004,2,Pedestrian,vru,13.492,17,yaw,2.000,100.000,41.176
scene-0103_004,2,Pedestrian,vru,13.492,17,yaw,3.000,70.588,0.000
scene-0103_004,2,Pedestrian,vru,13.492,17,pitch,0.000,100.000,100.000
scene-0103_004,2,Pedestrian,vru,13.492,17,pitch,0.500,100.000,100.000
scene-0103_004,2,Pedestrian,vru,13.492,17,pitch,1.000,100.000,100.000
scene-0103_004,2,Pedestrian,vru,13.492,17,pitch,2.000,100.000,100.000
scene-0103_004,2,Pedestrian,vru,13.492,17,pitch,3.000,100.000,88.235
scene-0103_004,2,Pedestrian,vru,13.492,17,roll,0.000,100.000,100.000
scene-0103_004,2,Pedestrian,vru,13.492,17,roll,0.500,100.000,100.000
scene-0103_004,2,Pedestrian,vru,13.492,17,roll,1.000,100.000,100.000
scene-0103_004,2,Pedestrian,vru,13.492,17,roll,2.000,100.000,88.235
scene-0103_004,2,Pedestrian,vru,13.492,17,roll,3.000,100.000,88.235
scene-0103_004,2,Pedestrian,vru,13.492,17,ty,0.000,100.000,100.000
scene-0103_004,2,Pedestrian,vru,13.492,17,ty,0.020,100.000,100.000
scene-0103_004,2,Pedestrian,vru,13.492,17,ty,0.050,100.000,100.000
scene-0103_004,2,Pedestrian,vru,13.492,17,ty,0.100,100.000,100.000
scene-0103_004,3,Pedestrian,vru,15.704,9,yaw,0.000,100.000,100.000
scene-0103_004,3,Pedestrian,vru,15.704,9,yaw,0.500,100.000,100.000
scene-0103_004,3,Pedestrian,vru,15.704,9,yaw,1.000,100.000,77.778
scene-0103_004,3,Pedestrian,vru,15.704,9,yaw,2.000,100.000,0.000
scene-0103_004,3,Pedestrian,vru,15.704,9,yaw,3.000,100.000,0.000
scene-0103_004,3,Pedestrian,vru,15.704,9,pitch,0.000,100.000,100.000
scene-0103_004,3,Pedestrian,vru,15.704,9,pitch,0.500,100.000,100.000
scene-0103_004,3,Pedestrian,vru,15.704,9,pitch,1.000,100.000,88.889
scene-0103_004,3,Pedestrian,vru,15.704,9,pitch,2.000,100.000,88.889
scene-0103_004,3,Pedestrian,vru,15.704,9,pitch,3.000,100.000,88.889
scene-0103_004,3,Pedestrian,vru,15.704,9,roll,0.000,100.000,100.000
scene-0103_004,3,Pedestrian,vru,15.704,9,roll,0.500,100.000,100.000
scene-0103_004,3,Pedestrian,vru,15.704,9,roll,1.000,100.000,100.000
scene-0103_004,3,Pedestrian,vru,15.704,9,roll,2.000,100.000,77.778
scene-0103_004,3,Pedestrian,vru,15.704,9,roll,3.000,100.000,66.667
scene-0103_004,3,Pedestrian,vru,15.704,9,ty,0.000,100.000,100.000
scene-0103_004,3,Pedestrian,vru,15.704,9,ty,0.020,100.000,100.000
scene-0103_004,3,Pedestrian,vru,15.704,9,ty,0.050,100.000,100.000
scene-0103_004,3,Pedestrian,vru,15.704,9,ty,0.100,100.000,100.000
scene-0103_004,4,Pedestrian,vru,21.258,5,yaw,0.000,100.000,60.000
scene-0103_004,4,Pedestrian,vru,21.258,5,yaw,0.500,100.000,60.000
scene-0103_004,4,Pedestrian,vru,21.258,5,yaw,1.000,100.000,0.000
scene-0103_004,4,Pedestrian,vru,21.258,5,yaw,2.000,100.000,0.000
scene-0103_004,4,Pedestrian,vru,21.258,5,yaw,3.000,100.000,0.000
scene-0103_004,4,Pedestrian,vru,21.258,5,pitch,0.000,100.000,60.000
scene-0103_004,4,Pedestrian,vru,21.258,5,pitch,0.500,100.000,60.000
scene-0103_004,4,Pedestrian,vru,21.258,5,pitch,1.000,100.000,60.000
scene-0103_004,4,Pedestrian,vru,21.258,5,pitch,2.000,100.000,60.000
scene-0103_004,4,Pedestrian,vru,21.258,5,pitch,3.000,100.000,60.000
scene-0103_004,4,Pedestrian,vru,21.258,5,roll,0.000,100.000,60.000
scene-0103_004,4,Pedestrian,vru,21.258,5,roll,0.500,100.000,100.000
scene-0103_004,4,Pedestrian,vru,21.258,5,roll,1.000,100.000,100.000
scene-0103_004,4,Pedestrian,vru,21.258,5,roll,2.000,100.000,60.000
scene-0103_004,4,Pedestrian,vru,21.258,5,roll,3.000,100.000,60.000
scene-0103_004,4,Pedestrian,vru,21.258,5,ty,0.000,100.000,60.000
scene-0103_004,4,Pedestrian,vru,21.258,5,ty,0.020,100.000,60.000
scene-0103_004,4,Pedestrian,vru,21.258,5,ty,0.050,100.000,60.000
scene-0103_004,4,Pedestrian,vru,21.258,5,ty,0.100,100.000,60.000
scene-0103_004,5,Car,car,13.888,64,yaw,0.000,100.000,100.000
scene-0103_004,5,Car,car,13.888,64,yaw,0.500,100.000,100.000
scene-0103_004,5,Car,car,13.888,64,yaw,1.000,100.000,100.000
scene-0103_004,5,Car,car,13.888,64,yaw,2.000,100.000,96.875
scene-0103_004,5,Car,car,13.888,64,yaw,3.000,100.000,90.625
scene-0103_004,5,Car,car,13.888,64,pitch,0.000,100.000,100.000
scene-0103_004,5,Car,car,13.888,64,pitch,0.500,100.000,100.000
scene-0103_004,5,Car,car,13.888,64,pitch,1.000,100.000,100.000
scene-0103_004,5,Car,car,13.888,64,pitch,2.000,100.000,100.000
scene-0103_004,5,Car,car,13.888,64,pitch,3.000,100.000,100.000
scene-0103_004,5,Car,car,13.888,64,roll,0.000,100.000,100.000
scene-0103_004,5,Car,car,13.888,64,roll,0.500,100.000,100.000
scene-0103_004,5,Car,car,13.888,64,roll,1.000,100.000,100.000
scene-0103_004,5,Car,car,13.888,64,roll,2.000,100.000,93.750
scene-0103_004,5,Car,car,13.888,64,roll,3.000,100.000,87.500
scene-0103_004,5,Car,car,13.888,64,ty,0.000,100.000,100.000
scene-0103_004,5,Car,car,13.888,64,ty,0.020,100.000,100.000
scene-0103_004,5,Car,car,13.888,64,ty,0.050,100.000,100.000
scene-0103_004,5,Car,car,13.888,64,ty,0.100,100.000,100.000
scene-0103_004,6,Car,car,48.293,5,yaw,0.000,100.000,100.000
scene-0103_004,6,Car,car,48.293,5,yaw,0.500,100.000,100.000
scene-0103_004,6,Car,car,48.293,5,yaw,1.000,100.000,80.000
scene-0103_004,6,Car,car,48.293,5,yaw,2.000,100.000,20.000
scene-0103_004,6,Car,car,48.293,5,yaw,3.000,100.000,0.000
scene-0103_004,6,Car,car,48.293,5,pitch,0.000,100.000,100.000
scene-0103_004,6,Car,car,48.293,5,pitch,0.500,100.000,100.000
scene-0103_004,6,Car,car,48.293,5,pitch,1.000,100.000,100.000
scene-0103_004,6,Car,car,48.293,5,pitch,2.000,100.000,100.000
scene-0103_004,6,Car,car,48.293,5,pitch,3.000,100.000,0.000
scene-0103_004,6,Car,car,48.293,5,roll,0.000,100.000,100.000
scene-0103_004,6,Car,car,48.293,5,roll,0.500,100.000,100.000
scene-0103_004,6,Car,car,48.293,5,roll,1.000,100.000,100.000
scene-0103_004,6,Car,car,48.293,5,roll,2.000,100.000,0.000
scene-0103_004,6,Car,car,48.293,5,roll,3.000,100.000,0.000
scene-0103_004,6,Car,car,48.293,5,ty,0.000,100.000,100.000
scene-0103_004,6,Car,car,48.293,5,ty,0.020,100.000,100.000
scene-0103_004,6,Car,car,48.293,5,ty,0.050,100.000,100.000
scene-0103_004,6,Car,car,48.293,5,ty,0.100,100.000,100.000
scene-0103_005,0,Pedestrian,vru,14.213,13,yaw,0.000,100.000,100.000
scene-0103_005,0,Pedestrian,vru,14.213,13,yaw,0.500,100.000,100.000
scene-0103_005,0,Pedestrian,vru,14.213,13,yaw,1.000,100.000,92.308
scene-0103_005,0,Pedestrian,vru,14.213,13,yaw,2.000,100.000,15.385
scene-0103_005,0,Pedestrian,vru,14.213,13,yaw,3.000,100.000,0.000
scene-0103_005,0,Pedestrian,vru,14.213,13,pitch,0.000,100.000,100.000
scene-0103_005,0,Pedestrian,vru,14.213,13,pitch,0.500,100.000,100.000
scene-0103_005,0,Pedestrian,vru,14.213,13,pitch,1.000,100.000,100.000
scene-0103_005,0,Pedestrian,vru,14.213,13,pitch,2.000,100.000,100.000
scene-0103_005,0,Pedestrian,vru,14.213,13,pitch,3.000,100.000,84.615
scene-0103_005,0,Pedestrian,vru,14.213,13,roll,0.000,100.000,100.000
scene-0103_005,0,Pedestrian,vru,14.213,13,roll,0.500,100.000,100.000
scene-0103_005,0,Pedestrian,vru,14.213,13,roll,1.000,100.000,84.615
scene-0103_005,0,Pedestrian,vru,14.213,13,roll,2.000,100.000,84.615
scene-0103_005,0,Pedestrian,vru,14.213,13,roll,3.000,100.000,46.154
scene-0103_005,0,Pedestrian,vru,14.213,13,ty,0.000,100.000,100.000
scene-0103_005,0,Pedestrian,vru,14.213,13,ty,0.020,100.000,100.000
scene-0103_005,0,Pedestrian,vru,14.213,13,ty,0.050,100.000,100.000
scene-0103_005,0,Pedestrian,vru,14.213,13,ty,0.100,100.000,100.000
scene-0103_005,1,Pedestrian,vru,14.609,9,yaw,0.000,100.000,100.000
scene-0103_005,1,Pedestrian,vru,14.609,9,yaw,0.500,100.000,100.000
scene-0103_005,1,Pedestrian,vru,14.609,9,yaw,1.000,100.000,44.444
scene-0103_005,1,Pedestrian,vru,14.609,9,yaw,2.000,100.000,0.000
scene-0103_005,1,Pedestrian,vru,14.609,9,yaw,3.000,100.000,0.000
scene-0103_005,1,Pedestrian,vru,14.609,9,pitch,0.000,100.000,100.000
scene-0103_005,1,Pedestrian,vru,14.609,9,pitch,0.500,100.000,100.000
scene-0103_005,1,Pedestrian,vru,14.609,9,pitch,1.000,100.000,100.000
scene-0103_005,1,Pedestrian,vru,14.609,9,pitch,2.000,100.000,77.778
scene-0103_005,1,Pedestrian,vru,14.609,9,pitch,3.000,100.000,77.778
scene-0103_005,1,Pedestrian,vru,14.609,9,roll,0.000,100.000,100.000
scene-0103_005,1,Pedestrian,vru,14.609,9,roll,0.500,100.000,100.000
scene-0103_005,1,Pedestrian,vru,14.609,9,roll,1.000,100.000,100.000
scene-0103_005,1,Pedestrian,vru,14.609,9,roll,2.000,100.000,100.000
scene-0103_005,1,Pedestrian,vru,14.609,9,roll,3.000,100.000,66.667
scene-0103_005,1,Pedestrian,vru,14.609,9,ty,0.000,100.000,100.000
scene-0103_005,1,Pedestrian,vru,14.609,9,ty,0.020,100.000,100.000
scene-0103_005,1,Pedestrian,vru,14.609,9,ty,0.050,100.000,100.000
scene-0103_005,1,Pedestrian,vru,14.609,9,ty,0.100,100.000,100.000
scene-0103_005,2,Car,car,31.016,5,yaw,0.000,100.000,0.000
scene-0103_005,2,Car,car,31.016,5,yaw,0.500,100.000,0.000
scene-0103_005,2,Car,car,31.016,5,yaw,1.000,100.000,0.000
scene-0103_005,2,Car,car,31.016,5,yaw,2.000,100.000,0.000
scene-0103_005,2,Car,car,31.016,5,yaw,3.000,100.000,0.000
scene-0103_005,2,Car,car,31.016,5,pitch,0.000,100.000,0.000
scene-0103_005,2,Car,car,31.016,5,pitch,0.500,100.000,0.000
scene-0103_005,2,Car,car,31.016,5,pitch,1.000,100.000,0.000
scene-0103_005,2,Car,car,31.016,5,pitch,2.000,100.000,0.000
scene-0103_005,2,Car,car,31.016,5,pitch,3.000,100.000,0.000
scene-0103_005,2,Car,car,31.016,5,roll,0.000,100.000,0.000
scene-0103_005,2,Car,car,31.016,5,roll,0.500,100.000,100.000
scene-0103_005,2,Car,car,31.016,5,roll,1.000,100.000,100.000
scene-0103_005,2,Car,car,31.016,5,roll,2.000,100.000,100.000
scene-0103_005,2,Car,car,31.016,5,roll,3.000,100.000,100.000
scene-0103_005,2,Car,car,31.016,5,ty,0.000,100.000,0.000
scene-0103_005,2,Car,car,31.016,5,ty,0.020,100.000,0.000
scene-0103_005,2,Car,car,31.016,5,ty,0.050,100.000,0.000
scene-0103_005,2,Car,car,31.016,5,ty,0.100,100.000,0.000
scene-0103_005,3,Car,car,29.990,9,yaw,0.000,100.000,100.000
scene-0103_005,3,Car,car,29.990,9,yaw,0.500,100.000,100.000
scene-0103_005,3,Car,car,29.990,9,yaw,1.000,100.000,88.889
scene-0103_005,3,Car,car,29.990,9,yaw,2.000,100.000,77.778
scene-0103_005,3,Car,car,29.990,9,yaw,3.000,100.000,44.444
scene-0103_005,3,Car,car,29.990,9,pitch,0.000,100.000,100.000
scene-0103_005,3,Car,car,29.990,9,pitch,0.500,100.000,100.000
scene-0103_005,3,Car,car,29.990,9,pitch,1.000,100.000,100.000
scene-0103_005,3,Car,car,29.990,9,pitch,2.000,100.000,100.000
scene-0103_005,3,Car,car,29.990,9,pitch,3.000,100.000,100.000
scene-0103_005,3,Car,car,29.990,9,roll,0.000,100.000,100.000
scene-0103_005,3,Car,car,29.990,9,roll,0.500,100.000,100.000
scene-0103_005,3,Car,car,29.990,9,roll,1.000,100.000,100.000
scene-0103_005,3,Car,car,29.990,9,roll,2.000,100.000,77.778
scene-0103_005,3,Car,car,29.990,9,roll,3.000,100.000,77.778
scene-0103_005,3,Car,car,29.990,9,ty,0.000,100.000,100.000
scene-0103_005,3,Car,car,29.990,9,ty,0.020,100.000,100.000
scene-0103_005,3,Car,car,29.990,9,ty,0.050,100.000,100.000
scene-0103_005,3,Car,car,29.990,9,ty,0.100,100.000,100.000
scene-0103_005,4,Pedestrian,vru,16.758,7,yaw,0.000,100.000,100.000
scene-0103_005,4,Pedestrian,vru,16.758,7,yaw,0.500,100.000,100.000
scene-0103_005,4,Pedestrian,vru,16.758,7,yaw,1.000,100.000,71.429
scene-0103_005,4,Pedestrian,vru,16.758,7,yaw,2.000,100.000,0.000
scene-0103_005,4,Pedestrian,vru,16.758,7,yaw,3.000,100.000,0.000
scene-0103_005,4,Pedestrian,vru,16.758,7,pitch,0.000,100.000,100.000
scene-0103_005,4,Pedestrian,vru,16.758,7,pitch,0.500,100.000,100.000
scene-0103_005,4,Pedestrian,vru,16.758,7,pitch,1.000,100.000,85.714
scene-0103_005,4,Pedestrian,vru,16.758,7,pitch,2.000,100.000,85.714
scene-0103_005,4,Pedestrian,vru,16.758,7,pitch,3.000,100.000,85.714
scene-0103_005,4,Pedestrian,vru,16.758,7,roll,0.000,100.000,100.000
scene-0103_005,4,Pedestrian,vru,16.758,7,roll,0.500,100.000,100.000
scene-0103_005,4,Pedestrian,vru,16.758,7,roll,1.000,100.000,85.714
scene-0103_005,4,Pedestrian,vru,16.758,7,roll,2.000,100.000,85.714
scene-0103_005,4,Pedestrian,vru,16.758,7,roll,3.000,100.000,42.857
scene-0103_005,4,Pedestrian,vru,16.758,7,ty,0.000,100.000,100.000
scene-0103_005,4,Pedestrian,vru,16.758,7,ty,0.020,100.000,100.000
scene-0103_005,4,Pedestrian,vru,16.758,7,ty,0.050,100.000,100.000
scene-0103_005,4,Pedestrian,vru,16.758,7,ty,0.100,100.000,100.000
scene-0103_005,5,Car,car,44.171,6,yaw,0.000,100.000,0.000
scene-0103_005,5,Car,car,44.171,6,yaw,0.500,100.000,0.000
scene-0103_005,5,Car,car,44.171,6,yaw,1.000,100.000,0.000
scene-0103_005,5,Car,car,44.171,6,yaw,2.000,100.000,0.000
scene-0103_005,5,Car,car,44.171,6,yaw,3.000,100.000,0.000
scene-0103_005,5,Car,car,44.171,6,pitch,0.000,100.000,0.000
scene-0103_005,5,Car,car,44.171,6,pitch,0.500,100.000,0.000
scene-0103_005,5,Car,car,44.171,6,pitch,1.000,100.000,0.000
scene-0103_005,5,Car,car,44.171,6,pitch,2.000,100.000,0.000
scene-0103_005,5,Car,car,44.171,6,pitch,3.000,100.000,0.000
scene-0103_005,5,Car,car,44.171,6,roll,0.000,100.000,0.000
scene-0103_005,5,Car,car,44.171,6,roll,0.500,100.000,100.000
scene-0103_005,5,Car,car,44.171,6,roll,1.000,100.000,100.000
scene-0103_005,5,Car,car,44.171,6,roll,2.000,100.000,100.000
scene-0103_005,5,Car,car,44.171,6,roll,3.000,100.000,0.000
scene-0103_005,5,Car,car,44.171,6,ty,0.000,100.000,0.000
scene-0103_005,5,Car,car,44.171,6,ty,0.020,100.000,0.000
scene-0103_005,5,Car,car,44.171,6,ty,0.050,100.000,0.000
scene-0103_005,5,Car,car,44.171,6,ty,0.100,100.000,0.000
scene-0103_006,0,Car,car,40.146,6,yaw,0.000,100.000,100.000
scene-0103_006,0,Car,car,40.146,6,yaw,0.500,100.000,100.000
scene-0103_006,0,Car,car,40.146,6,yaw,1.000,100.000,66.667
scene-0103_006,0,Car,car,40.146,6,yaw,2.000,100.000,16.667
scene-0103_006,0,Car,car,40.146,6,yaw,3.000,100.000,0.000
scene-0103_006,0,Car,car,40.146,6,pitch,0.000,100.000,100.000
scene-0103_006,0,Car,car,40.146,6,pitch,0.500,100.000,100.000
scene-0103_006,0,Car,car,40.146,6,pitch,1.000,100.000,100.000
scene-0103_006,0,Car,car,40.146,6,pitch,2.000,100.000,100.000
scene-0103_006,0,Car,car,40.146,6,pitch,3.000,100.000,100.000
scene-0103_006,0,Car,car,40.146,6,roll,0.000,100.000,100.000
scene-0103_006,0,Car,car,40.146,6,roll,0.500,100.000,100.000
scene-0103_006,0,Car,car,40.146,6,roll,1.000,100.000,100.000
scene-0103_006,0,Car,car,40.146,6,roll,2.000,100.000,0.000
scene-0103_006,0,Car,car,40.146,6,roll,3.000,100.000,0.000
scene-0103_006,0,Car,car,40.146,6,ty,0.000,100.000,100.000
scene-0103_006,0,Car,car,40.146,6,ty,0.020,100.000,100.000
scene-0103_006,0,Car,car,40.146,6,ty,0.050,100.000,100.000
scene-0103_006,0,Car,car,40.146,6,ty,0.100,100.000,100.000
scene-0103_006,1,Car,car,22.247,27,yaw,0.000,100.000,70.370
scene-0103_006,1,Car,car,22.247,27,yaw,0.500,100.000,66.667
scene-0103_006,1,Car,car,22.247,27,yaw,1.000,100.000,62.963
scene-0103_006,1,Car,car,22.247,27,yaw,2.000,100.000,51.852
scene-0103_006,1,Car,car,22.247,27,yaw,3.000,100.000,40.741
scene-0103_006,1,Car,car,22.247,27,pitch,0.000,100.000,70.370
scene-0103_006,1,Car,car,22.247,27,pitch,0.500,100.000,70.370
scene-0103_006,1,Car,car,22.247,27,pitch,1.000,100.000,100.000
scene-0103_006,1,Car,car,22.247,27,pitch,2.000,100.000,100.000
scene-0103_006,1,Car,car,22.247,27,pitch,3.000,100.000,100.000
scene-0103_006,1,Car,car,22.247,27,roll,0.000,100.000,70.370
scene-0103_006,1,Car,car,22.247,27,roll,0.500,100.000,100.000
scene-0103_006,1,Car,car,22.247,27,roll,1.000,100.000,100.000
scene-0103_006,1,Car,car,22.247,27,roll,2.000,100.000,92.593
scene-0103_006,1,Car,car,22.247,27,roll,3.000,100.000,92.593
scene-0103_006,1,Car,car,22.247,27,ty,0.000,100.000,70.370
scene-0103_006,1,Car,car,22.247,27,ty,0.020,100.000,70.370
scene-0103_006,1,Car,car,22.247,27,ty,0.050,100.000,70.370
scene-0103_006,1,Car,car,22.247,27,ty,0.100,100.000,70.370
scene-0103_006,2,Car,car,25.350,14,yaw,0.000,100.000,100.000
scene-0103_006,2,Car,car,25.350,14,yaw,0.500,100.000,100.000
scene-0103_006,2,Car,car,25.350,14,yaw,1.000,100.000,100.000
scene-0103_006,2,Car,car,25.350,14,yaw,2.000,100.000,78.571
scene-0103_006,2,Car,car,25.350,14,yaw,3.000,100.000,57.143
scene-0103_006,2,Car,car,25.350,14,pitch,0.000,100.000,100.000
scene-0103_006,2,Car,car,25.350,14,pitch,0.500,100.000,100.000
scene-0103_006,2,Car,car,25.350,14,pitch,1.000,100.000,100.000
scene-0103_006,2,Car,car,25.350,14,pitch,2.000,100.000,100.000
scene-0103_006,2,Car,car,25.350,14,pitch,3.000,100.000,100.000
scene-0103_006,2,Car,car,25.350,14,roll,0.000,100.000,100.000
scene-0103_006,2,Car,car,25.350,14,roll,0.500,100.000,100.000
scene-0103_006,2,Car,car,25.350,14,roll,1.000,100.000,100.000
scene-0103_006,2,Car,car,25.350,14,roll,2.000,100.000,92.857
scene-0103_006,2,Car,car,25.350,14,roll,3.000,100.000,92.857
scene-0103_006,2,Car,car,25.350,14,ty,0.000,100.000,100.000
scene-0103_006,2,Car,car,25.350,14,ty,0.020,100.000,100.000
scene-0103_006,2,Car,car,25.350,14,ty,0.050,100.000,100.000
scene-0103_006,2,Car,car,25.350,14,ty,0.100,100.000,100.000
scene-0103_007,0,Car,car,40.313,6,yaw,0.000,100.000,16.667
scene-0103_007,0,Car,car,40.313,6,yaw,0.500,100.000,16.667
scene-0103_007,0,Car,car,40.313,6,yaw,1.000,100.000,16.667
scene-0103_007,0,Car,car,40.313,6,yaw,2.000,100.000,16.667
scene-0103_007,0,Car,car,40.313,6,yaw,3.000,100.000,0.000
scene-0103_007,0,Car,car,40.313,6,pitch,0.000,100.000,16.667
scene-0103_007,0,Car,car,40.313,6,pitch,0.500,100.000,16.667
scene-0103_007,0,Car,car,40.313,6,pitch,1.000,100.000,16.667
scene-0103_007,0,Car,car,40.313,6,pitch,2.000,100.000,16.667
scene-0103_007,0,Car,car,40.313,6,pitch,3.000,100.000,16.667
scene-0103_007,0,Car,car,40.313,6,roll,0.000,100.000,16.667
scene-0103_007,0,Car,car,40.313,6,roll,0.500,100.000,100.000
scene-0103_007,0,Car,car,40.313,6,roll,1.000,100.000,83.333
scene-0103_007,0,Car,car,40.313,6,roll,2.000,100.000,83.333
scene-0103_007,0,Car,car,40.313,6,roll,3.000,100.000,0.000
scene-0103_007,0,Car,car,40.313,6,ty,0.000,100.000,16.667
scene-0103_007,0,Car,car,40.313,6,ty,0.020,100.000,16.667
scene-0103_007,0,Car,car,40.313,6,ty,0.050,100.000,16.667
scene-0103_007,0,Car,car,40.313,6,ty,0.100,100.000,16.667
scene-0103_007,1,Car,car,12.687,122,yaw,0.000,100.000,100.000
scene-0103_007,1,Car,car,12.687,122,yaw,0.500,100.000,100.000
scene-0103_007,1,Car,car,12.687,122,yaw,1.000,100.000,99.180
scene-0103_007,1,Car,car,12.687,122,yaw,2.000,100.000,94.262
scene-0103_007,1,Car,car,12.687,122,yaw,3.000,100.000,88.525
scene-0103_007,1,Car,car,12.687,122,pitch,0.000,100.000,100.000
scene-0103_007,1,Car,car,12.687,122,pitch,0.500,100.000,100.000
scene-0103_007,1,Car,car,12.687,122,pitch,1.000,100.000,100.000
scene-0103_007,1,Car,car,12.687,122,pitch,2.000,100.000,100.000
scene-0103_007,1,Car,car,12.687,122,pitch,3.000,100.000,96.721
scene-0103_007,1,Car,car,12.687,122,roll,0.000,100.000,100.000
scene-0103_007,1,Car,car,12.687,122,roll,0.500,100.000,100.000
scene-0103_007,1,Car,car,12.687,122,roll,1.000,100.000,96.721
scene-0103_007,1,Car,car,12.687,122,roll,2.000,100.000,95.082
scene-0103_007,1,Car,car,12.687,122,roll,3.000,100.000,92.623
scene-0103_007,1,Car,car,12.687,122,ty,0.000,100.000,100.000
scene-0103_007,1,Car,car,12.687,122,ty,0.020,100.000,100.000
scene-0103_007,1,Car,car,12.687,122,ty,0.050,100.000,100.000
scene-0103_007,1,Car,car,12.687,122,ty,0.100,100.000,100.000
scene-0103_007,2,Car,car,35.881,8,yaw,0.000,100.000,100.000
scene-0103_007,2,Car,car,35.881,8,yaw,0.500,100.000,100.000
scene-0103_007,2,Car,car,35.881,8,yaw,1.000,100.000,100.000
scene-0103_007,2,Car,car,35.881,8,yaw,2.000,100.000,62.500
scene-0103_007,2,Car,car,35.881,8,yaw,3.000,100.000,25.000
scene-0103_007,2,Car,car,35.881,8,pitch,0.000,100.000,100.000
scene-0103_007,2,Car,car,35.881,8,pitch,0.500,100.000,100.000
scene-0103_007,2,Car,car,35.881,8,pitch,1.000,100.000,100.000
scene-0103_007,2,Car,car,35.881,8,pitch,2.000,100.000,100.000
scene-0103_007,2,Car,car,35.881,8,pitch,3.000,100.000,25.000
scene-0103_007,2,Car,car,35.881,8,roll,0.000,100.000,100.000
scene-0103_007,2,Car,car,35.881,8,roll,0.500,100.000,100.000
scene-0103_007,2,Car,car,35.881,8,roll,1.000,100.000,100.000
scene-0103_007,2,Car,car,35.881,8,roll,2.000,100.000,100.000
scene-0103_007,2,Car,car,35.881,8,roll,3.000,100.000,0.000
scene-0103_007,2,Car,car,35.881,8,ty,0.000,100.000,100.000
scene-0103_007,2,Car,car,35.881,8,ty,0.020,100.000,100.000
scene-0103_007,2,Car,car,35.881,8,ty,0.050,100.000,100.000
scene-0103_007,2,Car,car,35.881,8,ty,0.100,100.000,100.000
scene-0103_007,3,Pedestrian,vru,29.757,5,yaw,0.000,100.000,100.000
scene-0103_007,3,Pedestrian,vru,29.757,5,yaw,0.500,100.000,100.000
scene-0103_007,3,Pedestrian,vru,29.757,5,yaw,1.000,100.000,60.000
scene-0103_007,3,Pedestrian,vru,29.757,5,yaw,2.000,100.000,0.000
scene-0103_007,3,Pedestrian,vru,29.757,5,yaw,3.000,100.000,0.000
scene-0103_007,3,Pedestrian,vru,29.757,5,pitch,0.000,100.000,100.000
scene-0103_007,3,Pedestrian,vru,29.757,5,pitch,0.500,100.000,100.000
scene-0103_007,3,Pedestrian,vru,29.757,5,pitch,1.000,100.000,60.000
scene-0103_007,3,Pedestrian,vru,29.757,5,pitch,2.000,100.000,60.000
scene-0103_007,3,Pedestrian,vru,29.757,5,pitch,3.000,100.000,60.000
scene-0103_007,3,Pedestrian,vru,29.757,5,roll,0.000,100.000,100.000
scene-0103_007,3,Pedestrian,vru,29.757,5,roll,0.500,100.000,100.000
scene-0103_007,3,Pedestrian,vru,29.757,5,roll,1.000,100.000,100.000
scene-0103_007,3,Pedestrian,vru,29.757,5,roll,2.000,100.000,40.000
scene-0103_007,3,Pedestrian,vru,29.757,5,roll,3.000,100.000,40.000
scene-0103_007,3,Pedestrian,vru,29.757,5,ty,0.000,100.000,100.000
scene-0103_007,3,Pedestrian,vru,29.757,5,ty,0.020,100.000,100.000
scene-0103_007,3,Pedestrian,vru,29.757,5,ty,0.050,100.000,100.000
scene-0103_007,3,Pedestrian,vru,29.757,5,ty,0.100,100.000,100.000
scene-0103_008,0,Car,car,32.492,5,yaw,0.000,100.000,100.000
scene-0103_008,0,Car,car,32.492,5,yaw,0.500,100.000,100.000
scene-0103_008,0,Car,car,32.492,5,yaw,1.000,100.000,100.000
scene-0103_008,0,Car,car,32.492,5,yaw,2.000,100.000,80.000
scene-0103_008,0,Car,car,32.492,5,yaw,3.000,100.000,40.000
scene-0103_008,0,Car,car,32.492,5,pitch,0.000,100.000,100.000
scene-0103_008,0,Car,car,32.492,5,pitch,0.500,100.000,100.000
scene-0103_008,0,Car,car,32.492,5,pitch,1.000,100.000,100.000
scene-0103_008,0,Car,car,32.492,5,pitch,2.000,100.000,100.000
scene-0103_008,0,Car,car,32.492,5,pitch,3.000,100.000,100.000
scene-0103_008,0,Car,car,32.492,5,roll,0.000,100.000,100.000
scene-0103_008,0,Car,car,32.492,5,roll,0.500,100.000,100.000
scene-0103_008,0,Car,car,32.492,5,roll,1.000,100.000,100.000
scene-0103_008,0,Car,car,32.492,5,roll,2.000,100.000,100.000
scene-0103_008,0,Car,car,32.492,5,roll,3.000,100.000,0.000
scene-0103_008,0,Car,car,32.492,5,ty,0.000,100.000,100.000
scene-0103_008,0,Car,car,32.492,5,ty,0.020,100.000,100.000
scene-0103_008,0,Car,car,32.492,5,ty,0.050,100.000,100.000
scene-0103_008,0,Car,car,32.492,5,ty,0.100,100.000,100.000
scene-0103_008,1,Car,car,16.196,54,yaw,0.000,100.000,100.000
scene-0103_008,1,Car,car,16.196,54,yaw,0.500,100.000,100.000
scene-0103_008,1,Car,car,16.196,54,yaw,1.000,100.000,100.000
scene-0103_008,1,Car,car,16.196,54,yaw,2.000,100.000,90.741
scene-0103_008,1,Car,car,16.196,54,yaw,3.000,100.000,81.481
scene-0103_008,1,Car,car,16.196,54,pitch,0.000,100.000,100.000
scene-0103_008,1,Car,car,16.196,54,pitch,0.500,100.000,100.000
scene-0103_008,1,Car,car,16.196,54,pitch,1.000,100.000,100.000
scene-0103_008,1,Car,car,16.196,54,pitch,2.000,100.000,100.000
scene-0103_008,1,Car,car,16.196,54,pitch,3.000,100.000,100.000
scene-0103_008,1,Car,car,16.196,54,roll,0.000,100.000,100.000
scene-0103_008,1,Car,car,16.196,54,roll,0.500,100.000,100.000
scene-0103_008,1,Car,car,16.196,54,roll,1.000,100.000,100.000
scene-0103_008,1,Car,car,16.196,54,roll,2.000,100.000,100.000
scene-0103_008,1,Car,car,16.196,54,roll,3.000,100.000,81.481
scene-0103_008,1,Car,car,16.196,54,ty,0.000,100.000,100.000
scene-0103_008,1,Car,car,16.196,54,ty,0.020,100.000,100.000
scene-0103_008,1,Car,car,16.196,54,ty,0.050,100.000,100.000
scene-0103_008,1,Car,car,16.196,54,ty,0.100,100.000,100.000
scene-0103_008,2,Car,car,31.468,7,yaw,0.000,100.000,100.000
scene-0103_008,2,Car,car,31.468,7,yaw,0.500,100.000,100.000
scene-0103_008,2,Car,car,31.468,7,yaw,1.000,100.000,100.000
scene-0103_008,2,Car,car,31.468,7,yaw,2.000,100.000,71.429
scene-0103_008,2,Car,car,31.468,7,yaw,3.000,100.000,57.143
scene-0103_008,2,Car,car,31.468,7,pitch,0.000,100.000,100.000
scene-0103_008,2,Car,car,31.468,7,pitch,0.500,100.000,100.000
scene-0103_008,2,Car,car,31.468,7,pitch,1.000,100.000,100.000
scene-0103_008,2,Car,car,31.468,7,pitch,2.000,100.000,100.000
scene-0103_008,2,Car,car,31.468,7,pitch,3.000,100.000,100.000
scene-0103_008,2,Car,car,31.468,7,roll,0.000,100.000,100.000
scene-0103_008,2,Car,car,31.468,7,roll,0.500,100.000,100.000
scene-0103_008,2,Car,car,31.468,7,roll,1.000,100.000,100.000
scene-0103_008,2,Car,car,31.468,7,roll,2.000,100.000,100.000
scene-0103_008,2,Car,car,31.468,7,roll,3.000,100.000,0.000
scene-0103_008,2,Car,car,31.468,7,ty,0.000,100.000,100.000
scene-0103_008,2,Car,car,31.468,7,ty,0.020,100.000,100.000
scene-0103_008,2,Car,car,31.468,7,ty,0.050,100.000,100.000
scene-0103_008,2,Car,car,31.468,7,ty,0.100,100.000,100.000
scene-0103_008,3,Pedestrian,vru,26.094,5,yaw,0.000,100.000,100.000
scene-0103_008,3,Pedestrian,vru,26.094,5,yaw,0.500,100.000,100.000
scene-0103_008,3,Pedestrian,vru,26.094,5,yaw,1.000,100.000,80.000
scene-0103_008,3,Pedestrian,vru,26.094,5,yaw,2.000,100.000,0.000
scene-0103_008,3,Pedestrian,vru,26.094,5,yaw,3.000,100.000,0.000
scene-0103_008,3,Pedestrian,vru,26.094,5,pitch,0.000,100.000,100.000
scene-0103_008,3,Pedestrian,vru,26.094,5,pitch,0.500,100.000,100.000
scene-0103_008,3,Pedestrian,vru,26.094,5,pitch,1.000,100.000,100.000
scene-0103_008,3,Pedestrian,vru,26.094,5,pitch,2.000,100.000,100.000
scene-0103_008,3,Pedestrian,vru,26.094,5,pitch,3.000,100.000,40.000
scene-0103_008,3,Pedestrian,vru,26.094,5,roll,0.000,100.000,100.000
scene-0103_008,3,Pedestrian,vru,26.094,5,roll,0.500,100.000,100.000
scene-0103_008,3,Pedestrian,vru,26.094,5,roll,1.000,100.000,100.000
scene-0103_008,3,Pedestrian,vru,26.094,5,roll,2.000,100.000,60.000
scene-0103_008,3,Pedestrian,vru,26.094,5,roll,3.000,100.000,60.000
scene-0103_008,3,Pedestrian,vru,26.094,5,ty,0.000,100.000,100.000
scene-0103_008,3,Pedestrian,vru,26.094,5,ty,0.020,100.000,100.000
scene-0103_008,3,Pedestrian,vru,26.094,5,ty,0.050,100.000,100.000
scene-0103_008,3,Pedestrian,vru,26.094,5,ty,0.100,100.000,100.000
scene-0103_009,0,Car,car,28.136,28,yaw,0.000,100.000,100.000
scene-0103_009,0,Car,car,28.136,28,yaw,0.500,100.000,100.000
scene-0103_009,0,Car,car,28.136,28,yaw,1.000,100.000,96.429
scene-0103_009,0,Car,car,28.136,28,yaw,2.000,100.000,82.143
scene-0103_009,0,Car,car,28.136,28,yaw,3.000,100.000,75.000
scene-0103_009,0,Car,car,28.136,28,pitch,0.000,100.000,100.000
scene-0103_009,0,Car,car,28.136,28,pitch,0.500,100.000,100.000
scene-0103_009,0,Car,car,28.136,28,pitch,1.000,100.000,100.000
scene-0103_009,0,Car,car,28.136,28,pitch,2.000,100.000,100.000
scene-0103_009,0,Car,car,28.136,28,pitch,3.000,100.000,92.857
scene-0103_009,0,Car,car,28.136,28,roll,0.000,100.000,100.000
scene-0103_009,0,Car,car,28.136,28,roll,0.500,100.000,100.000
scene-0103_009,0,Car,car,28.136,28,roll,1.000,100.000,92.857
scene-0103_009,0,Car,car,28.136,28,roll,2.000,100.000,92.857
scene-0103_009,0,Car,car,28.136,28,roll,3.000,100.000,64.286
scene-0103_009,0,Car,car,28.136,28,ty,0.000,100.000,100.000
scene-0103_009,0,Car,car,28.136,28,ty,0.020,100.000,100.000
scene-0103_009,0,Car,car,28.136,28,ty,0.050,100.000,100.000
scene-0103_009,0,Car,car,28.136,28,ty,0.100,100.000,100.000
scene-0103_009,1,Car,car,26.986,19,yaw,0.000,100.000,100.000
scene-0103_009,1,Car,car,26.986,19,yaw,0.500,100.000,100.000
scene-0103_009,1,Car,car,26.986,19,yaw,1.000,100.000,94.737
scene-0103_009,1,Car,car,26.986,19,yaw,2.000,100.000,84.211
scene-0103_009,1,Car,car,26.986,19,yaw,3.000,100.000,57.895
scene-0103_009,1,Car,car,26.986,19,pitch,0.000,100.000,100.000
scene-0103_009,1,Car,car,26.986,19,pitch,0.500,100.000,100.000
scene-0103_009,1,Car,car,26.986,19,pitch,1.000,100.000,100.000
scene-0103_009,1,Car,car,26.986,19,pitch,2.000,100.000,100.000
scene-0103_009,1,Car,car,26.986,19,pitch,3.000,100.000,100.000
scene-0103_009,1,Car,car,26.986,19,roll,0.000,100.000,100.000
scene-0103_009,1,Car,car,26.986,19,roll,0.500,100.000,100.000
scene-0103_009,1,Car,car,26.986,19,roll,1.000,100.000,100.000
scene-0103_009,1,Car,car,26.986,19,roll,2.000,100.000,63.158
scene-0103_009,1,Car,car,26.986,19,roll,3.000,100.000,31.579
scene-0103_009,1,Car,car,26.986,19,ty,0.000,100.000,100.000
scene-0103_009,1,Car,car,26.986,19,ty,0.020,100.000,100.000
scene-0103_009,1,Car,car,26.986,19,ty,0.050,100.000,100.000
scene-0103_009,1,Car,car,26.986,19,ty,0.100,100.000,100.000
scene-0103_009,2,Pedestrian,vru,22.314,10,yaw,0.000,100.000,90.000
scene-0103_009,2,Pedestrian,vru,22.314,10,yaw,0.500,100.000,90.000
scene-0103_009,2,Pedestrian,vru,22.314,10,yaw,1.000,100.000,70.000
scene-0103_009,2,Pedestrian,vru,22.314,10,yaw,2.000,100.000,0.000
scene-0103_009,2,Pedestrian,vru,22.314,10,yaw,3.000,100.000,0.000
scene-0103_009,2,Pedestrian,vru,22.314,10,pitch,0.000,100.000,90.000
scene-0103_009,2,Pedestrian,vru,22.314,10,pitch,0.500,100.000,90.000
scene-0103_009,2,Pedestrian,vru,22.314,10,pitch,1.000,100.000,100.000
scene-0103_009,2,Pedestrian,vru,22.314,10,pitch,2.000,100.000,60.000
scene-0103_009,2,Pedestrian,vru,22.314,10,pitch,3.000,100.000,60.000
scene-0103_009,2,Pedestrian,vru,22.314,10,roll,0.000,100.000,90.000
scene-0103_009,2,Pedestrian,vru,22.314,10,roll,0.500,100.000,90.000
scene-0103_009,2,Pedestrian,vru,22.314,10,roll,1.000,100.000,90.000
scene-0103_009,2,Pedestrian,vru,22.314,10,roll,2.000,100.000,80.000
scene-0103_009,2,Pedestrian,vru,22.314,10,roll,3.000,100.000,40.000
scene-0103_009,2,Pedestrian,vru,22.314,10,ty,0.000,100.000,90.000
scene-0103_009,2,Pedestrian,vru,22.314,10,ty,0.020,100.000,90.000
scene-0103_009,2,Pedestrian,vru,22.314,10,ty,0.050,100.000,90.000
scene-0103_009,2,Pedestrian,vru,22.314,10,ty,0.100,100.000,90.000
scene-0103_010,0,Car,car,41.494,7,yaw,0.000,100.000,100.000
scene-0103_010,0,Car,car,41.494,7,yaw,0.500,100.000,85.714
scene-0103_010,0,Car,car,41.494,7,yaw,1.000,100.000,57.143
scene-0103_010,0,Car,car,41.494,7,yaw,2.000,100.000,14.286
scene-0103_010,0,Car,car,41.494,7,yaw,3.000,100.000,0.000
scene-0103_010,0,Car,car,41.494,7,pitch,0.000,100.000,100.000
scene-0103_010,0,Car,car,41.494,7,pitch,0.500,100.000,100.000
scene-0103_010,0,Car,car,41.494,7,pitch,1.000,100.000,100.000
scene-0103_010,0,Car,car,41.494,7,pitch,2.000,100.000,100.000
scene-0103_010,0,Car,car,41.494,7,pitch,3.000,100.000,100.000
scene-0103_010,0,Car,car,41.494,7,roll,0.000,100.000,100.000
scene-0103_010,0,Car,car,41.494,7,roll,0.500,100.000,100.000
scene-0103_010,0,Car,car,41.494,7,roll,1.000,100.000,100.000
scene-0103_010,0,Car,car,41.494,7,roll,2.000,100.000,0.000
scene-0103_010,0,Car,car,41.494,7,roll,3.000,100.000,0.000
scene-0103_010,0,Car,car,41.494,7,ty,0.000,100.000,100.000
scene-0103_010,0,Car,car,41.494,7,ty,0.020,100.000,100.000
scene-0103_010,0,Car,car,41.494,7,ty,0.050,100.000,100.000
scene-0103_010,0,Car,car,41.494,7,ty,0.100,100.000,100.000
scene-0103_010,1,Car,car,23.885,38,yaw,0.000,100.000,100.000
scene-0103_010,1,Car,car,23.885,38,yaw,0.500,100.000,100.000
scene-0103_010,1,Car,car,23.885,38,yaw,1.000,100.000,100.000
scene-0103_010,1,Car,car,23.885,38,yaw,2.000,100.000,97.368
scene-0103_010,1,Car,car,23.885,38,yaw,3.000,100.000,89.474
scene-0103_010,1,Car,car,23.885,38,pitch,0.000,100.000,100.000
scene-0103_010,1,Car,car,23.885,38,pitch,0.500,100.000,100.000
scene-0103_010,1,Car,car,23.885,38,pitch,1.000,100.000,100.000
scene-0103_010,1,Car,car,23.885,38,pitch,2.000,100.000,100.000
scene-0103_010,1,Car,car,23.885,38,pitch,3.000,100.000,100.000
scene-0103_010,1,Car,car,23.885,38,roll,0.000,100.000,100.000
scene-0103_010,1,Car,car,23.885,38,roll,0.500,100.000,100.000
scene-0103_010,1,Car,car,23.885,38,roll,1.000,100.000,100.000
scene-0103_010,1,Car,car,23.885,38,roll,2.000,100.000,81.579
scene-0103_010,1,Car,car,23.885,38,roll,3.000,100.000,57.895
scene-0103_010,1,Car,car,23.885,38,ty,0.000,100.000,100.000
scene-0103_010,1,Car,car,23.885,38,ty,0.020,100.000,100.000
scene-0103_010,1,Car,car,23.885,38,ty,0.050,100.000,100.000
scene-0103_010,1,Car,car,23.885,38,ty,0.100,100.000,100.000
scene-0103_010,2,Car,car,54.304,6,yaw,0.000,100.000,0.000
scene-0103_010,2,Car,car,54.304,6,yaw,0.500,100.000,0.000
scene-0103_010,2,Car,car,54.304,6,yaw,1.000,100.000,0.000
scene-0103_010,2,Car,car,54.304,6,yaw,2.000,100.000,0.000
scene-0103_010,2,Car,car,54.304,6,yaw,3.000,100.000,0.000
scene-0103_010,2,Car,car,54.304,6,pitch,0.000,100.000,0.000
scene-0103_010,2,Car,car,54.304,6,pitch,0.500,100.000,0.000
scene-0103_010,2,Car,car,54.304,6,pitch,1.000,100.000,0.000
scene-0103_010,2,Car,car,54.304,6,pitch,2.000,100.000,0.000
scene-0103_010,2,Car,car,54.304,6,pitch,3.000,100.000,0.000
scene-0103_010,2,Car,car,54.304,6,roll,0.000,100.000,0.000
scene-0103_010,2,Car,car,54.304,6,roll,0.500,100.000,100.000
scene-0103_010,2,Car,car,54.304,6,roll,1.000,100.000,100.000
scene-0103_010,2,Car,car,54.304,6,roll,2.000,100.000,0.000
scene-0103_010,2,Car,car,54.304,6,roll,3.000,100.000,0.000
scene-0103_010,2,Car,car,54.304,6,ty,0.000,100.000,0.000
scene-0103_010,2,Car,car,54.304,6,ty,0.020,100.000,0.000
scene-0103_010,2,Car,car,54.304,6,ty,0.050,100.000,0.000
scene-0103_010,2,Car,car,54.304,6,ty,0.100,100.000,0.000
scene-0103_010,3,Car,car,22.558,26,yaw,0.000,100.000,100.000
scene-0103_010,3,Car,car,22.558,26,yaw,0.500,100.000,100.000
scene-0103_010,3,Car,car,22.558,26,yaw,1.000,100.000,92.308
scene-0103_010,3,Car,car,22.558,26,yaw,2.000,100.000,84.615
scene-0103_010,3,Car,car,22.558,26,yaw,3.000,100.000,73.077
scene-0103_010,3,Car,car,22.558,26,pitch,0.000,100.000,100.000
scene-0103_010,3,Car,car,22.558,26,pitch,0.500,100.000,100.000
scene-0103_010,3,Car,car,22.558,26,pitch,1.000,100.000,100.000
scene-0103_010,3,Car,car,22.558,26,pitch,2.000,100.000,100.000
scene-0103_010,3,Car,car,22.558,26,pitch,3.000,100.000,100.000
scene-0103_010,3,Car,car,22.558,26,roll,0.000,100.000,100.000
scene-0103_010,3,Car,car,22.558,26,roll,0.500,100.000,100.000
scene-0103_010,3,Car,car,22.558,26,roll,1.000,100.000,100.000
scene-0103_010,3,Car,car,22.558,26,roll,2.000,100.000,100.000
scene-0103_010,3,Car,car,22.558,26,roll,3.000,100.000,57.692
scene-0103_010,3,Car,car,22.558,26,ty,0.000,100.000,100.000
scene-0103_010,3,Car,car,22.558,26,ty,0.020,100.000,100.000
scene-0103_010,3,Car,car,22.558,26,ty,0.050,100.000,100.000
scene-0103_010,3,Car,car,22.558,26,ty,0.100,100.000,100.000
scene-0103_010,4,Pedestrian,vru,18.549,17,yaw,0.000,100.000,100.000
scene-0103_010,4,Pedestrian,vru,18.549,17,yaw,0.500,100.000,94.118
scene-0103_010,4,Pedestrian,vru,18.549,17,yaw,1.000,100.000,88.235
scene-0103_010,4,Pedestrian,vru,18.549,17,yaw,2.000,100.000,41.176
scene-0103_010,4,Pedestrian,vru,18.549,17,yaw,3.000,100.000,0.000
scene-0103_010,4,Pedestrian,vru,18.549,17,pitch,0.000,100.000,100.000
scene-0103_010,4,Pedestrian,vru,18.549,17,pitch,0.500,100.000,100.000
scene-0103_010,4,Pedestrian,vru,18.549,17,pitch,1.000,100.000,100.000
scene-0103_010,4,Pedestrian,vru,18.549,17,pitch,2.000,100.000,70.588
scene-0103_010,4,Pedestrian,vru,18.549,17,pitch,3.000,100.000,70.588
scene-0103_010,4,Pedestrian,vru,18.549,17,roll,0.000,100.000,100.000
scene-0103_010,4,Pedestrian,vru,18.549,17,roll,0.500,100.000,82.353
scene-0103_010,4,Pedestrian,vru,18.549,17,roll,1.000,100.000,82.353
scene-0103_010,4,Pedestrian,vru,18.549,17,roll,2.000,100.000,52.941
scene-0103_010,4,Pedestrian,vru,18.549,17,roll,3.000,100.000,52.941
scene-0103_010,4,Pedestrian,vru,18.549,17,ty,0.000,100.000,100.000
scene-0103_010,4,Pedestrian,vru,18.549,17,ty,0.020,100.000,100.000
scene-0103_010,4,Pedestrian,vru,18.549,17,ty,0.050,100.000,100.000
scene-0103_010,4,Pedestrian,vru,18.549,17,ty,0.100,100.000,100.000
scene-0103_011,0,Car,car,20.062,45,yaw,0.000,100.000,100.000
scene-0103_011,0,Car,car,20.062,45,yaw,0.500,100.000,100.000
scene-0103_011,0,Car,car,20.062,45,yaw,1.000,100.000,100.000
scene-0103_011,0,Car,car,20.062,45,yaw,2.000,100.000,100.000
scene-0103_011,0,Car,car,20.062,45,yaw,3.000,100.000,93.333
scene-0103_011,0,Car,car,20.062,45,pitch,0.000,100.000,100.000
scene-0103_011,0,Car,car,20.062,45,pitch,0.500,100.000,100.000
scene-0103_011,0,Car,car,20.062,45,pitch,1.000,100.000,100.000
scene-0103_011,0,Car,car,20.062,45,pitch,2.000,100.000,100.000
scene-0103_011,0,Car,car,20.062,45,pitch,3.000,100.000,100.000
scene-0103_011,0,Car,car,20.062,45,roll,0.000,100.000,100.000
scene-0103_011,0,Car,car,20.062,45,roll,0.500,100.000,100.000
scene-0103_011,0,Car,car,20.062,45,roll,1.000,100.000,100.000
scene-0103_011,0,Car,car,20.062,45,roll,2.000,100.000,93.333
scene-0103_011,0,Car,car,20.062,45,roll,3.000,100.000,93.333
scene-0103_011,0,Car,car,20.062,45,ty,0.000,100.000,100.000
scene-0103_011,0,Car,car,20.062,45,ty,0.020,100.000,100.000
scene-0103_011,0,Car,car,20.062,45,ty,0.050,100.000,100.000
scene-0103_011,0,Car,car,20.062,45,ty,0.100,100.000,100.000
scene-0103_011,1,Car,car,18.662,34,yaw,0.000,100.000,100.000
scene-0103_011,1,Car,car,18.662,34,yaw,0.500,100.000,100.000
scene-0103_011,1,Car,car,18.662,34,yaw,1.000,100.000,100.000
scene-0103_011,1,Car,car,18.662,34,yaw,2.000,100.000,88.235
scene-0103_011,1,Car,car,18.662,34,yaw,3.000,100.000,70.588
scene-0103_011,1,Car,car,18.662,34,pitch,0.000,100.000,100.000
scene-0103_011,1,Car,car,18.662,34,pitch,0.500,100.000,100.000
scene-0103_011,1,Car,car,18.662,34,pitch,1.000,100.000,100.000
scene-0103_011,1,Car,car,18.662,34,pitch,2.000,100.000,100.000
scene-0103_011,1,Car,car,18.662,34,pitch,3.000,100.000,100.000
scene-0103_011,1,Car,car,18.662,34,roll,0.000,100.000,100.000
scene-0103_011,1,Car,car,18.662,34,roll,0.500,100.000,100.000
scene-0103_011,1,Car,car,18.662,34,roll,1.000,100.000,100.000
scene-0103_011,1,Car,car,18.662,34,roll,2.000,100.000,94.118
scene-0103_011,1,Car,car,18.662,34,roll,3.000,100.000,50.000
scene-0103_011,1,Car,car,18.662,34,ty,0.000,100.000,100.000
scene-0103_011,1,Car,car,18.662,34,ty,0.020,100.000,100.000
scene-0103_011,1,Car,car,18.662,34,ty,0.050,100.000,100.000
scene-0103_011,1,Car,car,18.662,34,ty,0.100,100.000,100.000
scene-0103_011,2,Car,car,30.550,6,yaw,0.000,100.000,16.667
scene-0103_011,2,Car,car,30.550,6,yaw,0.500,100.000,16.667
scene-0103_011,2,Car,car,30.550,6,yaw,1.000,100.000,16.667
scene-0103_011,2,Car,car,30.550,6,yaw,2.000,100.000,16.667
scene-0103_011,2,Car,car,30.550,6,yaw,3.000,100.000,0.000
scene-0103_011,2,Car,car,30.550,6,pitch,0.000,100.000,16.667
scene-0103_011,2,Car,car,30.550,6,pitch,0.500,100.000,16.667
scene-0103_011,2,Car,car,30.550,6,pitch,1.000,100.000,50.000
scene-0103_011,2,Car,car,30.550,6,pitch,2.000,100.000,100.000
scene-0103_011,2,Car,car,30.550,6,pitch,3.000,100.000,100.000
scene-0103_011,2,Car,car,30.550,6,roll,0.000,100.000,16.667
scene-0103_011,2,Car,car,30.550,6,roll,0.500,100.000,100.000
scene-0103_011,2,Car,car,30.550,6,roll,1.000,100.000,100.000
scene-0103_011,2,Car,car,30.550,6,roll,2.000,100.000,83.333
scene-0103_011,2,Car,car,30.550,6,roll,3.000,100.000,83.333
scene-0103_011,2,Car,car,30.550,6,ty,0.000,100.000,16.667
scene-0103_011,2,Car,car,30.550,6,ty,0.020,100.000,16.667
scene-0103_011,2,Car,car,30.550,6,ty,0.050,100.000,16.667
scene-0103_011,2,Car,car,30.550,6,ty,0.100,100.000,16.667
scene-0103_012,0,Car,car,16.902,70,yaw,0.000,100.000,100.000
scene-0103_012,0,Car,car,16.902,70,yaw,0.500,100.000,100.000
scene-0103_012,0,Car,car,16.902,70,yaw,1.000,100.000,100.000
scene-0103_012,0,Car,car,16.902,70,yaw,2.000,100.000,98.571
scene-0103_012,0,Car,car,16.902,70,yaw,3.000,100.000,92.857
scene-0103_012,0,Car,car,16.902,70,pitch,0.000,100.000,100.000
scene-0103_012,0,Car,car,16.902,70,pitch,0.500,100.000,100.000
scene-0103_012,0,Car,car,16.902,70,pitch,1.000,100.000,100.000
scene-0103_012,0,Car,car,16.902,70,pitch,2.000,100.000,100.000
scene-0103_012,0,Car,car,16.902,70,pitch,3.000,100.000,92.857
scene-0103_012,0,Car,car,16.902,70,roll,0.000,100.000,100.000
scene-0103_012,0,Car,car,16.902,70,roll,0.500,100.000,100.000
scene-0103_012,0,Car,car,16.902,70,roll,1.000,100.000,100.000
scene-0103_012,0,Car,car,16.902,70,roll,2.000,100.000,87.143
scene-0103_012,0,Car,car,16.902,70,roll,3.000,100.000,81.429
scene-0103_012,0,Car,car,16.902,70,ty,0.000,100.000,100.000
scene-0103_012,0,Car,car,16.902,70,ty,0.020,100.000,100.000
scene-0103_012,0,Car,car,16.902,70,ty,0.050,100.000,100.000
scene-0103_012,0,Car,car,16.902,70,ty,0.100,100.000,100.000
scene-0103_012,1,Car,car,15.406,62,yaw,0.000,100.000,100.000
scene-0103_012,1,Car,car,15.406,62,yaw,0.500,100.000,100.000
scene-0103_012,1,Car,car,15.406,62,yaw,1.000,100.000,98.387
scene-0103_012,1,Car,car,15.406,62,yaw,2.000,100.000,87.097
scene-0103_012,1,Car,car,15.406,62,yaw,3.000,100.000,77.419
scene-0103_012,1,Car,car,15.406,62,pitch,0.000,100.000,100.000
scene-0103_012,1,Car,car,15.406,62,pitch,0.500,100.000,100.000
scene-0103_012,1,Car,car,15.406,62,pitch,1.000,100.000,100.000
scene-0103_012,1,Car,car,15.406,62,pitch,2.000,100.000,100.000
scene-0103_012,1,Car,car,15.406,62,pitch,3.000,100.000,100.000
scene-0103_012,1,Car,car,15.406,62,roll,0.000,100.000,100.000
scene-0103_012,1,Car,car,15.406,62,roll,0.500,100.000,100.000
scene-0103_012,1,Car,car,15.406,62,roll,1.000,100.000,88.710
scene-0103_012,1,Car,car,15.406,62,roll,2.000,100.000,88.710
scene-0103_012,1,Car,car,15.406,62,roll,3.000,100.000,79.032
scene-0103_012,1,Car,car,15.406,62,ty,0.000,100.000,100.000
scene-0103_012,1,Car,car,15.406,62,ty,0.020,100.000,100.000
scene-0103_012,1,Car,car,15.406,62,ty,0.050,100.000,100.000
scene-0103_012,1,Car,car,15.406,62,ty,0.100,100.000,100.000
scene-0103_012,2,Car,car,26.789,12,yaw,0.000,100.000,100.000
scene-0103_012,2,Car,car,26.789,12,yaw,0.500,100.000,100.000
scene-0103_012,2,Car,car,26.789,12,yaw,1.000,100.000,83.333
scene-0103_012,2,Car,car,26.789,12,yaw,2.000,100.000,75.000
scene-0103_012,2,Car,car,26.789,12,yaw,3.000,100.000,50.000
scene-0103_012,2,Car,car,26.789,12,pitch,0.000,100.000,100.000
scene-0103_012,2,Car,car,26.789,12,pitch,0.500,100.000,100.000
scene-0103_012,2,Car,car,26.789,12,pitch,1.000,100.000,100.000
scene-0103_012,2,Car,car,26.789,12,pitch,2.000,100.000,100.000
scene-0103_012,2,Car,car,26.789,12,pitch,3.000,100.000,100.000
scene-0103_012,2,Car,car,26.789,12,roll,0.000,100.000,100.000
scene-0103_012,2,Car,car,26.789,12,roll,0.500,100.000,100.000
scene-0103_012,2,Car,car,26.789,12,roll,1.000,100.000,100.000
scene-0103_012,2,Car,car,26.789,12,roll,2.000,100.000,83.333
scene-0103_012,2,Car,car,26.789,12,roll,3.000,100.000,0.000
scene-0103_012,2,Car,car,26.789,12,ty,0.000,100.000,100.000
scene-0103_012,2,Car,car,26.789,12,ty,0.020,100.000,100.000
scene-0103_012,2,Car,car,26.789,12,ty,0.050,100.000,100.000
scene-0103_012,2,Car,car,26.789,12,ty,0.100,100.000,100.000
scene-0103_012,3,Pedestrian,vru,21.538,8,yaw,0.000,100.000,100.000
scene-0103_012,3,Pedestrian,vru,21.538,8,yaw,0.500,100.000,100.000
scene-0103_012,3,Pedestrian,vru,21.538,8,yaw,1.000,100.000,100.000
scene-0103_012,3,Pedestrian,vru,21.538,8,yaw,2.000,100.000,25.000
scene-0103_012,3,Pedestrian,vru,21.538,8,yaw,3.000,100.000,0.000
scene-0103_012,3,Pedestrian,vru,21.538,8,pitch,0.000,100.000,100.000
scene-0103_012,3,Pedestrian,vru,21.538,8,pitch,0.500,100.000,50.000
scene-0103_012,3,Pedestrian,vru,21.538,8,pitch,1.000,100.000,50.000
scene-0103_012,3,Pedestrian,vru,21.538,8,pitch,2.000,100.000,50.000
scene-0103_012,3,Pedestrian,vru,21.538,8,pitch,3.000,100.000,50.000
scene-0103_012,3,Pedestrian,vru,21.538,8,roll,0.000,100.000,100.000
scene-0103_012,3,Pedestrian,vru,21.538,8,roll,0.500,100.000,100.000
scene-0103_012,3,Pedestrian,vru,21.538,8,roll,1.000,100.000,100.000
scene-0103_012,3,Pedestrian,vru,21.538,8,roll,2.000,100.000,62.500
scene-0103_012,3,Pedestrian,vru,21.538,8,roll,3.000,100.000,62.500
scene-0103_012,3,Pedestrian,vru,21.538,8,ty,0.000,100.000,100.000
scene-0103_012,3,Pedestrian,vru,21.538,8,ty,0.020,100.000,100.000
scene-0103_012,3,Pedestrian,vru,21.538,8,ty,0.050,100.000,100.000
scene-0103_012,3,Pedestrian,vru,21.538,8,ty,0.100,100.000,100.000
scene-0103_013,0,Car,car,14.934,74,yaw,0.000,100.000,100.000
scene-0103_013,0,Car,car,14.934,74,yaw,0.500,100.000,100.000
scene-0103_013,0,Car,car,14.934,74,yaw,1.000,100.000,100.000
scene-0103_013,0,Car,car,14.934,74,yaw,2.000,100.000,98.649
scene-0103_013,0,Car,car,14.934,74,yaw,3.000,98.649,95.946
scene-0103_013,0,Car,car,14.934,74,pitch,0.000,100.000,100.000
scene-0103_013,0,Car,car,14.934,74,pitch,0.500,100.000,100.000
scene-0103_013,0,Car,car,14.934,74,pitch,1.000,100.000,100.000
scene-0103_013,0,Car,car,14.934,74,pitch,2.000,100.000,100.000
scene-0103_013,0,Car,car,14.934,74,pitch,3.000,100.000,97.297
scene-0103_013,0,Car,car,14.934,74,roll,0.000,100.000,100.000
scene-0103_013,0,Car,car,14.934,74,roll,0.500,100.000,100.000
scene-0103_013,0,Car,car,14.934,74,roll,1.000,100.000,100.000
scene-0103_013,0,Car,car,14.934,74,roll,2.000,100.000,95.946
scene-0103_013,0,Car,car,14.934,74,roll,3.000,100.000,75.676
scene-0103_013,0,Car,car,14.934,74,ty,0.000,100.000,100.000
scene-0103_013,0,Car,car,14.934,74,ty,0.020,100.000,100.000
scene-0103_013,0,Car,car,14.934,74,ty,0.050,100.000,100.000
scene-0103_013,0,Car,car,14.934,74,ty,0.100,100.000,100.000
scene-0103_013,1,Car,car,44.933,9,yaw,0.000,100.000,33.333
scene-0103_013,1,Car,car,44.933,9,yaw,0.500,100.000,33.333
scene-0103_013,1,Car,car,44.933,9,yaw,1.000,100.000,22.222
scene-0103_013,1,Car,car,44.933,9,yaw,2.000,100.000,0.000
scene-0103_013,1,Car,car,44.933,9,yaw,3.000,100.000,0.000
scene-0103_013,1,Car,car,44.933,9,pitch,0.000,100.000,33.333
scene-0103_013,1,Car,car,44.933,9,pitch,0.500,100.000,33.333
scene-0103_013,1,Car,car,44.933,9,pitch,1.000,100.000,33.333
scene-0103_013,1,Car,car,44.933,9,pitch,2.000,100.000,33.333
scene-0103_013,1,Car,car,44.933,9,pitch,3.000,100.000,33.333
scene-0103_013,1,Car,car,44.933,9,roll,0.000,100.000,33.333
scene-0103_013,1,Car,car,44.933,9,roll,0.500,100.000,100.000
scene-0103_013,1,Car,car,44.933,9,roll,1.000,100.000,66.667
scene-0103_013,1,Car,car,44.933,9,roll,2.000,100.000,66.667
scene-0103_013,1,Car,car,44.933,9,roll,3.000,100.000,0.000
scene-0103_013,1,Car,car,44.933,9,ty,0.000,100.000,33.333
scene-0103_013,1,Car,car,44.933,9,ty,0.020,100.000,33.333
scene-0103_013,1,Car,car,44.933,9,ty,0.050,100.000,33.333
scene-0103_013,1,Car,car,44.933,9,ty,0.100,100.000,33.333
scene-0103_013,2,Car,car,13.332,89,yaw,0.000,100.000,100.000
scene-0103_013,2,Car,car,13.332,89,yaw,0.500,100.000,100.000
scene-0103_013,2,Car,car,13.332,89,yaw,1.000,100.000,100.000
scene-0103_013,2,Car,car,13.332,89,yaw,2.000,100.000,95.506
scene-0103_013,2,Car,car,13.332,89,yaw,3.000,100.000,88.764
scene-0103_013,2,Car,car,13.332,89,pitch,0.000,100.000,100.000
scene-0103_013,2,Car,car,13.332,89,pitch,0.500,100.000,100.000
scene-0103_013,2,Car,car,13.332,89,pitch,1.000,100.000,100.000
scene-0103_013,2,Car,car,13.332,89,pitch,2.000,100.000,100.000
scene-0103_013,2,Car,car,13.332,89,pitch,3.000,100.000,100.000
scene-0103_013,2,Car,car,13.332,89,roll,0.000,100.000,100.000
scene-0103_013,2,Car,car,13.332,89,roll,0.500,100.000,100.000
scene-0103_013,2,Car,car,13.332,89,roll,1.000,100.000,100.000
scene-0103_013,2,Car,car,13.332,89,roll,2.000,100.000,96.629
scene-0103_013,2,Car,car,13.332,89,roll,3.000,100.000,93.258
scene-0103_013,2,Car,car,13.332,89,ty,0.000,100.000,100.000
scene-0103_013,2,Car,car,13.332,89,ty,0.020,100.000,100.000
scene-0103_013,2,Car,car,13.332,89,ty,0.050,100.000,100.000
scene-0103_013,2,Car,car,13.332,89,ty,0.100,100.000,100.000
scene-0103_013,3,Car,car,24.662,16,yaw,0.000,100.000,100.000
scene-0103_013,3,Car,car,24.662,16,yaw,0.500,100.000,100.000
scene-0103_013,3,Car,car,24.662,16,yaw,1.000,100.000,93.750
scene-0103_013,3,Car,car,24.662,16,yaw,2.000,100.000,75.000
scene-0103_013,3,Car,car,24.662,16,yaw,3.000,100.000,50.000
scene-0103_013,3,Car,car,24.662,16,pitch,0.000,100.000,100.000
scene-0103_013,3,Car,car,24.662,16,pitch,0.500,100.000,100.000
scene-0103_013,3,Car,car,24.662,16,pitch,1.000,100.000,100.000
scene-0103_013,3,Car,car,24.662,16,pitch,2.000,100.000,100.000
scene-0103_013,3,Car,car,24.662,16,pitch,3.000,100.000,100.000
scene-0103_013,3,Car,car,24.662,16,roll,0.000,100.000,100.000
scene-0103_013,3,Car,car,24.662,16,roll,0.500,100.000,100.000
scene-0103_013,3,Car,car,24.662,16,roll,1.000,100.000,100.000
scene-0103_013,3,Car,car,24.662,16,roll,2.000,100.000,87.500
scene-0103_013,3,Car,car,24.662,16,roll,3.000,100.000,0.000
scene-0103_013,3,Car,car,24.662,16,ty,0.000,100.000,100.000
scene-0103_013,3,Car,car,24.662,16,ty,0.020,100.000,100.000
scene-0103_013,3,Car,car,24.662,16,ty,0.050,100.000,100.000
scene-0103_013,3,Car,car,24.662,16,ty,0.100,100.000,100.000
scene-0103_013,4,Pedestrian,vru,18.751,7,yaw,0.000,100.000,100.000
scene-0103_013,4,Pedestrian,vru,18.751,7,yaw,0.500,100.000,100.000
scene-0103_013,4,Pedestrian,vru,18.751,7,yaw,1.000,100.000,100.000
scene-0103_013,4,Pedestrian,vru,18.751,7,yaw,2.000,100.000,28.571
scene-0103_013,4,Pedestrian,vru,18.751,7,yaw,3.000,100.000,0.000
scene-0103_013,4,Pedestrian,vru,18.751,7,pitch,0.000,100.000,100.000
scene-0103_013,4,Pedestrian,vru,18.751,7,pitch,0.500,100.000,100.000
scene-0103_013,4,Pedestrian,vru,18.751,7,pitch,1.000,100.000,100.000
scene-0103_013,4,Pedestrian,vru,18.751,7,pitch,2.000,100.000,100.000
scene-0103_013,4,Pedestrian,vru,18.751,7,pitch,3.000,100.000,71.429
scene-0103_013,4,Pedestrian,vru,18.751,7,roll,0.000,100.000,100.000
scene-0103_013,4,Pedestrian,vru,18.751,7,roll,0.500,100.000,100.000
scene-0103_013,4,Pedestrian,vru,18.751,7,roll,1.000,100.000,100.000
scene-0103_013,4,Pedestrian,vru,18.751,7,roll,2.000,100.000,71.429
scene-0103_013,4,Pedestrian,vru,18.751,7,roll,3.000,100.000,28.571
scene-0103_013,4,Pedestrian,vru,18.751,7,ty,0.000,100.000,100.000
scene-0103_013,4,Pedestrian,vru,18.751,7,ty,0.020,100.000,100.000
scene-0103_013,4,Pedestrian,vru,18.751,7,ty,0.050,100.000,100.000
scene-0103_013,4,Pedestrian,vru,18.751,7,ty,0.100,100.000,100.000
scene-0103_014,0,Car,car,13.253,151,yaw,0.000,100.000,100.000
scene-0103_014,0,Car,car,13.253,151,yaw,0.500,100.000,100.000
scene-0103_014,0,Car,car,13.253,151,yaw,1.000,98.013,98.013
scene-0103_014,0,Car,car,13.253,151,yaw,2.000,95.364,95.364
scene-0103_014,0,Car,car,13.253,151,yaw,3.000,93.377,93.377
scene-0103_014,0,Car,car,13.253,151,pitch,0.000,100.000,100.000
scene-0103_014,0,Car,car,13.253,151,pitch,0.500,100.000,100.000
scene-0103_014,0,Car,car,13.253,151,pitch,1.000,100.000,100.000
scene-0103_014,0,Car,car,13.253,151,pitch,2.000,100.000,100.000
scene-0103_014,0,Car,car,13.253,151,pitch,3.000,100.000,92.715
scene-0103_014,0,Car,car,13.253,151,roll,0.000,100.000,100.000
scene-0103_014,0,Car,car,13.253,151,roll,0.500,100.000,100.000
scene-0103_014,0,Car,car,13.253,151,roll,1.000,100.000,100.000
scene-0103_014,0,Car,car,13.253,151,roll,2.000,100.000,88.079
scene-0103_014,0,Car,car,13.253,151,roll,3.000,100.000,76.159
scene-0103_014,0,Car,car,13.253,151,ty,0.000,100.000,100.000
scene-0103_014,0,Car,car,13.253,151,ty,0.020,100.000,100.000
scene-0103_014,0,Car,car,13.253,151,ty,0.050,100.000,100.000
scene-0103_014,0,Car,car,13.253,151,ty,0.100,100.000,100.000
scene-0103_014,1,Car,car,42.859,10,yaw,0.000,100.000,60.000
scene-0103_014,1,Car,car,42.859,10,yaw,0.500,100.000,40.000
scene-0103_014,1,Car,car,42.859,10,yaw,1.000,100.000,30.000
scene-0103_014,1,Car,car,42.859,10,yaw,2.000,100.000,0.000
scene-0103_014,1,Car,car,42.859,10,yaw,3.000,100.000,0.000
scene-0103_014,1,Car,car,42.859,10,pitch,0.000,100.000,60.000
scene-0103_014,1,Car,car,42.859,10,pitch,0.500,100.000,40.000
scene-0103_014,1,Car,car,42.859,10,pitch,1.000,100.000,40.000
scene-0103_014,1,Car,car,42.859,10,pitch,2.000,100.000,40.000
scene-0103_014,1,Car,car,42.859,10,pitch,3.000,100.000,40.000
scene-0103_014,1,Car,car,42.859,10,roll,0.000,100.000,60.000
scene-0103_014,1,Car,car,42.859,10,roll,0.500,100.000,100.000
scene-0103_014,1,Car,car,42.859,10,roll,1.000,100.000,60.000
scene-0103_014,1,Car,car,42.859,10,roll,2.000,100.000,60.000
scene-0103_014,1,Car,car,42.859,10,roll,3.000,100.000,0.000
scene-0103_014,1,Car,car,42.859,10,ty,0.000,100.000,60.000
scene-0103_014,1,Car,car,42.859,10,ty,0.020,100.000,60.000
scene-0103_014,1,Car,car,42.859,10,ty,0.050,100.000,60.000
scene-0103_014,1,Car,car,42.859,10,ty,0.100,100.000,50.000
scene-0103_014,2,Car,car,11.309,131,yaw,0.000,100.000,100.000
scene-0103_014,2,Car,car,11.309,131,yaw,0.500,100.000,100.000
scene-0103_014,2,Car,car,11.309,131,yaw,1.000,100.000,99.237
scene-0103_014,2,Car,car,11.309,131,yaw,2.000,100.000,95.420
scene-0103_014,2,Car,car,11.309,131,yaw,3.000,100.000,90.840
scene-0103_014,2,Car,car,11.309,131,pitch,0.000,100.000,100.000
scene-0103_014,2,Car,car,11.309,131,pitch,0.500,100.000,100.000
scene-0103_014,2,Car,car,11.309,131,pitch,1.000,100.000,100.000
scene-0103_014,2,Car,car,11.309,131,pitch,2.000,100.000,100.000
scene-0103_014,2,Car,car,11.309,131,pitch,3.000,100.000,96.183
scene-0103_014,2,Car,car,11.309,131,roll,0.000,100.000,100.000
scene-0103_014,2,Car,car,11.309,131,roll,0.500,100.000,100.000
scene-0103_014,2,Car,car,11.309,131,roll,1.000,100.000,100.000
scene-0103_014,2,Car,car,11.309,131,roll,2.000,100.000,97.710
scene-0103_014,2,Car,car,11.309,131,roll,3.000,100.000,96.183
scene-0103_014,2,Car,car,11.309,131,ty,0.000,100.000,100.000
scene-0103_014,2,Car,car,11.309,131,ty,0.020,100.000,100.000
scene-0103_014,2,Car,car,11.309,131,ty,0.050,100.000,100.000
scene-0103_014,2,Car,car,11.309,131,ty,0.100,100.000,100.000
scene-0103_014,3,Car,car,22.604,29,yaw,0.000,100.000,100.000
scene-0103_014,3,Car,car,22.604,29,yaw,0.500,100.000,100.000
scene-0103_014,3,Car,car,22.604,29,yaw,1.000,100.000,93.103
scene-0103_014,3,Car,car,22.604,29,yaw,2.000,100.000,72.414
scene-0103_014,3,Car,car,22.604,29,yaw,3.000,100.000,51.724
scene-0103_014,3,Car,car,22.604,29,pitch,0.000,100.000,100.000
scene-0103_014,3,Car,car,22.604,29,pitch,0.500,100.000,100.000
scene-0103_014,3,Car,car,22.604,29,pitch,1.000,100.000,100.000
scene-0103_014,3,Car,car,22.604,29,pitch,2.000,100.000,100.000
scene-0103_014,3,Car,car,22.604,29,pitch,3.000,100.000,100.000
scene-0103_014,3,Car,car,22.604,29,roll,0.000,100.000,100.000
scene-0103_014,3,Car,car,22.604,29,roll,0.500,100.000,100.000
scene-0103_014,3,Car,car,22.604,29,roll,1.000,100.000,100.000
scene-0103_014,3,Car,car,22.604,29,roll,2.000,100.000,96.552
scene-0103_014,3,Car,car,22.604,29,roll,3.000,100.000,48.276
scene-0103_014,3,Car,car,22.604,29,ty,0.000,100.000,100.000
scene-0103_014,3,Car,car,22.604,29,ty,0.020,100.000,100.000
scene-0103_014,3,Car,car,22.604,29,ty,0.050,100.000,100.000
scene-0103_014,3,Car,car,22.604,29,ty,0.100,100.000,100.000
scene-0103_014,4,Pedestrian,vru,16.009,5,yaw,0.000,100.000,100.000
scene-0103_014,4,Pedestrian,vru,16.009,5,yaw,0.500,100.000,100.000
scene-0103_014,4,Pedestrian,vru,16.009,5,yaw,1.000,100.000,80.000
scene-0103_014,4,Pedestrian,vru,16.009,5,yaw,2.000,100.000,0.000
scene-0103_014,4,Pedestrian,vru,16.009,5,yaw,3.000,100.000,0.000
scene-0103_014,4,Pedestrian,vru,16.009,5,pitch,0.000,100.000,100.000
scene-0103_014,4,Pedestrian,vru,16.009,5,pitch,0.500,100.000,100.000
scene-0103_014,4,Pedestrian,vru,16.009,5,pitch,1.000,100.000,100.000
scene-0103_014,4,Pedestrian,vru,16.009,5,pitch,2.000,100.000,100.000
scene-0103_014,4,Pedestrian,vru,16.009,5,pitch,3.000,100.000,100.000
scene-0103_014,4,Pedestrian,vru,16.009,5,roll,0.000,100.000,100.000
scene-0103_014,4,Pedestrian,vru,16.009,5,roll,0.500,100.000,100.000
scene-0103_014,4,Pedestrian,vru,16.009,5,roll,1.000,100.000,100.000
scene-0103_014,4,Pedestrian,vru,16.009,5,roll,2.000,100.000,80.000
scene-0103_014,4,Pedestrian,vru,16.009,5,roll,3.000,100.000,20.000
scene-0103_014,4,Pedestrian,vru,16.009,5,ty,0.000,100.000,100.000
scene-0103_014,4,Pedestrian,vru,16.009,5,ty,0.020,100.000,100.000
scene-0103_014,4,Pedestrian,vru,16.009,5,ty,0.050,100.000,100.000
scene-0103_014,4,Pedestrian,vru,16.009,5,ty,0.100,100.000,100.000
scene-0103_015,0,Car,car,12.207,167,yaw,0.000,100.000,98.204
scene-0103_015,0,Car,car,12.207,167,yaw,0.500,100.000,97.006
scene-0103_015,0,Car,car,12.207,167,yaw,1.000,100.000,96.407
scene-0103_015,0,Car,car,12.207,167,yaw,2.000,100.000,94.012
scene-0103_015,0,Car,car,12.207,167,yaw,3.000,97.605,91.018
scene-0103_015,0,Car,car,12.207,167,pitch,0.000,100.000,98.204
scene-0103_015,0,Car,car,12.207,167,pitch,0.500,100.000,100.000
scene-0103_015,0,Car,car,12.207,167,pitch,1.000,100.000,100.000
scene-0103_015,0,Car,car,12.207,167,pitch,2.000,100.000,100.000
scene-0103_015,0,Car,car,12.207,167,pitch,3.000,100.000,96.407
scene-0103_015,0,Car,car,12.207,167,roll,0.000,100.000,98.204
scene-0103_015,0,Car,car,12.207,167,roll,0.500,100.000,100.000
scene-0103_015,0,Car,car,12.207,167,roll,1.000,100.000,100.000
scene-0103_015,0,Car,car,12.207,167,roll,2.000,100.000,90.419
scene-0103_015,0,Car,car,12.207,167,roll,3.000,100.000,82.036
scene-0103_015,0,Car,car,12.207,167,ty,0.000,100.000,98.204
scene-0103_015,0,Car,car,12.207,167,ty,0.020,100.000,98.204
scene-0103_015,0,Car,car,12.207,167,ty,0.050,100.000,98.204
scene-0103_015,0,Car,car,12.207,167,ty,0.100,100.000,98.802
scene-0103_015,1,Pedestrian,vru,18.931,9,yaw,0.000,100.000,100.000
scene-0103_015,1,Pedestrian,vru,18.931,9,yaw,0.500,100.000,100.000
scene-0103_015,1,Pedestrian,vru,18.931,9,yaw,1.000,100.000,66.667
scene-0103_015,1,Pedestrian,vru,18.931,9,yaw,2.000,66.667,0.000
scene-0103_015,1,Pedestrian,vru,18.931,9,yaw,3.000,0.000,0.000
scene-0103_015,1,Pedestrian,vru,18.931,9,pitch,0.000,100.000,100.000
scene-0103_015,1,Pedestrian,vru,18.931,9,pitch,0.500,100.000,100.000
scene-0103_015,1,Pedestrian,vru,18.931,9,pitch,1.000,100.000,100.000
scene-0103_015,1,Pedestrian,vru,18.931,9,pitch,2.000,100.000,100.000
scene-0103_015,1,Pedestrian,vru,18.931,9,pitch,3.000,100.000,100.000
scene-0103_015,1,Pedestrian,vru,18.931,9,roll,0.000,100.000,100.000
scene-0103_015,1,Pedestrian,vru,18.931,9,roll,0.500,100.000,100.000
scene-0103_015,1,Pedestrian,vru,18.931,9,roll,1.000,100.000,100.000
scene-0103_015,1,Pedestrian,vru,18.931,9,roll,2.000,100.000,66.667
scene-0103_015,1,Pedestrian,vru,18.931,9,roll,3.000,100.000,66.667
scene-0103_015,1,Pedestrian,vru,18.931,9,ty,0.000,100.000,100.000
scene-0103_015,1,Pedestrian,vru,18.931,9,ty,0.020,100.000,100.000
scene-0103_015,1,Pedestrian,vru,18.931,9,ty,0.050,100.000,100.000
scene-0103_015,1,Pedestrian,vru,18.931,9,ty,0.100,100.000,100.000
scene-0103_015,2,Car,car,41.394,7,yaw,0.000,100.000,100.000
scene-0103_015,2,Car,car,41.394,7,yaw,0.500,100.000,85.714
scene-0103_015,2,Car,car,41.394,7,yaw,1.000,100.000,57.143
scene-0103_015,2,Car,car,41.394,7,yaw,2.000,100.000,14.286
scene-0103_015,2,Car,car,41.394,7,yaw,3.000,100.000,0.000
scene-0103_015,2,Car,car,41.394,7,pitch,0.000,100.000,100.000
scene-0103_015,2,Car,car,41.394,7,pitch,0.500,100.000,100.000
scene-0103_015,2,Car,car,41.394,7,pitch,1.000,100.000,100.000
scene-0103_015,2,Car,car,41.394,7,pitch,2.000,100.000,100.000
scene-0103_015,2,Car,car,41.394,7,pitch,3.000,100.000,0.000
scene-0103_015,2,Car,car,41.394,7,roll,0.000,100.000,100.000
scene-0103_015,2,Car,car,41.394,7,roll,0.500,100.000,100.000
scene-0103_015,2,Car,car,41.394,7,roll,1.000,100.000,100.000
scene-0103_015,2,Car,car,41.394,7,roll,2.000,100.000,0.000
scene-0103_015,2,Car,car,41.394,7,roll,3.000,100.000,0.000
scene-0103_015,2,Car,car,41.394,7,ty,0.000,100.000,100.000
scene-0103_015,2,Car,car,41.394,7,ty,0.020,100.000,100.000
scene-0103_015,2,Car,car,41.394,7,ty,0.050,100.000,100.000
scene-0103_015,2,Car,car,41.394,7,ty,0.100,100.000,100.000
scene-0103_015,3,Car,car,9.834,193,yaw,0.000,86.528,86.528
scene-0103_015,3,Car,car,9.834,193,yaw,0.500,89.119,88.601
scene-0103_015,3,Car,car,9.834,193,yaw,1.000,92.746,92.746
scene-0103_015,3,Car,car,9.834,193,yaw,2.000,97.927,92.746
scene-0103_015,3,Car,car,9.834,193,yaw,3.000,100.000,91.192
scene-0103_015,3,Car,car,9.834,193,pitch,0.000,86.528,86.528
scene-0103_015,3,Car,car,9.834,193,pitch,0.500,86.528,86.528
scene-0103_015,3,Car,car,9.834,193,pitch,1.000,86.528,86.528
scene-0103_015,3,Car,car,9.834,193,pitch,2.000,86.528,86.528
scene-0103_015,3,Car,car,9.834,193,pitch,3.000,87.047,86.528
scene-0103_015,3,Car,car,9.834,193,roll,0.000,86.528,86.528
scene-0103_015,3,Car,car,9.834,193,roll,0.500,86.528,86.528
scene-0103_015,3,Car,car,9.834,193,roll,1.000,86.528,86.528
scene-0103_015,3,Car,car,9.834,193,roll,2.000,86.528,75.130
scene-0103_015,3,Car,car,9.834,193,roll,3.000,86.528,72.539
scene-0103_015,3,Car,car,9.834,193,ty,0.000,86.528,86.528
scene-0103_015,3,Car,car,9.834,193,ty,0.020,86.528,86.528
scene-0103_015,3,Car,car,9.834,193,ty,0.050,86.528,86.528
scene-0103_015,3,Car,car,9.834,193,ty,0.100,88.601,88.601
scene-0103_015,4,Car,car,21.155,25,yaw,0.000,100.000,100.000
scene-0103_015,4,Car,car,21.155,25,yaw,0.500,100.000,100.000
scene-0103_015,4,Car,car,21.155,25,yaw,1.000,100.000,100.000
scene-0103_015,4,Car,car,21.155,25,yaw,2.000,100.000,88.000
scene-0103_015,4,Car,car,21.155,25,yaw,3.000,100.000,76.000
scene-0103_015,4,Car,car,21.155,25,pitch,0.000,100.000,100.000
scene-0103_015,4,Car,car,21.155,25,pitch,0.500,100.000,100.000
scene-0103_015,4,Car,car,21.155,25,pitch,1.000,100.000,100.000
scene-0103_015,4,Car,car,21.155,25,pitch,2.000,100.000,100.000
scene-0103_015,4,Car,car,21.155,25,pitch,3.000,100.000,100.000
scene-0103_015,4,Car,car,21.155,25,roll,0.000,100.000,100.000
scene-0103_015,4,Car,car,21.155,25,roll,0.500,100.000,100.000
scene-0103_015,4,Car,car,21.155,25,roll,1.000,100.000,100.000
scene-0103_015,4,Car,car,21.155,25,roll,2.000,100.000,96.000
scene-0103_015,4,Car,car,21.155,25,roll,3.000,100.000,36.000
scene-0103_015,4,Car,car,21.155,25,ty,0.000,100.000,100.000
scene-0103_015,4,Car,car,21.155,25,ty,0.020,100.000,100.000
scene-0103_015,4,Car,car,21.155,25,ty,0.050,100.000,100.000
scene-0103_015,4,Car,car,21.155,25,ty,0.100,100.000,100.000
scene-0103_016,0,Car,car,12.263,165,yaw,0.000,100.000,100.000
scene-0103_016,0,Car,car,12.263,165,yaw,0.500,100.000,98.788
scene-0103_016,0,Car,car,12.263,165,yaw,1.000,100.000,97.576
scene-0103_016,0,Car,car,12.263,165,yaw,2.000,100.000,95.152
scene-0103_016,0,Car,car,12.263,165,yaw,3.000,100.000,91.515
scene-0103_016,0,Car,car,12.263,165,pitch,0.000,100.000,100.000
scene-0103_016,0,Car,car,12.263,165,pitch,0.500,100.000,100.000
scene-0103_016,0,Car,car,12.263,165,pitch,1.000,100.000,100.000
scene-0103_016,0,Car,car,12.263,165,pitch,2.000,100.000,100.000
scene-0103_016,0,Car,car,12.263,165,pitch,3.000,100.000,95.152
scene-0103_016,0,Car,car,12.263,165,roll,0.000,100.000,100.000
scene-0103_016,0,Car,car,12.263,165,roll,0.500,100.000,100.000
scene-0103_016,0,Car,car,12.263,165,roll,1.000,100.000,96.970
scene-0103_016,0,Car,car,12.263,165,roll,2.000,100.000,87.273
scene-0103_016,0,Car,car,12.263,165,roll,3.000,100.000,75.758
scene-0103_016,0,Car,car,12.263,165,ty,0.000,100.000,100.000
scene-0103_016,0,Car,car,12.263,165,ty,0.020,100.000,100.000
scene-0103_016,0,Car,car,12.263,165,ty,0.050,100.000,100.000
scene-0103_016,0,Car,car,12.263,165,ty,0.100,100.000,100.000
scene-0103_016,1,Pedestrian,vru,27.773,5,yaw,0.000,100.000,100.000
scene-0103_016,1,Pedestrian,vru,27.773,5,yaw,0.500,100.000,60.000
scene-0103_016,1,Pedestrian,vru,27.773,5,yaw,1.000,100.000,0.000
scene-0103_016,1,Pedestrian,vru,27.773,5,yaw,2.000,100.000,0.000
scene-0103_016,1,Pedestrian,vru,27.773,5,yaw,3.000,100.000,0.000
scene-0103_016,1,Pedestrian,vru,27.773,5,pitch,0.000,100.000,100.000
scene-0103_016,1,Pedestrian,vru,27.773,5,pitch,0.500,100.000,100.000
scene-0103_016,1,Pedestrian,vru,27.773,5,pitch,1.000,100.000,100.000
scene-0103_016,1,Pedestrian,vru,27.773,5,pitch,2.000,100.000,60.000
scene-0103_016,1,Pedestrian,vru,27.773,5,pitch,3.000,100.000,60.000
scene-0103_016,1,Pedestrian,vru,27.773,5,roll,0.000,100.000,100.000
scene-0103_016,1,Pedestrian,vru,27.773,5,roll,0.500,100.000,100.000
scene-0103_016,1,Pedestrian,vru,27.773,5,roll,1.000,100.000,100.000
scene-0103_016,1,Pedestrian,vru,27.773,5,roll,2.000,100.000,40.000
scene-0103_016,1,Pedestrian,vru,27.773,5,roll,3.000,100.000,40.000
scene-0103_016,1,Pedestrian,vru,27.773,5,ty,0.000,100.000,100.000
scene-0103_016,1,Pedestrian,vru,27.773,5,ty,0.020,100.000,100.000
scene-0103_016,1,Pedestrian,vru,27.773,5,ty,0.050,100.000,100.000
scene-0103_016,1,Pedestrian,vru,27.773,5,ty,0.100,100.000,100.000
scene-0103_016,2,Truck,car,56.832,7,yaw,0.000,100.000,100.000
scene-0103_016,2,Truck,car,56.832,7,yaw,0.500,100.000,85.714
scene-0103_016,2,Truck,car,56.832,7,yaw,1.000,100.000,71.429
scene-0103_016,2,Truck,car,56.832,7,yaw,2.000,100.000,28.571
scene-0103_016,2,Truck,car,56.832,7,yaw,3.000,100.000,0.000
scene-0103_016,2,Truck,car,56.832,7,pitch,0.000,100.000,100.000
scene-0103_016,2,Truck,car,56.832,7,pitch,0.500,100.000,100.000
scene-0103_016,2,Truck,car,56.832,7,pitch,1.000,100.000,100.000
scene-0103_016,2,Truck,car,56.832,7,pitch,2.000,100.000,100.000
scene-0103_016,2,Truck,car,56.832,7,pitch,3.000,100.000,100.000
scene-0103_016,2,Truck,car,56.832,7,roll,0.000,100.000,100.000
scene-0103_016,2,Truck,car,56.832,7,roll,0.500,100.000,100.000
scene-0103_016,2,Truck,car,56.832,7,roll,1.000,100.000,100.000
scene-0103_016,2,Truck,car,56.832,7,roll,2.000,100.000,14.286
scene-0103_016,2,Truck,car,56.832,7,roll,3.000,100.000,0.000
scene-0103_016,2,Truck,car,56.832,7,ty,0.000,100.000,100.000
scene-0103_016,2,Truck,car,56.832,7,ty,0.020,100.000,100.000
scene-0103_016,2,Truck,car,56.832,7,ty,0.050,100.000,100.000
scene-0103_016,2,Truck,car,56.832,7,ty,0.100,100.000,100.000
scene-0103_017,0,Car,car,12.750,118,yaw,0.000,100.000,100.000
scene-0103_017,0,Car,car,12.750,118,yaw,0.500,100.000,100.000
scene-0103_017,0,Car,car,12.750,118,yaw,1.000,100.000,100.000
scene-0103_017,0,Car,car,12.750,118,yaw,2.000,100.000,97.458
scene-0103_017,0,Car,car,12.750,118,yaw,3.000,100.000,92.373
scene-0103_017,0,Car,car,12.750,118,pitch,0.000,100.000,100.000
scene-0103_017,0,Car,car,12.750,118,pitch,0.500,100.000,100.000
scene-0103_017,0,Car,car,12.750,118,pitch,1.000,100.000,100.000
scene-0103_017,0,Car,car,12.750,118,pitch,2.000,100.000,100.000
scene-0103_017,0,Car,car,12.750,118,pitch,3.000,100.000,100.000
scene-0103_017,0,Car,car,12.750,118,roll,0.000,100.000,100.000
scene-0103_017,0,Car,car,12.750,118,roll,0.500,100.000,100.000
scene-0103_017,0,Car,car,12.750,118,roll,1.000,100.000,79.661
scene-0103_017,0,Car,car,12.750,118,roll,2.000,100.000,79.661
scene-0103_017,0,Car,car,12.750,118,roll,3.000,100.000,63.559
scene-0103_017,0,Car,car,12.750,118,ty,0.000,100.000,100.000
scene-0103_017,0,Car,car,12.750,118,ty,0.020,100.000,100.000
scene-0103_017,0,Car,car,12.750,118,ty,0.050,100.000,100.000
scene-0103_017,0,Car,car,12.750,118,ty,0.100,100.000,100.000
scene-0103_017,1,Car,car,39.706,6,yaw,0.000,100.000,100.000
scene-0103_017,1,Car,car,39.706,6,yaw,0.500,100.000,100.000
scene-0103_017,1,Car,car,39.706,6,yaw,1.000,100.000,66.667
scene-0103_017,1,Car,car,39.706,6,yaw,2.000,100.000,16.667
scene-0103_017,1,Car,car,39.706,6,yaw,3.000,100.000,0.000
scene-0103_017,1,Car,car,39.706,6,pitch,0.000,100.000,100.000
scene-0103_017,1,Car,car,39.706,6,pitch,0.500,100.000,100.000
scene-0103_017,1,Car,car,39.706,6,pitch,1.000,100.000,100.000
scene-0103_017,1,Car,car,39.706,6,pitch,2.000,100.000,100.000
scene-0103_017,1,Car,car,39.706,6,pitch,3.000,100.000,100.000
scene-0103_017,1,Car,car,39.706,6,roll,0.000,100.000,100.000
scene-0103_017,1,Car,car,39.706,6,roll,0.500,100.000,100.000
scene-0103_017,1,Car,car,39.706,6,roll,1.000,100.000,100.000
scene-0103_017,1,Car,car,39.706,6,roll,2.000,100.000,0.000
scene-0103_017,1,Car,car,39.706,6,roll,3.000,100.000,0.000
scene-0103_017,1,Car,car,39.706,6,ty,0.000,100.000,100.000
scene-0103_017,1,Car,car,39.706,6,ty,0.020,100.000,100.000
scene-0103_017,1,Car,car,39.706,6,ty,0.050,100.000,100.000
scene-0103_017,1,Car,car,39.706,6,ty,0.100,100.000,100.000
scene-0103_018,0,Car,car,13.357,104,yaw,0.000,100.000,99.038
scene-0103_018,0,Car,car,13.357,104,yaw,0.500,100.000,99.038
scene-0103_018,0,Car,car,13.357,104,yaw,1.000,100.000,99.038
scene-0103_018,0,Car,car,13.357,104,yaw,2.000,100.000,95.192
scene-0103_018,0,Car,car,13.357,104,yaw,3.000,100.000,89.423
scene-0103_018,0,Car,car,13.357,104,pitch,0.000,100.000,99.038
scene-0103_018,0,Car,car,13.357,104,pitch,0.500,100.000,99.038
scene-0103_018,0,Car,car,13.357,104,pitch,1.000,100.000,99.038
scene-0103_018,0,Car,car,13.357,104,pitch,2.000,100.000,99.038
scene-0103_018,0,Car,car,13.357,104,pitch,3.000,100.000,99.038
scene-0103_018,0,Car,car,13.357,104,roll,0.000,100.000,99.038
scene-0103_018,0,Car,car,13.357,104,roll,0.500,100.000,99.038
scene-0103_018,0,Car,car,13.357,104,roll,1.000,100.000,83.654
scene-0103_018,0,Car,car,13.357,104,roll,2.000,100.000,80.769
scene-0103_018,0,Car,car,13.357,104,roll,3.000,100.000,68.269
scene-0103_018,0,Car,car,13.357,104,ty,0.000,100.000,99.038
scene-0103_018,0,Car,car,13.357,104,ty,0.020,100.000,99.038
scene-0103_018,0,Car,car,13.357,104,ty,0.050,100.000,99.038
scene-0103_018,0,Car,car,13.357,104,ty,0.100,100.000,99.038
scene-0103_018,1,Car,car,21.200,39,yaw,0.000,100.000,100.000
scene-0103_018,1,Car,car,21.200,39,yaw,0.500,100.000,100.000
scene-0103_018,1,Car,car,21.200,39,yaw,1.000,100.000,97.436
scene-0103_018,1,Car,car,21.200,39,yaw,2.000,100.000,89.744
scene-0103_018,1,Car,car,21.200,39,yaw,3.000,100.000,79.487
scene-0103_018,1,Car,car,21.200,39,pitch,0.000,100.000,100.000
scene-0103_018,1,Car,car,21.200,39,pitch,0.500,100.000,100.000
scene-0103_018,1,Car,car,21.200,39,pitch,1.000,100.000,100.000
scene-0103_018,1,Car,car,21.200,39,pitch,2.000,100.000,100.000
scene-0103_018,1,Car,car,21.200,39,pitch,3.000,100.000,97.436
scene-0103_018,1,Car,car,21.200,39,roll,0.000,100.000,100.000
scene-0103_018,1,Car,car,21.200,39,roll,0.500,100.000,100.000
scene-0103_018,1,Car,car,21.200,39,roll,1.000,100.000,100.000
scene-0103_018,1,Car,car,21.200,39,roll,2.000,100.000,94.872
scene-0103_018,1,Car,car,21.200,39,roll,3.000,100.000,46.154
scene-0103_018,1,Car,car,21.200,39,ty,0.000,100.000,100.000
scene-0103_018,1,Car,car,21.200,39,ty,0.020,100.000,100.000
scene-0103_018,1,Car,car,21.200,39,ty,0.050,100.000,100.000
scene-0103_018,1,Car,car,21.200,39,ty,0.100,100.000,100.000
scene-0103_018,2,Car,car,24.942,7,yaw,0.000,100.000,100.000
scene-0103_018,2,Car,car,24.942,7,yaw,0.500,100.000,85.714
scene-0103_018,2,Car,car,24.942,7,yaw,1.000,100.000,71.429
scene-0103_018,2,Car,car,24.942,7,yaw,2.000,100.000,71.429
scene-0103_018,2,Car,car,24.942,7,yaw,3.000,100.000,57.143
scene-0103_018,2,Car,car,24.942,7,pitch,0.000,100.000,100.000
scene-0103_018,2,Car,car,24.942,7,pitch,0.500,100.000,100.000
scene-0103_018,2,Car,car,24.942,7,pitch,1.000,100.000,100.000
scene-0103_018,2,Car,car,24.942,7,pitch,2.000,100.000,0.000
scene-0103_018,2,Car,car,24.942,7,pitch,3.000,100.000,0.000
scene-0103_018,2,Car,car,24.942,7,roll,0.000,100.000,100.000
scene-0103_018,2,Car,car,24.942,7,roll,0.500,100.000,100.000
scene-0103_018,2,Car,car,24.942,7,roll,1.000,100.000,100.000
scene-0103_018,2,Car,car,24.942,7,roll,2.000,100.000,100.000
scene-0103_018,2,Car,car,24.942,7,roll,3.000,100.000,100.000
scene-0103_018,2,Car,car,24.942,7,ty,0.000,100.000,100.000
scene-0103_018,2,Car,car,24.942,7,ty,0.020,100.000,100.000
scene-0103_018,2,Car,car,24.942,7,ty,0.050,100.000,100.000
scene-0103_018,2,Car,car,24.942,7,ty,0.100,100.000,100.000
scene-0103_019,0,Car,car,15.338,62,yaw,0.000,100.000,100.000
scene-0103_019,0,Car,car,15.338,62,yaw,0.500,100.000,100.000
scene-0103_019,0,Car,car,15.338,62,yaw,1.000,100.000,96.774
scene-0103_019,0,Car,car,15.338,62,yaw,2.000,100.000,91.935
scene-0103_019,0,Car,car,15.338,62,yaw,3.000,100.000,85.484
scene-0103_019,0,Car,car,15.338,62,pitch,0.000,100.000,100.000
scene-0103_019,0,Car,car,15.338,62,pitch,0.500,100.000,100.000
scene-0103_019,0,Car,car,15.338,62,pitch,1.000,100.000,100.000
scene-0103_019,0,Car,car,15.338,62,pitch,2.000,100.000,100.000
scene-0103_019,0,Car,car,15.338,62,pitch,3.000,100.000,100.000
scene-0103_019,0,Car,car,15.338,62,roll,0.000,100.000,100.000
scene-0103_019,0,Car,car,15.338,62,roll,0.500,100.000,100.000
scene-0103_019,0,Car,car,15.338,62,roll,1.000,100.000,70.968
scene-0103_019,0,Car,car,15.338,62,roll,2.000,100.000,67.742
scene-0103_019,0,Car,car,15.338,62,roll,3.000,100.000,58.065
scene-0103_019,0,Car,car,15.338,62,ty,0.000,100.000,100.000
scene-0103_019,0,Car,car,15.338,62,ty,0.020,100.000,100.000
scene-0103_019,0,Car,car,15.338,62,ty,0.050,100.000,100.000
scene-0103_019,0,Car,car,15.338,62,ty,0.100,100.000,100.000
scene-0103_019,1,Car,car,37.783,9,yaw,0.000,100.000,100.000
scene-0103_019,1,Car,car,37.783,9,yaw,0.500,100.000,100.000
scene-0103_019,1,Car,car,37.783,9,yaw,1.000,100.000,77.778
scene-0103_019,1,Car,car,37.783,9,yaw,2.000,100.000,44.444
scene-0103_019,1,Car,car,37.783,9,yaw,3.000,100.000,0.000
scene-0103_019,1,Car,car,37.783,9,pitch,0.000,100.000,100.000
scene-0103_019,1,Car,car,37.783,9,pitch,0.500,100.000,22.222
scene-0103_019,1,Car,car,37.783,9,pitch,1.000,100.000,22.222
scene-0103_019,1,Car,car,37.783,9,pitch,2.000,100.000,22.222
scene-0103_019,1,Car,car,37.783,9,pitch,3.000,100.000,22.222
scene-0103_019,1,Car,car,37.783,9,roll,0.000,100.000,100.000
scene-0103_019,1,Car,car,37.783,9,roll,0.500,100.000,100.000
scene-0103_019,1,Car,car,37.783,9,roll,1.000,100.000,100.000
scene-0103_019,1,Car,car,37.783,9,roll,2.000,100.000,77.778
scene-0103_019,1,Car,car,37.783,9,roll,3.000,100.000,0.000
scene-0103_019,1,Car,car,37.783,9,ty,0.000,100.000,100.000
scene-0103_019,1,Car,car,37.783,9,ty,0.020,100.000,100.000
scene-0103_019,1,Car,car,37.783,9,ty,0.050,100.000,100.000
scene-0103_019,1,Car,car,37.783,9,ty,0.100,100.000,100.000
scene-0103_019,2,Truck,car,54.290,5,yaw,0.000,100.000,100.000
scene-0103_019,2,Truck,car,54.290,5,yaw,0.500,100.000,100.000
scene-0103_019,2,Truck,car,54.290,5,yaw,1.000,100.000,100.000
scene-0103_019,2,Truck,car,54.290,5,yaw,2.000,100.000,60.000
scene-0103_019,2,Truck,car,54.290,5,yaw,3.000,100.000,0.000
scene-0103_019,2,Truck,car,54.290,5,pitch,0.000,100.000,100.000
scene-0103_019,2,Truck,car,54.290,5,pitch,0.500,100.000,100.000
scene-0103_019,2,Truck,car,54.290,5,pitch,1.000,100.000,100.000
scene-0103_019,2,Truck,car,54.290,5,pitch,2.000,100.000,100.000
scene-0103_019,2,Truck,car,54.290,5,pitch,3.000,100.000,100.000
scene-0103_019,2,Truck,car,54.290,5,roll,0.000,100.000,100.000
scene-0103_019,2,Truck,car,54.290,5,roll,0.500,100.000,100.000
scene-0103_019,2,Truck,car,54.290,5,roll,1.000,100.000,100.000
scene-0103_019,2,Truck,car,54.290,5,roll,2.000,100.000,20.000
scene-0103_019,2,Truck,car,54.290,5,roll,3.000,100.000,0.000
scene-0103_019,2,Truck,car,54.290,5,ty,0.000,100.000,100.000
scene-0103_019,2,Truck,car,54.290,5,ty,0.020,100.000,100.000
scene-0103_019,2,Truck,car,54.290,5,ty,0.050,100.000,100.000
scene-0103_019,2,Truck,car,54.290,5,ty,0.100,100.000,100.000
scene-0103_019,3,Car,car,24.053,7,yaw,0.000,100.000,100.000
scene-0103_019,3,Car,car,24.053,7,yaw,0.500,100.000,100.000
scene-0103_019,3,Car,car,24.053,7,yaw,1.000,100.000,71.429
scene-0103_019,3,Car,car,24.053,7,yaw,2.000,100.000,71.429
scene-0103_019,3,Car,car,24.053,7,yaw,3.000,100.000,57.143
scene-0103_019,3,Car,car,24.053,7,pitch,0.000,100.000,100.000
scene-0103_019,3,Car,car,24.053,7,pitch,0.500,100.000,100.000
scene-0103_019,3,Car,car,24.053,7,pitch,1.000,100.000,100.000
scene-0103_019,3,Car,car,24.053,7,pitch,2.000,100.000,100.000
scene-0103_019,3,Car,car,24.053,7,pitch,3.000,100.000,0.000
scene-0103_019,3,Car,car,24.053,7,roll,0.000,100.000,100.000
scene-0103_019,3,Car,car,24.053,7,roll,0.500,100.000,100.000
scene-0103_019,3,Car,car,24.053,7,roll,1.000,100.000,100.000
scene-0103_019,3,Car,car,24.053,7,roll,2.000,100.000,100.000
scene-0103_019,3,Car,car,24.053,7,roll,3.000,100.000,57.143
scene-0103_019,3,Car,car,24.053,7,ty,0.000,100.000,100.000
scene-0103_019,3,Car,car,24.053,7,ty,0.020,100.000,100.000
scene-0103_019,3,Car,car,24.053,7,ty,0.050,100.000,100.000
scene-0103_019,3,Car,car,24.053,7,ty,0.100,100.000,100.000
scene-0103_019,4,Car,car,15.882,96,yaw,0.000,100.000,87.500
scene-0103_019,4,Car,car,15.882,96,yaw,0.500,100.000,87.500
scene-0103_019,4,Car,car,15.882,96,yaw,1.000,100.000,87.500
scene-0103_019,4,Car,car,15.882,96,yaw,2.000,100.000,83.333
scene-0103_019,4,Car,car,15.882,96,yaw,3.000,100.000,79.167
scene-0103_019,4,Car,car,15.882,96,pitch,0.000,100.000,87.500
scene-0103_019,4,Car,car,15.882,96,pitch,0.500,100.000,100.000
scene-0103_019,4,Car,car,15.882,96,pitch,1.000,100.000,100.000
scene-0103_019,4,Car,car,15.882,96,pitch,2.000,100.000,100.000
scene-0103_019,4,Car,car,15.882,96,pitch,3.000,100.000,100.000
scene-0103_019,4,Car,car,15.882,96,roll,0.000,100.000,87.500
scene-0103_019,4,Car,car,15.882,96,roll,0.500,100.000,100.000
scene-0103_019,4,Car,car,15.882,96,roll,1.000,100.000,100.000
scene-0103_019,4,Car,car,15.882,96,roll,2.000,100.000,96.875
scene-0103_019,4,Car,car,15.882,96,roll,3.000,100.000,66.667
scene-0103_019,4,Car,car,15.882,96,ty,0.000,100.000,87.500
scene-0103_019,4,Car,car,15.882,96,ty,0.020,100.000,88.542
scene-0103_019,4,Car,car,15.882,96,ty,0.050,100.000,88.542
scene-0103_019,4,Car,car,15.882,96,ty,0.100,100.000,89.583
scene-0103_020,0,Car,car,17.373,25,yaw,0.000,100.000,84.000
scene-0103_020,0,Car,car,17.373,25,yaw,0.500,100.000,84.000
scene-0103_020,0,Car,car,17.373,25,yaw,1.000,100.000,84.000
scene-0103_020,0,Car,car,17.373,25,yaw,2.000,100.000,72.000
scene-0103_020,0,Car,car,17.373,25,yaw,3.000,100.000,68.000
scene-0103_020,0,Car,car,17.373,25,pitch,0.000,100.000,84.000
scene-0103_020,0,Car,car,17.373,25,pitch,0.500,100.000,84.000
scene-0103_020,0,Car,car,17.373,25,pitch,1.000,100.000,84.000
scene-0103_020,0,Car,car,17.373,25,pitch,2.000,100.000,84.000
scene-0103_020,0,Car,car,17.373,25,pitch,3.000,100.000,84.000
scene-0103_020,0,Car,car,17.373,25,roll,0.000,100.000,84.000
scene-0103_020,0,Car,car,17.373,25,roll,0.500,100.000,100.000
scene-0103_020,0,Car,car,17.373,25,roll,1.000,100.000,100.000
scene-0103_020,0,Car,car,17.373,25,roll,2.000,100.000,60.000
scene-0103_020,0,Car,car,17.373,25,roll,3.000,100.000,48.000
scene-0103_020,0,Car,car,17.373,25,ty,0.000,100.000,84.000
scene-0103_020,0,Car,car,17.373,25,ty,0.020,100.000,84.000
scene-0103_020,0,Car,car,17.373,25,ty,0.050,100.000,84.000
scene-0103_020,0,Car,car,17.373,25,ty,0.100,100.000,84.000
scene-0103_020,1,Car,car,36.740,10,yaw,0.000,100.000,100.000
scene-0103_020,1,Car,car,36.740,10,yaw,0.500,100.000,90.000
scene-0103_020,1,Car,car,36.740,10,yaw,1.000,100.000,70.000
scene-0103_020,1,Car,car,36.740,10,yaw,2.000,100.000,40.000
scene-0103_020,1,Car,car,36.740,10,yaw,3.000,100.000,0.000
scene-0103_020,1,Car,car,36.740,10,pitch,0.000,100.000,100.000
scene-0103_020,1,Car,car,36.740,10,pitch,0.500,100.000,100.000
scene-0103_020,1,Car,car,36.740,10,pitch,1.000,100.000,100.000
scene-0103_020,1,Car,car,36.740,10,pitch,2.000,100.000,20.000
scene-0103_020,1,Car,car,36.740,10,pitch,3.000,100.000,20.000
scene-0103_020,1,Car,car,36.740,10,roll,0.000,100.000,100.000
scene-0103_020,1,Car,car,36.740,10,roll,0.500,100.000,100.000
scene-0103_020,1,Car,car,36.740,10,roll,1.000,100.000,80.000
scene-0103_020,1,Car,car,36.740,10,roll,2.000,100.000,80.000
scene-0103_020,1,Car,car,36.740,10,roll,3.000,100.000,0.000
scene-0103_020,1,Car,car,36.740,10,ty,0.000,100.000,100.000
scene-0103_020,1,Car,car,36.740,10,ty,0.020,100.000,100.000
scene-0103_020,1,Car,car,36.740,10,ty,0.050,100.000,100.000
scene-0103_020,1,Car,car,36.740,10,ty,0.100,100.000,100.000
scene-0103_020,2,Truck,car,53.274,5,yaw,0.000,100.000,100.000
scene-0103_020,2,Truck,car,53.274,5,yaw,0.500,100.000,100.000
scene-0103_020,2,Truck,car,53.274,5,yaw,1.000,100.000,100.000
scene-0103_020,2,Truck,car,53.274,5,yaw,2.000,100.000,60.000
scene-0103_020,2,Truck,car,53.274,5,yaw,3.000,100.000,0.000
scene-0103_020,2,Truck,car,53.274,5,pitch,0.000,100.000,100.000
scene-0103_020,2,Truck,car,53.274,5,pitch,0.500,100.000,100.000
scene-0103_020,2,Truck,car,53.274,5,pitch,1.000,100.000,100.000
scene-0103_020,2,Truck,car,53.274,5,pitch,2.000,100.000,100.000
scene-0103_020,2,Truck,car,53.274,5,pitch,3.000,100.000,100.000
scene-0103_020,2,Truck,car,53.274,5,roll,0.000,100.000,100.000
scene-0103_020,2,Truck,car,53.274,5,roll,0.500,100.000,100.000
scene-0103_020,2,Truck,car,53.274,5,roll,1.000,100.000,0.000
scene-0103_020,2,Truck,car,53.274,5,roll,2.000,100.000,0.000
scene-0103_020,2,Truck,car,53.274,5,roll,3.000,100.000,0.000
scene-0103_020,2,Truck,car,53.274,5,ty,0.000,100.000,100.000
scene-0103_020,2,Truck,car,53.274,5,ty,0.020,100.000,100.000
scene-0103_020,2,Truck,car,53.274,5,ty,0.050,100.000,100.000
scene-0103_020,2,Truck,car,53.274,5,ty,0.100,100.000,100.000
scene-0103_020,3,Car,car,22.999,6,yaw,0.000,100.000,50.000
scene-0103_020,3,Car,car,22.999,6,yaw,0.500,100.000,50.000
scene-0103_020,3,Car,car,22.999,6,yaw,1.000,100.000,50.000
scene-0103_020,3,Car,car,22.999,6,yaw,2.000,100.000,50.000
scene-0103_020,3,Car,car,22.999,6,yaw,3.000,100.000,50.000
scene-0103_020,3,Car,car,22.999,6,pitch,0.000,100.000,50.000
scene-0103_020,3,Car,car,22.999,6,pitch,0.500,100.000,50.000
scene-0103_020,3,Car,car,22.999,6,pitch,1.000,100.000,50.000
scene-0103_020,3,Car,car,22.999,6,pitch,2.000,100.000,50.000
scene-0103_020,3,Car,car,22.999,6,pitch,3.000,100.000,0.000
scene-0103_020,3,Car,car,22.999,6,roll,0.000,100.000,50.000
scene-0103_020,3,Car,car,22.999,6,roll,0.500,100.000,100.000
scene-0103_020,3,Car,car,22.999,6,roll,1.000,100.000,100.000
scene-0103_020,3,Car,car,22.999,6,roll,2.000,100.000,100.000
scene-0103_020,3,Car,car,22.999,6,roll,3.000,100.000,100.000
scene-0103_020,3,Car,car,22.999,6,ty,0.000,100.000,50.000
scene-0103_020,3,Car,car,22.999,6,ty,0.020,100.000,50.000
scene-0103_020,3,Car,car,22.999,6,ty,0.050,100.000,50.000
scene-0103_020,3,Car,car,22.999,6,ty,0.100,100.000,50.000
scene-0103_020,4,Car,car,14.289,128,yaw,0.000,100.000,100.000
scene-0103_020,4,Car,car,14.289,128,yaw,0.500,100.000,100.000
scene-0103_020,4,Car,car,14.289,128,yaw,1.000,100.000,100.000
scene-0103_020,4,Car,car,14.289,128,yaw,2.000,100.000,96.875
scene-0103_020,4,Car,car,14.289,128,yaw,3.000,100.000,89.844
scene-0103_020,4,Car,car,14.289,128,pitch,0.000,100.000,100.000
scene-0103_020,4,Car,car,14.289,128,pitch,0.500,100.000,100.000
scene-0103_020,4,Car,car,14.289,128,pitch,1.000,100.000,100.000
scene-0103_020,4,Car,car,14.289,128,pitch,2.000,100.000,100.000
scene-0103_020,4,Car,car,14.289,128,pitch,3.000,100.000,92.188
scene-0103_020,4,Car,car,14.289,128,roll,0.000,100.000,100.000
scene-0103_020,4,Car,car,14.289,128,roll,0.500,100.000,100.000
scene-0103_020,4,Car,car,14.289,128,roll,1.000,100.000,91.406
scene-0103_020,4,Car,car,14.289,128,roll,2.000,100.000,89.062
scene-0103_020,4,Car,car,14.289,128,roll,3.000,100.000,75.781
scene-0103_020,4,Car,car,14.289,128,ty,0.000,100.000,100.000
scene-0103_020,4,Car,car,14.289,128,ty,0.020,100.000,100.000
scene-0103_020,4,Car,car,14.289,128,ty,0.050,100.000,100.000
scene-0103_020,4,Car,car,14.289,128,ty,0.100,100.000,100.000
scene-0103_021,0,Car,car,19.161,32,yaw,0.000,100.000,100.000
scene-0103_021,0,Car,car,19.161,32,yaw,0.500,100.000,100.000
scene-0103_021,0,Car,car,19.161,32,yaw,1.000,100.000,90.625
scene-0103_021,0,Car,car,19.161,32,yaw,2.000,100.000,75.000
scene-0103_021,0,Car,car,19.161,32,yaw,3.000,100.000,65.625
scene-0103_021,0,Car,car,19.161,32,pitch,0.000,100.000,100.000
scene-0103_021,0,Car,car,19.161,32,pitch,0.500,100.000,100.000
scene-0103_021,0,Car,car,19.161,32,pitch,1.000,100.000,100.000
scene-0103_021,0,Car,car,19.161,32,pitch,2.000,100.000,100.000
scene-0103_021,0,Car,car,19.161,32,pitch,3.000,100.000,100.000
scene-0103_021,0,Car,car,19.161,32,roll,0.000,100.000,100.000
scene-0103_021,0,Car,car,19.161,32,roll,0.500,100.000,100.000
scene-0103_021,0,Car,car,19.161,32,roll,1.000,100.000,100.000
scene-0103_021,0,Car,car,19.161,32,roll,2.000,100.000,93.750
scene-0103_021,0,Car,car,19.161,32,roll,3.000,100.000,84.375
scene-0103_021,0,Car,car,19.161,32,ty,0.000,100.000,100.000
scene-0103_021,0,Car,car,19.161,32,ty,0.020,100.000,100.000
scene-0103_021,0,Car,car,19.161,32,ty,0.050,100.000,100.000
scene-0103_021,0,Car,car,19.161,32,ty,0.100,100.000,100.000
scene-0103_021,1,Car,car,35.369,10,yaw,0.000,100.000,100.000
scene-0103_021,1,Car,car,35.369,10,yaw,0.500,100.000,90.000
scene-0103_021,1,Car,car,35.369,10,yaw,1.000,100.000,70.000
scene-0103_021,1,Car,car,35.369,10,yaw,2.000,100.000,40.000
scene-0103_021,1,Car,car,35.369,10,yaw,3.000,100.000,0.000
scene-0103_021,1,Car,car,35.369,10,pitch,0.000,100.000,100.000
scene-0103_021,1,Car,car,35.369,10,pitch,0.500,100.000,100.000
scene-0103_021,1,Car,car,35.369,10,pitch,1.000,100.000,100.000
scene-0103_021,1,Car,car,35.369,10,pitch,2.000,100.000,100.000
scene-0103_021,1,Car,car,35.369,10,pitch,3.000,100.000,20.000
scene-0103_021,1,Car,car,35.369,10,roll,0.000,100.000,100.000
scene-0103_021,1,Car,car,35.369,10,roll,0.500,100.000,100.000
scene-0103_021,1,Car,car,35.369,10,roll,1.000,100.000,80.000
scene-0103_021,1,Car,car,35.369,10,roll,2.000,100.000,80.000
scene-0103_021,1,Car,car,35.369,10,roll,3.000,100.000,0.000
scene-0103_021,1,Car,car,35.369,10,ty,0.000,100.000,100.000
scene-0103_021,1,Car,car,35.369,10,ty,0.020,100.000,100.000
scene-0103_021,1,Car,car,35.369,10,ty,0.050,100.000,100.000
scene-0103_021,1,Car,car,35.369,10,ty,0.100,100.000,100.000
scene-0103_021,2,Truck,car,51.899,7,yaw,0.000,100.000,85.714
scene-0103_021,2,Truck,car,51.899,7,yaw,0.500,100.000,85.714
scene-0103_021,2,Truck,car,51.899,7,yaw,1.000,100.000,85.714
scene-0103_021,2,Truck,car,51.899,7,yaw,2.000,100.000,57.143
scene-0103_021,2,Truck,car,51.899,7,yaw,3.000,100.000,14.286
scene-0103_021,2,Truck,car,51.899,7,pitch,0.000,100.000,85.714
scene-0103_021,2,Truck,car,51.899,7,pitch,0.500,100.000,85.714
scene-0103_021,2,Truck,car,51.899,7,pitch,1.000,100.000,100.000
scene-0103_021,2,Truck,car,51.899,7,pitch,2.000,100.000,100.000
scene-0103_021,2,Truck,car,51.899,7,pitch,3.000,100.000,100.000
scene-0103_021,2,Truck,car,51.899,7,roll,0.000,100.000,85.714
scene-0103_021,2,Truck,car,51.899,7,roll,0.500,100.000,100.000
scene-0103_021,2,Truck,car,51.899,7,roll,1.000,100.000,42.857
scene-0103_021,2,Truck,car,51.899,7,roll,2.000,100.000,42.857
scene-0103_021,2,Truck,car,51.899,7,roll,3.000,100.000,14.286
scene-0103_021,2,Truck,car,51.899,7,ty,0.000,100.000,85.714
scene-0103_021,2,Truck,car,51.899,7,ty,0.020,100.000,85.714
scene-0103_021,2,Truck,car,51.899,7,ty,0.050,100.000,85.714
scene-0103_021,2,Truck,car,51.899,7,ty,0.100,100.000,85.714
scene-0103_021,3,Car,car,12.636,177,yaw,0.000,100.000,100.000
scene-0103_021,3,Car,car,12.636,177,yaw,0.500,100.000,100.000
scene-0103_021,3,Car,car,12.636,177,yaw,1.000,100.000,98.870
scene-0103_021,3,Car,car,12.636,177,yaw,2.000,99.435,97.175
scene-0103_021,3,Car,car,12.636,177,yaw,3.000,97.740,93.785
scene-0103_021,3,Car,car,12.636,177,pitch,0.000,100.000,100.000
scene-0103_021,3,Car,car,12.636,177,pitch,0.500,100.000,100.000
scene-0103_021,3,Car,car,12.636,177,pitch,1.000,100.000,100.000
scene-0103_021,3,Car,car,12.636,177,pitch,2.000,100.000,94.350
scene-0103_021,3,Car,car,12.636,177,pitch,3.000,100.000,93.785
scene-0103_021,3,Car,car,12.636,177,roll,0.000,100.000,100.000
scene-0103_021,3,Car,car,12.636,177,roll,0.500,100.000,100.000
scene-0103_021,3,Car,car,12.636,177,roll,1.000,100.000,93.785
scene-0103_021,3,Car,car,12.636,177,roll,2.000,100.000,93.785
scene-0103_021,3,Car,car,12.636,177,roll,3.000,100.000,83.051
scene-0103_021,3,Car,car,12.636,177,ty,0.000,100.000,100.000
scene-0103_021,3,Car,car,12.636,177,ty,0.020,100.000,100.000
scene-0103_021,3,Car,car,12.636,177,ty,0.050,100.000,100.000
scene-0103_021,3,Car,car,12.636,177,ty,0.100,100.000,100.000
scene-0103_022,0,Car,car,21.066,7,yaw,0.000,100.000,100.000
scene-0103_022,0,Car,car,21.066,7,yaw,0.500,100.000,100.000
scene-0103_022,0,Car,car,21.066,7,yaw,1.000,100.000,85.714
scene-0103_022,0,Car,car,21.066,7,yaw,2.000,100.000,85.714
scene-0103_022,0,Car,car,21.066,7,yaw,3.000,100.000,71.429
scene-0103_022,0,Car,car,21.066,7,pitch,0.000,100.000,100.000
scene-0103_022,0,Car,car,21.066,7,pitch,0.500,100.000,100.000
scene-0103_022,0,Car,car,21.066,7,pitch,1.000,100.000,100.000
scene-0103_022,0,Car,car,21.066,7,pitch,2.000,100.000,100.000
scene-0103_022,0,Car,car,21.066,7,pitch,3.000,100.000,100.000
scene-0103_022,0,Car,car,21.066,7,roll,0.000,100.000,100.000
scene-0103_022,0,Car,car,21.066,7,roll,0.500,100.000,100.000
scene-0103_022,0,Car,car,21.066,7,roll,1.000,100.000,100.000
scene-0103_022,0,Car,car,21.066,7,roll,2.000,100.000,85.714
scene-0103_022,0,Car,car,21.066,7,roll,3.000,100.000,14.286
scene-0103_022,0,Car,car,21.066,7,ty,0.000,100.000,100.000
scene-0103_022,0,Car,car,21.066,7,ty,0.020,100.000,100.000
scene-0103_022,0,Car,car,21.066,7,ty,0.050,100.000,100.000
scene-0103_022,0,Car,car,21.066,7,ty,0.100,100.000,100.000
scene-0103_022,1,Car,car,33.985,10,yaw,0.000,100.000,100.000
scene-0103_022,1,Car,car,33.985,10,yaw,0.500,100.000,100.000
scene-0103_022,1,Car,car,33.985,10,yaw,1.000,100.000,70.000
scene-0103_022,1,Car,car,33.985,10,yaw,2.000,100.000,40.000
scene-0103_022,1,Car,car,33.985,10,yaw,3.000,100.000,0.000
scene-0103_022,1,Car,car,33.985,10,pitch,0.000,100.000,100.000
scene-0103_022,1,Car,car,33.985,10,pitch,0.500,100.000,100.000
scene-0103_022,1,Car,car,33.985,10,pitch,1.000,100.000,100.000
scene-0103_022,1,Car,car,33.985,10,pitch,2.000,100.000,100.000
scene-0103_022,1,Car,car,33.985,10,pitch,3.000,100.000,40.000
scene-0103_022,1,Car,car,33.985,10,roll,0.000,100.000,100.000
scene-0103_022,1,Car,car,33.985,10,roll,0.500,100.000,100.000
scene-0103_022,1,Car,car,33.985,10,roll,1.000,100.000,80.000
scene-0103_022,1,Car,car,33.985,10,roll,2.000,100.000,80.000
scene-0103_022,1,Car,car,33.985,10,roll,3.000,100.000,0.000
scene-0103_022,1,Car,car,33.985,10,ty,0.000,100.000,100.000
scene-0103_022,1,Car,car,33.985,10,ty,0.020,100.000,100.000
scene-0103_022,1,Car,car,33.985,10,ty,0.050,100.000,100.000
scene-0103_022,1,Car,car,33.985,10,ty,0.100,100.000,100.000
scene-0103_022,2,Truck,car,50.495,7,yaw,0.000,100.000,100.000
scene-0103_022,2,Truck,car,50.495,7,yaw,0.500,100.000,100.000
scene-0103_022,2,Truck,car,50.495,7,yaw,1.000,100.000,100.000
scene-0103_022,2,Truck,car,50.495,7,yaw,2.000,100.000,85.714
scene-0103_022,2,Truck,car,50.495,7,yaw,3.000,100.000,28.571
scene-0103_022,2,Truck,car,50.495,7,pitch,0.000,100.000,100.000
scene-0103_022,2,Truck,car,50.495,7,pitch,0.500,100.000,100.000
scene-0103_022,2,Truck,car,50.495,7,pitch,1.000,100.000,100.000
scene-0103_022,2,Truck,car,50.495,7,pitch,2.000,100.000,100.000
scene-0103_022,2,Truck,car,50.495,7,pitch,3.000,100.000,100.000
scene-0103_022,2,Truck,car,50.495,7,roll,0.000,100.000,100.000
scene-0103_022,2,Truck,car,50.495,7,roll,0.500,100.000,100.000
scene-0103_022,2,Truck,car,50.495,7,roll,1.000,100.000,42.857
scene-0103_022,2,Truck,car,50.495,7,roll,2.000,100.000,42.857
scene-0103_022,2,Truck,car,50.495,7,roll,3.000,100.000,0.000
scene-0103_022,2,Truck,car,50.495,7,ty,0.000,100.000,100.000
scene-0103_022,2,Truck,car,50.495,7,ty,0.020,100.000,100.000
scene-0103_022,2,Truck,car,50.495,7,ty,0.050,100.000,100.000
scene-0103_022,2,Truck,car,50.495,7,ty,0.100,100.000,100.000
scene-0103_022,3,Car,car,10.967,207,yaw,0.000,87.923,87.923
scene-0103_022,3,Car,car,10.967,207,yaw,0.500,85.024,85.024
scene-0103_022,3,Car,car,10.967,207,yaw,1.000,83.092,83.092
scene-0103_022,3,Car,car,10.967,207,yaw,2.000,77.295,77.295
scene-0103_022,3,Car,car,10.967,207,yaw,3.000,72.947,72.947
scene-0103_022,3,Car,car,10.967,207,pitch,0.000,87.923,87.923
scene-0103_022,3,Car,car,10.967,207,pitch,0.500,87.923,87.923
scene-0103_022,3,Car,car,10.967,207,pitch,1.000,87.440,87.440
scene-0103_022,3,Car,car,10.967,207,pitch,2.000,86.957,86.957
scene-0103_022,3,Car,car,10.967,207,pitch,3.000,86.957,86.957
scene-0103_022,3,Car,car,10.967,207,roll,0.000,87.923,87.923
scene-0103_022,3,Car,car,10.967,207,roll,0.500,88.406,88.406
scene-0103_022,3,Car,car,10.967,207,roll,1.000,88.406,88.406
scene-0103_022,3,Car,car,10.967,207,roll,2.000,88.406,83.575
scene-0103_022,3,Car,car,10.967,207,roll,3.000,88.889,84.058
scene-0103_022,3,Car,car,10.967,207,ty,0.000,87.923,87.923
scene-0103_022,3,Car,car,10.967,207,ty,0.020,88.406,88.406
scene-0103_022,3,Car,car,10.967,207,ty,0.050,88.406,88.406
scene-0103_022,3,Car,car,10.967,207,ty,0.100,89.855,89.855
scene-0103_023,0,Car,car,23.615,11,yaw,0.000,100.000,90.909
scene-0103_023,0,Car,car,23.615,11,yaw,0.500,100.000,100.000
scene-0103_023,0,Car,car,23.615,11,yaw,1.000,100.000,90.909
scene-0103_023,0,Car,car,23.615,11,yaw,2.000,100.000,54.545
scene-0103_023,0,Car,car,23.615,11,yaw,3.000,100.000,54.545
scene-0103_023,0,Car,car,23.615,11,pitch,0.000,100.000,90.909
scene-0103_023,0,Car,car,23.615,11,pitch,0.500,100.000,90.909
scene-0103_023,0,Car,car,23.615,11,pitch,1.000,100.000,90.909
scene-0103_023,0,Car,car,23.615,11,pitch,2.000,100.000,100.000
scene-0103_023,0,Car,car,23.615,11,pitch,3.000,100.000,100.000
scene-0103_023,0,Car,car,23.615,11,roll,0.000,100.000,90.909
scene-0103_023,0,Car,car,23.615,11,roll,0.500,100.000,90.909
scene-0103_023,0,Car,car,23.615,11,roll,1.000,100.000,90.909
scene-0103_023,0,Car,car,23.615,11,roll,2.000,100.000,100.000
scene-0103_023,0,Car,car,23.615,11,roll,3.000,100.000,72.727
scene-0103_023,0,Car,car,23.615,11,ty,0.000,100.000,90.909
scene-0103_023,0,Car,car,23.615,11,ty,0.020,100.000,90.909
scene-0103_023,0,Car,car,23.615,11,ty,0.050,100.000,90.909
scene-0103_023,0,Car,car,23.615,11,ty,0.100,100.000,100.000
scene-0103_023,1,Car,car,32.327,10,yaw,0.000,100.000,100.000
scene-0103_023,1,Car,car,32.327,10,yaw,0.500,100.000,100.000
scene-0103_023,1,Car,car,32.327,10,yaw,1.000,100.000,70.000
scene-0103_023,1,Car,car,32.327,10,yaw,2.000,100.000,40.000
scene-0103_023,1,Car,car,32.327,10,yaw,3.000,100.000,10.000
scene-0103_023,1,Car,car,32.327,10,pitch,0.000,100.000,100.000
scene-0103_023,1,Car,car,32.327,10,pitch,0.500,100.000,100.000
scene-0103_023,1,Car,car,32.327,10,pitch,1.000,100.000,100.000
scene-0103_023,1,Car,car,32.327,10,pitch,2.000,100.000,100.000
scene-0103_023,1,Car,car,32.327,10,pitch,3.000,100.000,100.000
scene-0103_023,1,Car,car,32.327,10,roll,0.000,100.000,100.000
scene-0103_023,1,Car,car,32.327,10,roll,0.500,100.000,100.000
scene-0103_023,1,Car,car,32.327,10,roll,1.000,100.000,90.000
scene-0103_023,1,Car,car,32.327,10,roll,2.000,100.000,90.000
scene-0103_023,1,Car,car,32.327,10,roll,3.000,100.000,0.000
scene-0103_023,1,Car,car,32.327,10,ty,0.000,100.000,100.000
scene-0103_023,1,Car,car,32.327,10,ty,0.020,100.000,100.000
scene-0103_023,1,Car,car,32.327,10,ty,0.050,100.000,100.000
scene-0103_023,1,Car,car,32.327,10,ty,0.100,100.000,100.000
scene-0103_023,2,Pedestrian,vru,25.239,6,yaw,0.000,100.000,100.000
scene-0103_023,2,Pedestrian,vru,25.239,6,yaw,0.500,100.000,100.000
scene-0103_023,2,Pedestrian,vru,25.239,6,yaw,1.000,100.000,33.333
scene-0103_023,2,Pedestrian,vru,25.239,6,yaw,2.000,100.000,0.000
scene-0103_023,2,Pedestrian,vru,25.239,6,yaw,3.000,100.000,0.000
scene-0103_023,2,Pedestrian,vru,25.239,6,pitch,0.000,100.000,100.000
scene-0103_023,2,Pedestrian,vru,25.239,6,pitch,0.500,100.000,100.000
scene-0103_023,2,Pedestrian,vru,25.239,6,pitch,1.000,100.000,100.000
scene-0103_023,2,Pedestrian,vru,25.239,6,pitch,2.000,100.000,100.000
scene-0103_023,2,Pedestrian,vru,25.239,6,pitch,3.000,100.000,50.000
scene-0103_023,2,Pedestrian,vru,25.239,6,roll,0.000,100.000,100.000
scene-0103_023,2,Pedestrian,vru,25.239,6,roll,0.500,100.000,100.000
scene-0103_023,2,Pedestrian,vru,25.239,6,roll,1.000,100.000,100.000
scene-0103_023,2,Pedestrian,vru,25.239,6,roll,2.000,100.000,50.000
scene-0103_023,2,Pedestrian,vru,25.239,6,roll,3.000,100.000,50.000
scene-0103_023,2,Pedestrian,vru,25.239,6,ty,0.000,100.000,100.000
scene-0103_023,2,Pedestrian,vru,25.239,6,ty,0.020,100.000,100.000
scene-0103_023,2,Pedestrian,vru,25.239,6,ty,0.050,100.000,100.000
scene-0103_023,2,Pedestrian,vru,25.239,6,ty,0.100,100.000,100.000
scene-0103_023,3,Truck,car,48.844,7,yaw,0.000,100.000,100.000
scene-0103_023,3,Truck,car,48.844,7,yaw,0.500,100.000,100.000
scene-0103_023,3,Truck,car,48.844,7,yaw,1.000,100.000,100.000
scene-0103_023,3,Truck,car,48.844,7,yaw,2.000,100.000,85.714
scene-0103_023,3,Truck,car,48.844,7,yaw,3.000,100.000,42.857
scene-0103_023,3,Truck,car,48.844,7,pitch,0.000,100.000,100.000
scene-0103_023,3,Truck,car,48.844,7,pitch,0.500,100.000,100.000
scene-0103_023,3,Truck,car,48.844,7,pitch,1.000,100.000,100.000
scene-0103_023,3,Truck,car,48.844,7,pitch,2.000,100.000,100.000
scene-0103_023,3,Truck,car,48.844,7,pitch,3.000,100.000,100.000
scene-0103_023,3,Truck,car,48.844,7,roll,0.000,100.000,100.000
scene-0103_023,3,Truck,car,48.844,7,roll,0.500,100.000,100.000
scene-0103_023,3,Truck,car,48.844,7,roll,1.000,100.000,42.857
scene-0103_023,3,Truck,car,48.844,7,roll,2.000,100.000,42.857
scene-0103_023,3,Truck,car,48.844,7,roll,3.000,100.000,0.000
scene-0103_023,3,Truck,car,48.844,7,ty,0.000,100.000,100.000
scene-0103_023,3,Truck,car,48.844,7,ty,0.020,100.000,100.000
scene-0103_023,3,Truck,car,48.844,7,ty,0.050,100.000,100.000
scene-0103_023,3,Truck,car,48.844,7,ty,0.100,100.000,100.000
scene-0103_023,4,Car,car,21.726,7,yaw,0.000,100.000,100.000
scene-0103_023,4,Car,car,21.726,7,yaw,0.500,100.000,100.000
scene-0103_023,4,Car,car,21.726,7,yaw,1.000,100.000,100.000
scene-0103_023,4,Car,car,21.726,7,yaw,2.000,100.000,100.000
scene-0103_023,4,Car,car,21.726,7,yaw,3.000,100.000,71.429
scene-0103_023,4,Car,car,21.726,7,pitch,0.000,100.000,100.000
scene-0103_023,4,Car,car,21.726,7,pitch,0.500,100.000,100.000
scene-0103_023,4,Car,car,21.726,7,pitch,1.000,100.000,100.000
scene-0103_023,4,Car,car,21.726,7,pitch,2.000,100.000,100.000
scene-0103_023,4,Car,car,21.726,7,pitch,3.000,100.000,100.000
scene-0103_023,4,Car,car,21.726,7,roll,0.000,100.000,100.000
scene-0103_023,4,Car,car,21.726,7,roll,0.500,100.000,100.000
scene-0103_023,4,Car,car,21.726,7,roll,1.000,100.000,100.000
scene-0103_023,4,Car,car,21.726,7,roll,2.000,100.000,100.000
scene-0103_023,4,Car,car,21.726,7,roll,3.000,100.000,85.714
scene-0103_023,4,Car,car,21.726,7,ty,0.000,100.000,100.000
scene-0103_023,4,Car,car,21.726,7,ty,0.020,100.000,100.000
scene-0103_023,4,Car,car,21.726,7,ty,0.050,100.000,100.000
scene-0103_023,4,Car,car,21.726,7,ty,0.100,100.000,100.000
scene-0103_024,0,Car,car,25.952,11,yaw,0.000,100.000,100.000
scene-0103_024,0,Car,car,25.952,11,yaw,0.500,100.000,100.000
scene-0103_024,0,Car,car,25.952,11,yaw,1.000,100.000,72.727
scene-0103_024,0,Car,car,25.952,11,yaw,2.000,100.000,63.636
scene-0103_024,0,Car,car,25.952,11,yaw,3.000,100.000,36.364
scene-0103_024,0,Car,car,25.952,11,pitch,0.000,100.000,100.000
scene-0103_024,0,Car,car,25.952,11,pitch,0.500,100.000,100.000
scene-0103_024,0,Car,car,25.952,11,pitch,1.000,100.000,81.818
scene-0103_024,0,Car,car,25.952,11,pitch,2.000,100.000,27.273
scene-0103_024,0,Car,car,25.952,11,pitch,3.000,100.000,27.273
scene-0103_024,0,Car,car,25.952,11,roll,0.000,100.000,100.000
scene-0103_024,0,Car,car,25.952,11,roll,0.500,100.000,100.000
scene-0103_024,0,Car,car,25.952,11,roll,1.000,100.000,100.000
scene-0103_024,0,Car,car,25.952,11,roll,2.000,100.000,90.909
scene-0103_024,0,Car,car,25.952,11,roll,3.000,100.000,72.727
scene-0103_024,0,Car,car,25.952,11,ty,0.000,100.000,100.000
scene-0103_024,0,Car,car,25.952,11,ty,0.020,100.000,100.000
scene-0103_024,0,Car,car,25.952,11,ty,0.050,100.000,100.000
scene-0103_024,0,Car,car,25.952,11,ty,0.100,100.000,100.000
scene-0103_024,1,Car,car,35.684,5,yaw,0.000,100.000,100.000
scene-0103_024,1,Car,car,35.684,5,yaw,0.500,100.000,100.000
scene-0103_024,1,Car,car,35.684,5,yaw,1.000,100.000,100.000
scene-0103_024,1,Car,car,35.684,5,yaw,2.000,100.000,100.000
scene-0103_024,1,Car,car,35.684,5,yaw,3.000,100.000,40.000
scene-0103_024,1,Car,car,35.684,5,pitch,0.000,100.000,100.000
scene-0103_024,1,Car,car,35.684,5,pitch,0.500,100.000,100.000
scene-0103_024,1,Car,car,35.684,5,pitch,1.000,100.000,100.000
scene-0103_024,1,Car,car,35.684,5,pitch,2.000,100.000,0.000
scene-0103_024,1,Car,car,35.684,5,pitch,3.000,100.000,0.000
scene-0103_024,1,Car,car,35.684,5,roll,0.000,100.000,100.000
scene-0103_024,1,Car,car,35.684,5,roll,0.500,100.000,100.000
scene-0103_024,1,Car,car,35.684,5,roll,1.000,100.000,100.000
scene-0103_024,1,Car,car,35.684,5,roll,2.000,100.000,100.000
scene-0103_024,1,Car,car,35.684,5,roll,3.000,100.000,0.000
scene-0103_024,1,Car,car,35.684,5,ty,0.000,100.000,100.000
scene-0103_024,1,Car,car,35.684,5,ty,0.020,100.000,100.000
scene-0103_024,1,Car,car,35.684,5,ty,0.050,100.000,100.000
scene-0103_024,1,Car,car,35.684,5,ty,0.100,100.000,100.000
scene-0103_024,2,Car,car,30.459,11,yaw,0.000,100.000,100.000
scene-0103_024,2,Car,car,30.459,11,yaw,0.500,100.000,90.909
scene-0103_024,2,Car,car,30.459,11,yaw,1.000,100.000,81.818
scene-0103_024,2,Car,car,30.459,11,yaw,2.000,100.000,45.455
scene-0103_024,2,Car,car,30.459,11,yaw,3.000,100.000,18.182
scene-0103_024,2,Car,car,30.459,11,pitch,0.000,100.000,100.000
scene-0103_024,2,Car,car,30.459,11,pitch,0.500,100.000,100.000
scene-0103_024,2,Car,car,30.459,11,pitch,1.000,100.000,100.000
scene-0103_024,2,Car,car,30.459,11,pitch,2.000,100.000,100.000
scene-0103_024,2,Car,car,30.459,11,pitch,3.000,100.000,100.000
scene-0103_024,2,Car,car,30.459,11,roll,0.000,100.000,100.000
scene-0103_024,2,Car,car,30.459,11,roll,0.500,100.000,100.000
scene-0103_024,2,Car,car,30.459,11,roll,1.000,100.000,90.909
scene-0103_024,2,Car,car,30.459,11,roll,2.000,100.000,90.909
scene-0103_024,2,Car,car,30.459,11,roll,3.000,100.000,0.000
scene-0103_024,2,Car,car,30.459,11,ty,0.000,100.000,100.000
scene-0103_024,2,Car,car,30.459,11,ty,0.020,100.000,100.000
scene-0103_024,2,Car,car,30.459,11,ty,0.050,100.000,100.000
scene-0103_024,2,Car,car,30.459,11,ty,0.100,100.000,100.000
scene-0103_024,3,Pedestrian,vru,24.175,6,yaw,0.000,100.000,100.000
scene-0103_024,3,Pedestrian,vru,24.175,6,yaw,0.500,100.000,100.000
scene-0103_024,3,Pedestrian,vru,24.175,6,yaw,1.000,100.000,50.000
scene-0103_024,3,Pedestrian,vru,24.175,6,yaw,2.000,100.000,0.000
scene-0103_024,3,Pedestrian,vru,24.175,6,yaw,3.000,100.000,0.000
scene-0103_024,3,Pedestrian,vru,24.175,6,pitch,0.000,100.000,100.000
scene-0103_024,3,Pedestrian,vru,24.175,6,pitch,0.500,100.000,100.000
scene-0103_024,3,Pedestrian,vru,24.175,6,pitch,1.000,100.000,100.000
scene-0103_024,3,Pedestrian,vru,24.175,6,pitch,2.000,100.000,100.000
scene-0103_024,3,Pedestrian,vru,24.175,6,pitch,3.000,100.000,66.667
scene-0103_024,3,Pedestrian,vru,24.175,6,roll,0.000,100.000,100.000
scene-0103_024,3,Pedestrian,vru,24.175,6,roll,0.500,100.000,100.000
scene-0103_024,3,Pedestrian,vru,24.175,6,roll,1.000,100.000,100.000
scene-0103_024,3,Pedestrian,vru,24.175,6,roll,2.000,100.000,66.667
scene-0103_024,3,Pedestrian,vru,24.175,6,roll,3.000,100.000,16.667
scene-0103_024,3,Pedestrian,vru,24.175,6,ty,0.000,100.000,100.000
scene-0103_024,3,Pedestrian,vru,24.175,6,ty,0.020,100.000,100.000
scene-0103_024,3,Pedestrian,vru,24.175,6,ty,0.050,100.000,100.000
scene-0103_024,3,Pedestrian,vru,24.175,6,ty,0.100,100.000,100.000
scene-0103_024,4,Truck,car,46.976,10,yaw,0.000,100.000,100.000
scene-0103_024,4,Truck,car,46.976,10,yaw,0.500,100.000,100.000
scene-0103_024,4,Truck,car,46.976,10,yaw,1.000,100.000,100.000
scene-0103_024,4,Truck,car,46.976,10,yaw,2.000,100.000,90.000
scene-0103_024,4,Truck,car,46.976,10,yaw,3.000,100.000,60.000
scene-0103_024,4,Truck,car,46.976,10,pitch,0.000,100.000,100.000
scene-0103_024,4,Truck,car,46.976,10,pitch,0.500,100.000,100.000
scene-0103_024,4,Truck,car,46.976,10,pitch,1.000,100.000,100.000
scene-0103_024,4,Truck,car,46.976,10,pitch,2.000,100.000,100.000
scene-0103_024,4,Truck,car,46.976,10,pitch,3.000,100.000,100.000
scene-0103_024,4,Truck,car,46.976,10,roll,0.000,100.000,100.000
scene-0103_024,4,Truck,car,46.976,10,roll,0.500,100.000,100.000
scene-0103_024,4,Truck,car,46.976,10,roll,1.000,100.000,50.000
scene-0103_024,4,Truck,car,46.976,10,roll,2.000,100.000,50.000
scene-0103_024,4,Truck,car,46.976,10,roll,3.000,100.000,20.000
scene-0103_024,4,Truck,car,46.976,10,ty,0.000,100.000,100.000
scene-0103_024,4,Truck,car,46.976,10,ty,0.020,100.000,100.000
scene-0103_024,4,Truck,car,46.976,10,ty,0.050,100.000,100.000
scene-0103_024,4,Truck,car,46.976,10,ty,0.100,100.000,100.000
scene-0103_024,5,Car,car,19.842,20,yaw,0.000,100.000,100.000
scene-0103_024,5,Car,car,19.842,20,yaw,0.500,100.000,100.000
scene-0103_024,5,Car,car,19.842,20,yaw,1.000,100.000,100.000
scene-0103_024,5,Car,car,19.842,20,yaw,2.000,100.000,100.000
scene-0103_024,5,Car,car,19.842,20,yaw,3.000,100.000,75.000
scene-0103_024,5,Car,car,19.842,20,pitch,0.000,100.000,100.000
scene-0103_024,5,Car,car,19.842,20,pitch,0.500,100.000,100.000
scene-0103_024,5,Car,car,19.842,20,pitch,1.000,100.000,100.000
scene-0103_024,5,Car,car,19.842,20,pitch,2.000,100.000,100.000
scene-0103_024,5,Car,car,19.842,20,pitch,3.000,100.000,100.000
scene-0103_024,5,Car,car,19.842,20,roll,0.000,100.000,100.000
scene-0103_024,5,Car,car,19.842,20,roll,0.500,100.000,100.000
scene-0103_024,5,Car,car,19.842,20,roll,1.000,100.000,100.000
scene-0103_024,5,Car,car,19.842,20,roll,2.000,100.000,100.000
scene-0103_024,5,Car,car,19.842,20,roll,3.000,100.000,100.000
scene-0103_024,5,Car,car,19.842,20,ty,0.000,100.000,100.000
scene-0103_024,5,Car,car,19.842,20,ty,0.020,100.000,100.000
scene-0103_024,5,Car,car,19.842,20,ty,0.050,100.000,100.000
scene-0103_024,5,Car,car,19.842,20,ty,0.100,100.000,100.000
scene-0103_025,0,Car,car,28.380,15,yaw,0.000,100.000,100.000
scene-0103_025,0,Car,car,28.380,15,yaw,0.500,100.000,100.000
scene-0103_025,0,Car,car,28.380,15,yaw,1.000,100.000,86.667
scene-0103_025,0,Car,car,28.380,15,yaw,2.000,100.000,53.333
scene-0103_025,0,Car,car,28.380,15,yaw,3.000,100.000,26.667
scene-0103_025,0,Car,car,28.380,15,pitch,0.000,100.000,100.000
scene-0103_025,0,Car,car,28.380,15,pitch,0.500,100.000,100.000
scene-0103_025,0,Car,car,28.380,15,pitch,1.000,100.000,100.000
scene-0103_025,0,Car,car,28.380,15,pitch,2.000,100.000,100.000
scene-0103_025,0,Car,car,28.380,15,pitch,3.000,100.000,100.000
scene-0103_025,0,Car,car,28.380,15,roll,0.000,100.000,100.000
scene-0103_025,0,Car,car,28.380,15,roll,0.500,100.000,100.000
scene-0103_025,0,Car,car,28.380,15,roll,1.000,100.000,73.333
scene-0103_025,0,Car,car,28.380,15,roll,2.000,100.000,73.333
scene-0103_025,0,Car,car,28.380,15,roll,3.000,100.000,0.000
scene-0103_025,0,Car,car,28.380,15,ty,0.000,100.000,100.000
scene-0103_025,0,Car,car,28.380,15,ty,0.020,100.000,100.000
scene-0103_025,0,Car,car,28.380,15,ty,0.050,100.000,100.000
scene-0103_025,0,Car,car,28.380,15,ty,0.100,100.000,100.000
scene-0103_025,1,Pedestrian,vru,22.903,5,yaw,0.000,100.000,80.000
scene-0103_025,1,Pedestrian,vru,22.903,5,yaw,0.500,100.000,60.000
scene-0103_025,1,Pedestrian,vru,22.903,5,yaw,1.000,100.000,40.000
scene-0103_025,1,Pedestrian,vru,22.903,5,yaw,2.000,100.000,0.000
scene-0103_025,1,Pedestrian,vru,22.903,5,yaw,3.000,100.000,0.000
scene-0103_025,1,Pedestrian,vru,22.903,5,pitch,0.000,100.000,80.000
scene-0103_025,1,Pedestrian,vru,22.903,5,pitch,0.500,100.000,80.000
scene-0103_025,1,Pedestrian,vru,22.903,5,pitch,1.000,100.000,80.000
scene-0103_025,1,Pedestrian,vru,22.903,5,pitch,2.000,100.000,80.000
scene-0103_025,1,Pedestrian,vru,22.903,5,pitch,3.000,100.000,80.000
scene-0103_025,1,Pedestrian,vru,22.903,5,roll,0.000,100.000,80.000
scene-0103_025,1,Pedestrian,vru,22.903,5,roll,0.500,100.000,100.000
scene-0103_025,1,Pedestrian,vru,22.903,5,roll,1.000,100.000,100.000
scene-0103_025,1,Pedestrian,vru,22.903,5,roll,2.000,100.000,60.000
scene-0103_025,1,Pedestrian,vru,22.903,5,roll,3.000,100.000,60.000
scene-0103_025,1,Pedestrian,vru,22.903,5,ty,0.000,100.000,80.000
scene-0103_025,1,Pedestrian,vru,22.903,5,ty,0.020,100.000,80.000
scene-0103_025,1,Pedestrian,vru,22.903,5,ty,0.050,100.000,80.000
scene-0103_025,1,Pedestrian,vru,22.903,5,ty,0.100,100.000,80.000
scene-0103_025,2,Truck,car,44.815,10,yaw,0.000,100.000,100.000
scene-0103_025,2,Truck,car,44.815,10,yaw,0.500,100.000,100.000
scene-0103_025,2,Truck,car,44.815,10,yaw,1.000,100.000,100.000
scene-0103_025,2,Truck,car,44.815,10,yaw,2.000,100.000,100.000
scene-0103_025,2,Truck,car,44.815,10,yaw,3.000,100.000,80.000
scene-0103_025,2,Truck,car,44.815,10,pitch,0.000,100.000,100.000
scene-0103_025,2,Truck,car,44.815,10,pitch,0.500,100.000,100.000
scene-0103_025,2,Truck,car,44.815,10,pitch,1.000,100.000,100.000
scene-0103_025,2,Truck,car,44.815,10,pitch,2.000,100.000,100.000
scene-0103_025,2,Truck,car,44.815,10,pitch,3.000,100.000,100.000
scene-0103_025,2,Truck,car,44.815,10,roll,0.000,100.000,100.000
scene-0103_025,2,Truck,car,44.815,10,roll,0.500,100.000,100.000
scene-0103_025,2,Truck,car,44.815,10,roll,1.000,100.000,60.000
scene-0103_025,2,Truck,car,44.815,10,roll,2.000,100.000,60.000
scene-0103_025,2,Truck,car,44.815,10,roll,3.000,100.000,20.000
scene-0103_025,2,Truck,car,44.815,10,ty,0.000,100.000,100.000
scene-0103_025,2,Truck,car,44.815,10,ty,0.020,100.000,100.000
scene-0103_025,2,Truck,car,44.815,10,ty,0.050,100.000,100.000
scene-0103_025,2,Truck,car,44.815,10,ty,0.100,100.000,100.000
scene-0103_025,3,Car,car,17.730,30,yaw,0.000,100.000,100.000
scene-0103_025,3,Car,car,17.730,30,yaw,0.500,100.000,100.000
scene-0103_025,3,Car,car,17.730,30,yaw,1.000,100.000,96.667
scene-0103_025,3,Car,car,17.730,30,yaw,2.000,100.000,80.000
scene-0103_025,3,Car,car,17.730,30,yaw,3.000,90.000,70.000
scene-0103_025,3,Car,car,17.730,30,pitch,0.000,100.000,100.000
scene-0103_025,3,Car,car,17.730,30,pitch,0.500,100.000,100.000
scene-0103_025,3,Car,car,17.730,30,pitch,1.000,100.000,100.000
scene-0103_025,3,Car,car,17.730,30,pitch,2.000,100.000,100.000
scene-0103_025,3,Car,car,17.730,30,pitch,3.000,100.000,100.000
scene-0103_025,3,Car,car,17.730,30,roll,0.000,100.000,100.000
scene-0103_025,3,Car,car,17.730,30,roll,0.500,100.000,100.000
scene-0103_025,3,Car,car,17.730,30,roll,1.000,100.000,100.000
scene-0103_025,3,Car,car,17.730,30,roll,2.000,100.000,100.000
scene-0103_025,3,Car,car,17.730,30,roll,3.000,100.000,100.000
scene-0103_025,3,Car,car,17.730,30,ty,0.000,100.000,100.000
scene-0103_025,3,Car,car,17.730,30,ty,0.020,100.000,100.000
scene-0103_025,3,Car,car,17.730,30,ty,0.050,100.000,100.000
scene-0103_025,3,Car,car,17.730,30,ty,0.100,100.000,100.000
scene-0103_026,0,Car,car,31.311,5,yaw,0.000,100.000,100.000
scene-0103_026,0,Car,car,31.311,5,yaw,0.500,100.000,100.000
scene-0103_026,0,Car,car,31.311,5,yaw,1.000,100.000,100.000
scene-0103_026,0,Car,car,31.311,5,yaw,2.000,100.000,100.000
scene-0103_026,0,Car,car,31.311,5,yaw,3.000,100.000,80.000
scene-0103_026,0,Car,car,31.311,5,pitch,0.000,100.000,100.000
scene-0103_026,0,Car,car,31.311,5,pitch,0.500,100.000,100.000
scene-0103_026,0,Car,car,31.311,5,pitch,1.000,100.000,100.000
scene-0103_026,0,Car,car,31.311,5,pitch,2.000,100.000,100.000
scene-0103_026,0,Car,car,31.311,5,pitch,3.000,100.000,0.000
scene-0103_026,0,Car,car,31.311,5,roll,0.000,100.000,100.000
scene-0103_026,0,Car,car,31.311,5,roll,0.500,100.000,100.000
scene-0103_026,0,Car,car,31.311,5,roll,1.000,100.000,100.000
scene-0103_026,0,Car,car,31.311,5,roll,2.000,100.000,0.000
scene-0103_026,0,Car,car,31.311,5,roll,3.000,100.000,0.000
scene-0103_026,0,Car,car,31.311,5,ty,0.000,100.000,100.000
scene-0103_026,0,Car,car,31.311,5,ty,0.020,100.000,100.000
scene-0103_026,0,Car,car,31.311,5,ty,0.050,100.000,100.000
scene-0103_026,0,Car,car,31.311,5,ty,0.100,100.000,100.000
scene-0103_026,1,Car,car,26.026,20,yaw,0.000,100.000,100.000
scene-0103_026,1,Car,car,26.026,20,yaw,0.500,100.000,100.000
scene-0103_026,1,Car,car,26.026,20,yaw,1.000,100.000,95.000
scene-0103_026,1,Car,car,26.026,20,yaw,2.000,100.000,70.000
scene-0103_026,1,Car,car,26.026,20,yaw,3.000,100.000,40.000
scene-0103_026,1,Car,car,26.026,20,pitch,0.000,100.000,100.000
scene-0103_026,1,Car,car,26.026,20,pitch,0.500,100.000,100.000
scene-0103_026,1,Car,car,26.026,20,pitch,1.000,100.000,100.000
scene-0103_026,1,Car,car,26.026,20,pitch,2.000,100.000,50.000
scene-0103_026,1,Car,car,26.026,20,pitch,3.000,100.000,50.000
scene-0103_026,1,Car,car,26.026,20,roll,0.000,100.000,100.000
scene-0103_026,1,Car,car,26.026,20,roll,0.500,100.000,100.000
scene-0103_026,1,Car,car,26.026,20,roll,1.000,100.000,90.000
scene-0103_026,1,Car,car,26.026,20,roll,2.000,100.000,90.000
scene-0103_026,1,Car,car,26.026,20,roll,3.000,100.000,50.000
scene-0103_026,1,Car,car,26.026,20,ty,0.000,100.000,100.000
scene-0103_026,1,Car,car,26.026,20,ty,0.020,100.000,100.000
scene-0103_026,1,Car,car,26.026,20,ty,0.050,100.000,100.000
scene-0103_026,1,Car,car,26.026,20,ty,0.100,100.000,100.000
scene-0103_026,2,Pedestrian,vru,21.275,6,yaw,0.000,100.000,100.000
scene-0103_026,2,Pedestrian,vru,21.275,6,yaw,0.500,100.000,100.000
scene-0103_026,2,Pedestrian,vru,21.275,6,yaw,1.000,100.000,83.333
scene-0103_026,2,Pedestrian,vru,21.275,6,yaw,2.000,100.000,0.000
scene-0103_026,2,Pedestrian,vru,21.275,6,yaw,3.000,100.000,0.000
scene-0103_026,2,Pedestrian,vru,21.275,6,pitch,0.000,100.000,100.000
scene-0103_026,2,Pedestrian,vru,21.275,6,pitch,0.500,100.000,100.000
scene-0103_026,2,Pedestrian,vru,21.275,6,pitch,1.000,100.000,100.000
scene-0103_026,2,Pedestrian,vru,21.275,6,pitch,2.000,100.000,66.667
scene-0103_026,2,Pedestrian,vru,21.275,6,pitch,3.000,100.000,66.667
scene-0103_026,2,Pedestrian,vru,21.275,6,roll,0.000,100.000,100.000
scene-0103_026,2,Pedestrian,vru,21.275,6,roll,0.500,100.000,100.000
scene-0103_026,2,Pedestrian,vru,21.275,6,roll,1.000,100.000,100.000
scene-0103_026,2,Pedestrian,vru,21.275,6,roll,2.000,100.000,83.333
scene-0103_026,2,Pedestrian,vru,21.275,6,roll,3.000,100.000,33.333
scene-0103_026,2,Pedestrian,vru,21.275,6,ty,0.000,100.000,100.000
scene-0103_026,2,Pedestrian,vru,21.275,6,ty,0.020,100.000,100.000
scene-0103_026,2,Pedestrian,vru,21.275,6,ty,0.050,100.000,100.000
scene-0103_026,2,Pedestrian,vru,21.275,6,ty,0.100,100.000,100.000
scene-0103_026,3,Truck,car,42.380,15,yaw,0.000,100.000,100.000
scene-0103_026,3,Truck,car,42.380,15,yaw,0.500,100.000,100.000
scene-0103_026,3,Truck,car,42.380,15,yaw,1.000,100.000,100.000
scene-0103_026,3,Truck,car,42.380,15,yaw,2.000,100.000,93.333
scene-0103_026,3,Truck,car,42.380,15,yaw,3.000,100.000,60.000
scene-0103_026,3,Truck,car,42.380,15,pitch,0.000,100.000,100.000
scene-0103_026,3,Truck,car,42.380,15,pitch,0.500,100.000,100.000
scene-0103_026,3,Truck,car,42.380,15,pitch,1.000,100.000,100.000
scene-0103_026,3,Truck,car,42.380,15,pitch,2.000,100.000,100.000
scene-0103_026,3,Truck,car,42.380,15,pitch,3.000,100.000,100.000
scene-0103_026,3,Truck,car,42.380,15,roll,0.000,100.000,100.000
scene-0103_026,3,Truck,car,42.380,15,roll,0.500,100.000,100.000
scene-0103_026,3,Truck,car,42.380,15,roll,1.000,100.000,86.667
scene-0103_026,3,Truck,car,42.380,15,roll,2.000,100.000,40.000
scene-0103_026,3,Truck,car,42.380,15,roll,3.000,100.000,40.000
scene-0103_026,3,Truck,car,42.380,15,ty,0.000,100.000,100.000
scene-0103_026,3,Truck,car,42.380,15,ty,0.020,100.000,100.000
scene-0103_026,3,Truck,car,42.380,15,ty,0.050,100.000,100.000
scene-0103_026,3,Truck,car,42.380,15,ty,0.100,100.000,100.000
scene-0103_026,4,Car,car,15.379,44,yaw,0.000,79.545,79.545
scene-0103_026,4,Car,car,15.379,44,yaw,0.500,75.000,75.000
scene-0103_026,4,Car,car,15.379,44,yaw,1.000,72.727,72.727
scene-0103_026,4,Car,car,15.379,44,yaw,2.000,56.818,56.818
scene-0103_026,4,Car,car,15.379,44,yaw,3.000,45.455,45.455
scene-0103_026,4,Car,car,15.379,44,pitch,0.000,79.545,79.545
scene-0103_026,4,Car,car,15.379,44,pitch,0.500,79.545,79.545
scene-0103_026,4,Car,car,15.379,44,pitch,1.000,79.545,79.545
scene-0103_026,4,Car,car,15.379,44,pitch,2.000,77.273,77.273
scene-0103_026,4,Car,car,15.379,44,pitch,3.000,77.273,75.000
scene-0103_026,4,Car,car,15.379,44,roll,0.000,79.545,79.545
scene-0103_026,4,Car,car,15.379,44,roll,0.500,79.545,79.545
scene-0103_026,4,Car,car,15.379,44,roll,1.000,79.545,79.545
scene-0103_026,4,Car,car,15.379,44,roll,2.000,79.545,75.000
scene-0103_026,4,Car,car,15.379,44,roll,3.000,79.545,75.000
scene-0103_026,4,Car,car,15.379,44,ty,0.000,79.545,79.545
scene-0103_026,4,Car,car,15.379,44,ty,0.020,79.545,79.545
scene-0103_026,4,Car,car,15.379,44,ty,0.050,79.545,79.545
scene-0103_026,4,Car,car,15.379,44,ty,0.100,79.545,79.545
scene-0103_027,0,Car,car,28.770,8,yaw,0.000,100.000,100.000
scene-0103_027,0,Car,car,28.770,8,yaw,0.500,100.000,100.000
scene-0103_027,0,Car,car,28.770,8,yaw,1.000,100.000,100.000
scene-0103_027,0,Car,car,28.770,8,yaw,2.000,100.000,62.500
scene-0103_027,0,Car,car,28.770,8,yaw,3.000,100.000,50.000
scene-0103_027,0,Car,car,28.770,8,pitch,0.000,100.000,100.000
scene-0103_027,0,Car,car,28.770,8,pitch,0.500,100.000,12.500
scene-0103_027,0,Car,car,28.770,8,pitch,1.000,100.000,12.500
scene-0103_027,0,Car,car,28.770,8,pitch,2.000,100.000,12.500
scene-0103_027,0,Car,car,28.770,8,pitch,3.000,100.000,12.500
scene-0103_027,0,Car,car,28.770,8,roll,0.000,100.000,100.000
scene-0103_027,0,Car,car,28.770,8,roll,0.500,100.000,100.000
scene-0103_027,0,Car,car,28.770,8,roll,1.000,100.000,100.000
scene-0103_027,0,Car,car,28.770,8,roll,2.000,100.000,87.500
scene-0103_027,0,Car,car,28.770,8,roll,3.000,100.000,87.500
scene-0103_027,0,Car,car,28.770,8,ty,0.000,100.000,100.000
scene-0103_027,0,Car,car,28.770,8,ty,0.020,100.000,100.000
scene-0103_027,0,Car,car,28.770,8,ty,0.050,100.000,100.000
scene-0103_027,0,Car,car,28.770,8,ty,0.100,100.000,100.000
scene-0103_027,1,Car,car,23.451,24,yaw,0.000,100.000,100.000
scene-0103_027,1,Car,car,23.451,24,yaw,0.500,100.000,100.000
scene-0103_027,1,Car,car,23.451,24,yaw,1.000,100.000,91.667
scene-0103_027,1,Car,car,23.451,24,yaw,2.000,100.000,70.833
scene-0103_027,1,Car,car,23.451,24,yaw,3.000,100.000,45.833
scene-0103_027,1,Car,car,23.451,24,pitch,0.000,100.000,100.000
scene-0103_027,1,Car,car,23.451,24,pitch,0.500,100.000,100.000
scene-0103_027,1,Car,car,23.451,24,pitch,1.000,100.000,100.000
scene-0103_027,1,Car,car,23.451,24,pitch,2.000,100.000,100.000
scene-0103_027,1,Car,car,23.451,24,pitch,3.000,100.000,83.333
scene-0103_027,1,Car,car,23.451,24,roll,0.000,100.000,100.000
scene-0103_027,1,Car,car,23.451,24,roll,0.500,100.000,100.000
scene-0103_027,1,Car,car,23.451,24,roll,1.000,100.000,100.000
scene-0103_027,1,Car,car,23.451,24,roll,2.000,100.000,54.167
scene-0103_027,1,Car,car,23.451,24,roll,3.000,100.000,54.167
scene-0103_027,1,Car,car,23.451,24,ty,0.000,100.000,100.000
scene-0103_027,1,Car,car,23.451,24,ty,0.020,100.000,100.000
scene-0103_027,1,Car,car,23.451,24,ty,0.050,100.000,100.000
scene-0103_027,1,Car,car,23.451,24,ty,0.100,100.000,100.000
scene-0103_027,2,Pedestrian,vru,19.406,6,yaw,0.000,100.000,100.000
scene-0103_027,2,Pedestrian,vru,19.406,6,yaw,0.500,100.000,83.333
scene-0103_027,2,Pedestrian,vru,19.406,6,yaw,1.000,100.000,33.333
scene-0103_027,2,Pedestrian,vru,19.406,6,yaw,2.000,100.000,0.000
scene-0103_027,2,Pedestrian,vru,19.406,6,yaw,3.000,100.000,0.000
scene-0103_027,2,Pedestrian,vru,19.406,6,pitch,0.000,100.000,100.000
scene-0103_027,2,Pedestrian,vru,19.406,6,pitch,0.500,100.000,100.000
scene-0103_027,2,Pedestrian,vru,19.406,6,pitch,1.000,100.000,100.000
scene-0103_027,2,Pedestrian,vru,19.406,6,pitch,2.000,100.000,100.000
scene-0103_027,2,Pedestrian,vru,19.406,6,pitch,3.000,100.000,83.333
scene-0103_027,2,Pedestrian,vru,19.406,6,roll,0.000,100.000,100.000
scene-0103_027,2,Pedestrian,vru,19.406,6,roll,0.500,100.000,100.000
scene-0103_027,2,Pedestrian,vru,19.406,6,roll,1.000,100.000,100.000
scene-0103_027,2,Pedestrian,vru,19.406,6,roll,2.000,100.000,83.333
scene-0103_027,2,Pedestrian,vru,19.406,6,roll,3.000,100.000,16.667
scene-0103_027,2,Pedestrian,vru,19.406,6,ty,0.000,100.000,100.000
scene-0103_027,2,Pedestrian,vru,19.406,6,ty,0.020,100.000,100.000
scene-0103_027,2,Pedestrian,vru,19.406,6,ty,0.050,100.000,100.000
scene-0103_027,2,Pedestrian,vru,19.406,6,ty,0.100,100.000,100.000
scene-0103_027,3,Truck,car,39.779,19,yaw,0.000,100.000,100.000
scene-0103_027,3,Truck,car,39.779,19,yaw,0.500,100.000,100.000
scene-0103_027,3,Truck,car,39.779,19,yaw,1.000,100.000,100.000
scene-0103_027,3,Truck,car,39.779,19,yaw,2.000,100.000,94.737
scene-0103_027,3,Truck,car,39.779,19,yaw,3.000,100.000,63.158
scene-0103_027,3,Truck,car,39.779,19,pitch,0.000,100.000,100.000
scene-0103_027,3,Truck,car,39.779,19,pitch,0.500,100.000,100.000
scene-0103_027,3,Truck,car,39.779,19,pitch,1.000,100.000,100.000
scene-0103_027,3,Truck,car,39.779,19,pitch,2.000,100.000,100.000
scene-0103_027,3,Truck,car,39.779,19,pitch,3.000,100.000,100.000
scene-0103_027,3,Truck,car,39.779,19,roll,0.000,100.000,100.000
scene-0103_027,3,Truck,car,39.779,19,roll,0.500,100.000,100.000
scene-0103_027,3,Truck,car,39.779,19,roll,1.000,100.000,100.000
scene-0103_027,3,Truck,car,39.779,19,roll,2.000,100.000,52.632
scene-0103_027,3,Truck,car,39.779,19,roll,3.000,100.000,52.632
scene-0103_027,3,Truck,car,39.779,19,ty,0.000,100.000,100.000
scene-0103_027,3,Truck,car,39.779,19,ty,0.020,100.000,100.000
scene-0103_027,3,Truck,car,39.779,19,ty,0.050,100.000,100.000
scene-0103_027,3,Truck,car,39.779,19,ty,0.100,100.000,100.000
scene-0103_028,0,Car,car,20.937,30,yaw,0.000,100.000,100.000
scene-0103_028,0,Car,car,20.937,30,yaw,0.500,100.000,93.333
scene-0103_028,0,Car,car,20.937,30,yaw,1.000,100.000,86.667
scene-0103_028,0,Car,car,20.937,30,yaw,2.000,100.000,70.000
scene-0103_028,0,Car,car,20.937,30,yaw,3.000,100.000,50.000
scene-0103_028,0,Car,car,20.937,30,pitch,0.000,100.000,100.000
scene-0103_028,0,Car,car,20.937,30,pitch,0.500,100.000,100.000
scene-0103_028,0,Car,car,20.937,30,pitch,1.000,100.000,100.000
scene-0103_028,0,Car,car,20.937,30,pitch,2.000,100.000,100.000
scene-0103_028,0,Car,car,20.937,30,pitch,3.000,100.000,56.667
scene-0103_028,0,Car,car,20.937,30,roll,0.000,100.000,100.000
scene-0103_028,0,Car,car,20.937,30,roll,0.500,100.000,100.000
scene-0103_028,0,Car,car,20.937,30,roll,1.000,100.000,100.000
scene-0103_028,0,Car,car,20.937,30,roll,2.000,100.000,90.000
scene-0103_028,0,Car,car,20.937,30,roll,3.000,100.000,43.333
scene-0103_028,0,Car,car,20.937,30,ty,0.000,100.000,100.000
scene-0103_028,0,Car,car,20.937,30,ty,0.020,100.000,100.000
scene-0103_028,0,Car,car,20.937,30,ty,0.050,100.000,100.000
scene-0103_028,0,Car,car,20.937,30,ty,0.100,100.000,100.000
scene-0103_028,1,Car,car,31.727,5,yaw,0.000,100.000,100.000
scene-0103_028,1,Car,car,31.727,5,yaw,0.500,100.000,80.000
scene-0103_028,1,Car,car,31.727,5,yaw,1.000,100.000,60.000
scene-0103_028,1,Car,car,31.727,5,yaw,2.000,100.000,0.000
scene-0103_028,1,Car,car,31.727,5,yaw,3.000,100.000,0.000
scene-0103_028,1,Car,car,31.727,5,pitch,0.000,100.000,100.000
scene-0103_028,1,Car,car,31.727,5,pitch,0.500,100.000,100.000
scene-0103_028,1,Car,car,31.727,5,pitch,1.000,100.000,100.000
scene-0103_028,1,Car,car,31.727,5,pitch,2.000,100.000,100.000
scene-0103_028,1,Car,car,31.727,5,pitch,3.000,100.000,100.000
scene-0103_028,1,Car,car,31.727,5,roll,0.000,100.000,100.000
scene-0103_028,1,Car,car,31.727,5,roll,0.500,100.000,100.000
scene-0103_028,1,Car,car,31.727,5,roll,1.000,100.000,100.000
scene-0103_028,1,Car,car,31.727,5,roll,2.000,100.000,20.000
scene-0103_028,1,Car,car,31.727,5,roll,3.000,100.000,0.000
scene-0103_028,1,Car,car,31.727,5,ty,0.000,100.000,100.000
scene-0103_028,1,Car,car,31.727,5,ty,0.020,100.000,100.000
scene-0103_028,1,Car,car,31.727,5,ty,0.050,100.000,100.000
scene-0103_028,1,Car,car,31.727,5,ty,0.100,100.000,100.000
scene-0103_028,2,Pedestrian,vru,17.602,10,yaw,0.000,100.000,100.000
scene-0103_028,2,Pedestrian,vru,17.602,10,yaw,0.500,100.000,80.000
scene-0103_028,2,Pedestrian,vru,17.602,10,yaw,1.000,100.000,50.000
scene-0103_028,2,Pedestrian,vru,17.602,10,yaw,2.000,100.000,0.000
scene-0103_028,2,Pedestrian,vru,17.602,10,yaw,3.000,100.000,0.000
scene-0103_028,2,Pedestrian,vru,17.602,10,pitch,0.000,100.000,100.000
scene-0103_028,2,Pedestrian,vru,17.602,10,pitch,0.500,100.000,80.000
scene-0103_028,2,Pedestrian,vru,17.602,10,pitch,1.000,100.000,80.000
scene-0103_028,2,Pedestrian,vru,17.602,10,pitch,2.000,100.000,80.000
scene-0103_028,2,Pedestrian,vru,17.602,10,pitch,3.000,100.000,80.000
scene-0103_028,2,Pedestrian,vru,17.602,10,roll,0.000,100.000,100.000
scene-0103_028,2,Pedestrian,vru,17.602,10,roll,0.500,100.000,100.000
scene-0103_028,2,Pedestrian,vru,17.602,10,roll,1.000,100.000,90.000
scene-0103_028,2,Pedestrian,vru,17.602,10,roll,2.000,100.000,90.000
scene-0103_028,2,Pedestrian,vru,17.602,10,roll,3.000,100.000,60.000
scene-0103_028,2,Pedestrian,vru,17.602,10,ty,0.000,100.000,100.000
scene-0103_028,2,Pedestrian,vru,17.602,10,ty,0.020,100.000,100.000
scene-0103_028,2,Pedestrian,vru,17.602,10,ty,0.050,100.000,100.000
scene-0103_028,2,Pedestrian,vru,17.602,10,ty,0.100,100.000,100.000
scene-0103_028,3,Truck,car,37.242,23,yaw,0.000,100.000,100.000
scene-0103_028,3,Truck,car,37.242,23,yaw,0.500,100.000,100.000
scene-0103_028,3,Truck,car,37.242,23,yaw,1.000,100.000,95.652
scene-0103_028,3,Truck,car,37.242,23,yaw,2.000,100.000,82.609
scene-0103_028,3,Truck,car,37.242,23,yaw,3.000,100.000,65.217
scene-0103_028,3,Truck,car,37.242,23,pitch,0.000,100.000,100.000
scene-0103_028,3,Truck,car,37.242,23,pitch,0.500,100.000,100.000
scene-0103_028,3,Truck,car,37.242,23,pitch,1.000,100.000,100.000
scene-0103_028,3,Truck,car,37.242,23,pitch,2.000,100.000,100.000
scene-0103_028,3,Truck,car,37.242,23,pitch,3.000,100.000,100.000
scene-0103_028,3,Truck,car,37.242,23,roll,0.000,100.000,100.000
scene-0103_028,3,Truck,car,37.242,23,roll,0.500,100.000,100.000
scene-0103_028,3,Truck,car,37.242,23,roll,1.000,100.000,100.000
scene-0103_028,3,Truck,car,37.242,23,roll,2.000,100.000,47.826
scene-0103_028,3,Truck,car,37.242,23,roll,3.000,100.000,17.391
scene-0103_028,3,Truck,car,37.242,23,ty,0.000,100.000,100.000
scene-0103_028,3,Truck,car,37.242,23,ty,0.020,100.000,100.000
scene-0103_028,3,Truck,car,37.242,23,ty,0.050,100.000,100.000
scene-0103_028,3,Truck,car,37.242,23,ty,0.100,100.000,100.000
scene-0103_028,4,Car,car,25.882,14,yaw,0.000,100.000,100.000
scene-0103_028,4,Car,car,25.882,14,yaw,0.500,100.000,100.000
scene-0103_028,4,Car,car,25.882,14,yaw,1.000,100.000,92.857
scene-0103_028,4,Car,car,25.882,14,yaw,2.000,100.000,85.714
scene-0103_028,4,Car,car,25.882,14,yaw,3.000,100.000,42.857
scene-0103_028,4,Car,car,25.882,14,pitch,0.000,100.000,100.000
scene-0103_028,4,Car,car,25.882,14,pitch,0.500,100.000,100.000
scene-0103_028,4,Car,car,25.882,14,pitch,1.000,100.000,100.000
scene-0103_028,4,Car,car,25.882,14,pitch,2.000,100.000,100.000
scene-0103_028,4,Car,car,25.882,14,pitch,3.000,100.000,100.000
scene-0103_028,4,Car,car,25.882,14,roll,0.000,100.000,100.000
scene-0103_028,4,Car,car,25.882,14,roll,0.500,100.000,100.000
scene-0103_028,4,Car,car,25.882,14,roll,1.000,100.000,57.143
scene-0103_028,4,Car,car,25.882,14,roll,2.000,100.000,50.000
scene-0103_028,4,Car,car,25.882,14,roll,3.000,100.000,35.714
scene-0103_028,4,Car,car,25.882,14,ty,0.000,100.000,100.000
scene-0103_028,4,Car,car,25.882,14,ty,0.020,100.000,100.000
scene-0103_028,4,Car,car,25.882,14,ty,0.050,100.000,100.000
scene-0103_028,4,Car,car,25.882,14,ty,0.100,100.000,100.000
scene-0103_029,0,Car,car,17.687,55,yaw,0.000,100.000,100.000
scene-0103_029,0,Car,car,17.687,55,yaw,0.500,100.000,100.000
scene-0103_029,0,Car,car,17.687,55,yaw,1.000,100.000,94.545
scene-0103_029,0,Car,car,17.687,55,yaw,2.000,100.000,78.182
scene-0103_029,0,Car,car,17.687,55,yaw,3.000,100.000,61.818
scene-0103_029,0,Car,car,17.687,55,pitch,0.000,100.000,100.000
scene-0103_029,0,Car,car,17.687,55,pitch,0.500,100.000,100.000
scene-0103_029,0,Car,car,17.687,55,pitch,1.000,100.000,100.000
scene-0103_029,0,Car,car,17.687,55,pitch,2.000,100.000,74.545
scene-0103_029,0,Car,car,17.687,55,pitch,3.000,100.000,67.273
scene-0103_029,0,Car,car,17.687,55,roll,0.000,100.000,100.000
scene-0103_029,0,Car,car,17.687,55,roll,0.500,100.000,100.000
scene-0103_029,0,Car,car,17.687,55,roll,1.000,100.000,92.727
scene-0103_029,0,Car,car,17.687,55,roll,2.000,100.000,92.727
scene-0103_029,0,Car,car,17.687,55,roll,3.000,100.000,65.455
scene-0103_029,0,Car,car,17.687,55,ty,0.000,100.000,100.000
scene-0103_029,0,Car,car,17.687,55,ty,0.020,100.000,100.000
scene-0103_029,0,Car,car,17.687,55,ty,0.050,100.000,100.000
scene-0103_029,0,Car,car,17.687,55,ty,0.100,100.000,100.000
scene-0103_029,1,Motorcycle,vru,17.790,5,yaw,0.000,100.000,100.000
scene-0103_029,1,Motorcycle,vru,17.790,5,yaw,0.500,100.000,100.000
scene-0103_029,1,Motorcycle,vru,17.790,5,yaw,1.000,100.000,80.000
scene-0103_029,1,Motorcycle,vru,17.790,5,yaw,2.000,100.000,20.000
scene-0103_029,1,Motorcycle,vru,17.790,5,yaw,3.000,100.000,0.000
scene-0103_029,1,Motorcycle,vru,17.790,5,pitch,0.000,100.000,100.000
scene-0103_029,1,Motorcycle,vru,17.790,5,pitch,0.500,100.000,100.000
scene-0103_029,1,Motorcycle,vru,17.790,5,pitch,1.000,100.000,40.000
scene-0103_029,1,Motorcycle,vru,17.790,5,pitch,2.000,100.000,40.000
scene-0103_029,1,Motorcycle,vru,17.790,5,pitch,3.000,100.000,40.000
scene-0103_029,1,Motorcycle,vru,17.790,5,roll,0.000,100.000,100.000
scene-0103_029,1,Motorcycle,vru,17.790,5,roll,0.500,100.000,100.000
scene-0103_029,1,Motorcycle,vru,17.790,5,roll,1.000,100.000,100.000
scene-0103_029,1,Motorcycle,vru,17.790,5,roll,2.000,100.000,100.000
scene-0103_029,1,Motorcycle,vru,17.790,5,roll,3.000,100.000,60.000
scene-0103_029,1,Motorcycle,vru,17.790,5,ty,0.000,100.000,100.000
scene-0103_029,1,Motorcycle,vru,17.790,5,ty,0.020,100.000,100.000
scene-0103_029,1,Motorcycle,vru,17.790,5,ty,0.050,100.000,100.000
scene-0103_029,1,Motorcycle,vru,17.790,5,ty,0.100,100.000,100.000
scene-0103_029,2,Bicycle,vru,34.655,6,yaw,0.000,100.000,100.000
scene-0103_029,2,Bicycle,vru,34.655,6,yaw,0.500,100.000,50.000
scene-0103_029,2,Bicycle,vru,34.655,6,yaw,1.000,100.000,16.667
scene-0103_029,2,Bicycle,vru,34.655,6,yaw,2.000,100.000,0.000
scene-0103_029,2,Bicycle,vru,34.655,6,yaw,3.000,100.000,0.000
scene-0103_029,2,Bicycle,vru,34.655,6,pitch,0.000,100.000,100.000
scene-0103_029,2,Bicycle,vru,34.655,6,pitch,0.500,100.000,100.000
scene-0103_029,2,Bicycle,vru,34.655,6,pitch,1.000,100.000,100.000
scene-0103_029,2,Bicycle,vru,34.655,6,pitch,2.000,100.000,100.000
scene-0103_029,2,Bicycle,vru,34.655,6,pitch,3.000,100.000,100.000
scene-0103_029,2,Bicycle,vru,34.655,6,roll,0.000,100.000,100.000
scene-0103_029,2,Bicycle,vru,34.655,6,roll,0.500,100.000,100.000
scene-0103_029,2,Bicycle,vru,34.655,6,roll,1.000,100.000,100.000
scene-0103_029,2,Bicycle,vru,34.655,6,roll,2.000,100.000,33.333
scene-0103_029,2,Bicycle,vru,34.655,6,roll,3.000,100.000,0.000
scene-0103_029,2,Bicycle,vru,34.655,6,ty,0.000,100.000,100.000
scene-0103_029,2,Bicycle,vru,34.655,6,ty,0.020,100.000,100.000
scene-0103_029,2,Bicycle,vru,34.655,6,ty,0.050,100.000,100.000
scene-0103_029,2,Bicycle,vru,34.655,6,ty,0.100,100.000,100.000
scene-0103_029,3,Pedestrian,vru,15.062,5,yaw,0.000,100.000,100.000
scene-0103_029,3,Pedestrian,vru,15.062,5,yaw,0.500,100.000,100.000
scene-0103_029,3,Pedestrian,vru,15.062,5,yaw,1.000,100.000,60.000
scene-0103_029,3,Pedestrian,vru,15.062,5,yaw,2.000,100.000,0.000
scene-0103_029,3,Pedestrian,vru,15.062,5,yaw,3.000,100.000,0.000
scene-0103_029,3,Pedestrian,vru,15.062,5,pitch,0.000,100.000,100.000
scene-0103_029,3,Pedestrian,vru,15.062,5,pitch,0.500,100.000,100.000
scene-0103_029,3,Pedestrian,vru,15.062,5,pitch,1.000,100.000,100.000
scene-0103_029,3,Pedestrian,vru,15.062,5,pitch,2.000,100.000,100.000
scene-0103_029,3,Pedestrian,vru,15.062,5,pitch,3.000,100.000,80.000
scene-0103_029,3,Pedestrian,vru,15.062,5,roll,0.000,100.000,100.000
scene-0103_029,3,Pedestrian,vru,15.062,5,roll,0.500,100.000,100.000
scene-0103_029,3,Pedestrian,vru,15.062,5,roll,1.000,100.000,100.000
scene-0103_029,3,Pedestrian,vru,15.062,5,roll,2.000,100.000,100.000
scene-0103_029,3,Pedestrian,vru,15.062,5,roll,3.000,100.000,60.000
scene-0103_029,3,Pedestrian,vru,15.062,5,ty,0.000,100.000,100.000
scene-0103_029,3,Pedestrian,vru,15.062,5,ty,0.020,100.000,100.000
scene-0103_029,3,Pedestrian,vru,15.062,5,ty,0.050,100.000,100.000
scene-0103_029,3,Pedestrian,vru,15.062,5,ty,0.100,100.000,100.000
scene-0103_029,4,Truck,car,33.929,26,yaw,0.000,100.000,100.000
scene-0103_029,4,Truck,car,33.929,26,yaw,0.500,100.000,100.000
scene-0103_029,4,Truck,car,33.929,26,yaw,1.000,100.000,100.000
scene-0103_029,4,Truck,car,33.929,26,yaw,2.000,100.000,88.462
scene-0103_029,4,Truck,car,33.929,26,yaw,3.000,100.000,76.923
scene-0103_029,4,Truck,car,33.929,26,pitch,0.000,100.000,100.000
scene-0103_029,4,Truck,car,33.929,26,pitch,0.500,100.000,100.000
scene-0103_029,4,Truck,car,33.929,26,pitch,1.000,100.000,100.000
scene-0103_029,4,Truck,car,33.929,26,pitch,2.000,100.000,100.000
scene-0103_029,4,Truck,car,33.929,26,pitch,3.000,100.000,100.000
scene-0103_029,4,Truck,car,33.929,26,roll,0.000,100.000,100.000
scene-0103_029,4,Truck,car,33.929,26,roll,0.500,100.000,100.000
scene-0103_029,4,Truck,car,33.929,26,roll,1.000,100.000,100.000
scene-0103_029,4,Truck,car,33.929,26,roll,2.000,100.000,50.000
scene-0103_029,4,Truck,car,33.929,26,roll,3.000,100.000,50.000
scene-0103_029,4,Truck,car,33.929,26,ty,0.000,100.000,100.000
scene-0103_029,4,Truck,car,33.929,26,ty,0.020,100.000,100.000
scene-0103_029,4,Truck,car,33.929,26,ty,0.050,100.000,100.000
scene-0103_029,4,Truck,car,33.929,26,ty,0.100,100.000,100.000
scene-0103_029,5,Car,car,22.620,12,yaw,0.000,100.000,100.000
scene-0103_029,5,Car,car,22.620,12,yaw,0.500,100.000,100.000
scene-0103_029,5,Car,car,22.620,12,yaw,1.000,100.000,83.333
scene-0103_029,5,Car,car,22.620,12,yaw,2.000,100.000,83.333
scene-0103_029,5,Car,car,22.620,12,yaw,3.000,100.000,41.667
scene-0103_029,5,Car,car,22.620,12,pitch,0.000,100.000,100.000
scene-0103_029,5,Car,car,22.620,12,pitch,0.500,100.000,100.000
scene-0103_029,5,Car,car,22.620,12,pitch,1.000,100.000,100.000
scene-0103_029,5,Car,car,22.620,12,pitch,2.000,100.000,100.000
scene-0103_029,5,Car,car,22.620,12,pitch,3.000,100.000,100.000
scene-0103_029,5,Car,car,22.620,12,roll,0.000,100.000,100.000
scene-0103_029,5,Car,car,22.620,12,roll,0.500,100.000,100.000
scene-0103_029,5,Car,car,22.620,12,roll,1.000,100.000,100.000
scene-0103_029,5,Car,car,22.620,12,roll,2.000,100.000,75.000
scene-0103_029,5,Car,car,22.620,12,roll,3.000,100.000,75.000
scene-0103_029,5,Car,car,22.620,12,ty,0.000,100.000,100.000
scene-0103_029,5,Car,car,22.620,12,ty,0.020,100.000,100.000
scene-0103_029,5,Car,car,22.620,12,ty,0.050,100.000,100.000
scene-0103_029,5,Car,car,22.620,12,ty,0.100,100.000,100.000
scene-0103_030,0,Car,car,25.646,6,yaw,0.000,100.000,100.000
scene-0103_030,0,Car,car,25.646,6,yaw,0.500,100.000,100.000
scene-0103_030,0,Car,car,25.646,6,yaw,1.000,100.000,100.000
scene-0103_030,0,Car,car,25.646,6,yaw,2.000,100.000,100.000
scene-0103_030,0,Car,car,25.646,6,yaw,3.000,100.000,100.000
scene-0103_030,0,Car,car,25.646,6,pitch,0.000,100.000,100.000
scene-0103_030,0,Car,car,25.646,6,pitch,0.500,100.000,100.000
scene-0103_030,0,Car,car,25.646,6,pitch,1.000,100.000,100.000
scene-0103_030,0,Car,car,25.646,6,pitch,2.000,100.000,100.000
scene-0103_030,0,Car,car,25.646,6,pitch,3.000,100.000,83.333
scene-0103_030,0,Car,car,25.646,6,roll,0.000,100.000,100.000
scene-0103_030,0,Car,car,25.646,6,roll,0.500,100.000,83.333
scene-0103_030,0,Car,car,25.646,6,roll,1.000,100.000,83.333
scene-0103_030,0,Car,car,25.646,6,roll,2.000,100.000,83.333
scene-0103_030,0,Car,car,25.646,6,roll,3.000,100.000,83.333
scene-0103_030,0,Car,car,25.646,6,ty,0.000,100.000,100.000
scene-0103_030,0,Car,car,25.646,6,ty,0.020,100.000,100.000
scene-0103_030,0,Car,car,25.646,6,ty,0.050,100.000,100.000
scene-0103_030,0,Car,car,25.646,6,ty,0.100,100.000,100.000
scene-0103_030,1,Car,car,14.522,91,yaw,0.000,100.000,91.209
scene-0103_030,1,Car,car,14.522,91,yaw,0.500,100.000,91.209
scene-0103_030,1,Car,car,14.522,91,yaw,1.000,100.000,89.011
scene-0103_030,1,Car,car,14.522,91,yaw,2.000,100.000,83.516
scene-0103_030,1,Car,car,14.522,91,yaw,3.000,100.000,78.022
scene-0103_030,1,Car,car,14.522,91,pitch,0.000,100.000,91.209
scene-0103_030,1,Car,car,14.522,91,pitch,0.500,100.000,76.923
scene-0103_030,1,Car,car,14.522,91,pitch,1.000,100.000,76.923
scene-0103_030,1,Car,car,14.522,91,pitch,2.000,100.000,76.923
scene-0103_030,1,Car,car,14.522,91,pitch,3.000,100.000,76.923
scene-0103_030,1,Car,car,14.522,91,roll,0.000,100.000,91.209
scene-0103_030,1,Car,car,14.522,91,roll,0.500,100.000,97.802
scene-0103_030,1,Car,car,14.522,91,roll,1.000,100.000,97.802
scene-0103_030,1,Car,car,14.522,91,roll,2.000,100.000,91.209
scene-0103_030,1,Car,car,14.522,91,roll,3.000,100.000,70.330
scene-0103_030,1,Car,car,14.522,91,ty,0.000,100.000,91.209
scene-0103_030,1,Car,car,14.522,91,ty,0.020,100.000,91.209
scene-0103_030,1,Car,car,14.522,91,ty,0.050,100.000,92.308
scene-0103_030,1,Car,car,14.522,91,ty,0.100,100.000,94.505
scene-0103_030,2,Bicycle,vru,28.854,7,yaw,0.000,100.000,100.000
scene-0103_030,2,Bicycle,vru,28.854,7,yaw,0.500,100.000,100.000
scene-0103_030,2,Bicycle,vru,28.854,7,yaw,1.000,100.000,42.857
scene-0103_030,2,Bicycle,vru,28.854,7,yaw,2.000,100.000,0.000
scene-0103_030,2,Bicycle,vru,28.854,7,yaw,3.000,100.000,0.000
scene-0103_030,2,Bicycle,vru,28.854,7,pitch,0.000,100.000,100.000
scene-0103_030,2,Bicycle,vru,28.854,7,pitch,0.500,100.000,100.000
scene-0103_030,2,Bicycle,vru,28.854,7,pitch,1.000,100.000,100.000
scene-0103_030,2,Bicycle,vru,28.854,7,pitch,2.000,100.000,100.000
scene-0103_030,2,Bicycle,vru,28.854,7,pitch,3.000,100.000,100.000
scene-0103_030,2,Bicycle,vru,28.854,7,roll,0.000,100.000,100.000
scene-0103_030,2,Bicycle,vru,28.854,7,roll,0.500,100.000,100.000
scene-0103_030,2,Bicycle,vru,28.854,7,roll,1.000,100.000,85.714
scene-0103_030,2,Bicycle,vru,28.854,7,roll,2.000,100.000,85.714
scene-0103_030,2,Bicycle,vru,28.854,7,roll,3.000,100.000,28.571
scene-0103_030,2,Bicycle,vru,28.854,7,ty,0.000,100.000,100.000
scene-0103_030,2,Bicycle,vru,28.854,7,ty,0.020,100.000,100.000
scene-0103_030,2,Bicycle,vru,28.854,7,ty,0.050,100.000,100.000
scene-0103_030,2,Bicycle,vru,28.854,7,ty,0.100,100.000,100.000
scene-0103_030,3,Car,car,25.316,20,yaw,0.000,100.000,100.000
scene-0103_030,3,Car,car,25.316,20,yaw,0.500,100.000,95.000
scene-0103_030,3,Car,car,25.316,20,yaw,1.000,100.000,85.000
scene-0103_030,3,Car,car,25.316,20,yaw,2.000,100.000,55.000
scene-0103_030,3,Car,car,25.316,20,yaw,3.000,100.000,20.000
scene-0103_030,3,Car,car,25.316,20,pitch,0.000,100.000,100.000
scene-0103_030,3,Car,car,25.316,20,pitch,0.500,100.000,100.000
scene-0103_030,3,Car,car,25.316,20,pitch,1.000,100.000,100.000
scene-0103_030,3,Car,car,25.316,20,pitch,2.000,100.000,100.000
scene-0103_030,3,Car,car,25.316,20,pitch,3.000,100.000,100.000
scene-0103_030,3,Car,car,25.316,20,roll,0.000,100.000,100.000
scene-0103_030,3,Car,car,25.316,20,roll,0.500,100.000,100.000
scene-0103_030,3,Car,car,25.316,20,roll,1.000,100.000,60.000
scene-0103_030,3,Car,car,25.316,20,roll,2.000,100.000,60.000
scene-0103_030,3,Car,car,25.316,20,roll,3.000,100.000,25.000
scene-0103_030,3,Car,car,25.316,20,ty,0.000,100.000,100.000
scene-0103_030,3,Car,car,25.316,20,ty,0.020,100.000,100.000
scene-0103_030,3,Car,car,25.316,20,ty,0.050,100.000,100.000
scene-0103_030,3,Car,car,25.316,20,ty,0.100,100.000,100.000
scene-0103_030,4,Truck,car,30.718,46,yaw,0.000,100.000,97.826
scene-0103_030,4,Truck,car,30.718,46,yaw,0.500,100.000,97.826
scene-0103_030,4,Truck,car,30.718,46,yaw,1.000,100.000,95.652
scene-0103_030,4,Truck,car,30.718,46,yaw,2.000,100.000,89.130
scene-0103_030,4,Truck,car,30.718,46,yaw,3.000,100.000,82.609
scene-0103_030,4,Truck,car,30.718,46,pitch,0.000,100.000,97.826
scene-0103_030,4,Truck,car,30.718,46,pitch,0.500,100.000,97.826
scene-0103_030,4,Truck,car,30.718,46,pitch,1.000,100.000,100.000
scene-0103_030,4,Truck,car,30.718,46,pitch,2.000,100.000,100.000
scene-0103_030,4,Truck,car,30.718,46,pitch,3.000,100.000,100.000
scene-0103_030,4,Truck,car,30.718,46,roll,0.000,100.000,97.826
scene-0103_030,4,Truck,car,30.718,46,roll,0.500,100.000,100.000
scene-0103_030,4,Truck,car,30.718,46,roll,1.000,100.000,84.783
scene-0103_030,4,Truck,car,30.718,46,roll,2.000,100.000,84.783
scene-0103_030,4,Truck,car,30.718,46,roll,3.000,100.000,43.478
scene-0103_030,4,Truck,car,30.718,46,ty,0.000,100.000,97.826
scene-0103_030,4,Truck,car,30.718,46,ty,0.020,100.000,97.826
scene-0103_030,4,Truck,car,30.718,46,ty,0.050,100.000,97.826
scene-0103_030,4,Truck,car,30.718,46,ty,0.100,100.000,97.826
scene-0103_030,5,Car,car,19.444,36,yaw,0.000,100.000,97.222
scene-0103_030,5,Car,car,19.444,36,yaw,0.500,100.000,94.444
scene-0103_030,5,Car,car,19.444,36,yaw,1.000,100.000,86.111
scene-0103_030,5,Car,car,19.444,36,yaw,2.000,100.000,80.556
scene-0103_030,5,Car,car,19.444,36,yaw,3.000,100.000,72.222
scene-0103_030,5,Car,car,19.444,36,pitch,0.000,100.000,97.222
scene-0103_030,5,Car,car,19.444,36,pitch,0.500,100.000,97.222
scene-0103_030,5,Car,car,19.444,36,pitch,1.000,100.000,97.222
scene-0103_030,5,Car,car,19.444,36,pitch,2.000,100.000,97.222
scene-0103_030,5,Car,car,19.444,36,pitch,3.000,100.000,97.222
scene-0103_030,5,Car,car,19.444,36,roll,0.000,100.000,97.222
scene-0103_030,5,Car,car,19.444,36,roll,0.500,100.000,94.444
scene-0103_030,5,Car,car,19.444,36,roll,1.000,100.000,58.333
scene-0103_030,5,Car,car,19.444,36,roll,2.000,100.000,52.778
scene-0103_030,5,Car,car,19.444,36,roll,3.000,100.000,52.778
scene-0103_030,5,Car,car,19.444,36,ty,0.000,100.000,97.222
scene-0103_030,5,Car,car,19.444,36,ty,0.020,100.000,97.222
scene-0103_030,5,Car,car,19.444,36,ty,0.050,100.000,97.222
scene-0103_030,5,Car,car,19.444,36,ty,0.100,100.000,97.222
scene-0103_031,0,Car,car,11.136,141,yaw,0.000,95.035,95.035
scene-0103_031,0,Car,car,11.136,141,yaw,0.500,97.872,97.872
scene-0103_031,0,Car,car,11.136,141,yaw,1.000,100.000,98.582
scene-0103_031,0,Car,car,11.136,141,yaw,2.000,100.000,93.617
scene-0103_031,0,Car,car,11.136,141,yaw,3.000,100.000,85.106
scene-0103_031,0,Car,car,11.136,141,pitch,0.000,95.035,95.035
scene-0103_031,0,Car,car,11.136,141,pitch,0.500,95.035,95.035
scene-0103_031,0,Car,car,11.136,141,pitch,1.000,95.035,95.035
scene-0103_031,0,Car,car,11.136,141,pitch,2.000,95.035,95.035
scene-0103_031,0,Car,car,11.136,141,pitch,3.000,95.745,85.106
scene-0103_031,0,Car,car,11.136,141,roll,0.000,95.035,95.035
scene-0103_031,0,Car,car,11.136,141,roll,0.500,95.035,87.234
scene-0103_031,0,Car,car,11.136,141,roll,1.000,95.035,85.106
scene-0103_031,0,Car,car,11.136,141,roll,2.000,95.035,79.433
scene-0103_031,0,Car,car,11.136,141,roll,3.000,95.745,77.305
scene-0103_031,0,Car,car,11.136,141,ty,0.000,95.035,95.035
scene-0103_031,0,Car,car,11.136,141,ty,0.020,95.035,95.035
scene-0103_031,0,Car,car,11.136,141,ty,0.050,95.035,95.035
scene-0103_031,0,Car,car,11.136,141,ty,0.100,97.163,95.745
scene-0103_031,1,Car,car,28.089,12,yaw,0.000,100.000,100.000
scene-0103_031,1,Car,car,28.089,12,yaw,0.500,100.000,100.000
scene-0103_031,1,Car,car,28.089,12,yaw,1.000,100.000,100.000
scene-0103_031,1,Car,car,28.089,12,yaw,2.000,100.000,83.333
scene-0103_031,1,Car,car,28.089,12,yaw,3.000,100.000,33.333
scene-0103_031,1,Car,car,28.089,12,pitch,0.000,100.000,100.000
scene-0103_031,1,Car,car,28.089,12,pitch,0.500,100.000,100.000
scene-0103_031,1,Car,car,28.089,12,pitch,1.000,100.000,100.000
scene-0103_031,1,Car,car,28.089,12,pitch,2.000,100.000,100.000
scene-0103_031,1,Car,car,28.089,12,pitch,3.000,100.000,100.000
scene-0103_031,1,Car,car,28.089,12,roll,0.000,100.000,100.000
scene-0103_031,1,Car,car,28.089,12,roll,0.500,100.000,100.000
scene-0103_031,1,Car,car,28.089,12,roll,1.000,100.000,41.667
scene-0103_031,1,Car,car,28.089,12,roll,2.000,100.000,41.667
scene-0103_031,1,Car,car,28.089,12,roll,3.000,100.000,25.000
scene-0103_031,1,Car,car,28.089,12,ty,0.000,100.000,100.000
scene-0103_031,1,Car,car,28.089,12,ty,0.020,100.000,100.000
scene-0103_031,1,Car,car,28.089,12,ty,0.050,100.000,100.000
scene-0103_031,1,Car,car,28.089,12,ty,0.100,100.000,100.000
scene-0103_031,2,Car,car,35.708,9,yaw,0.000,100.000,100.000
scene-0103_031,2,Car,car,35.708,9,yaw,0.500,100.000,100.000
scene-0103_031,2,Car,car,35.708,9,yaw,1.000,100.000,100.000
scene-0103_031,2,Car,car,35.708,9,yaw,2.000,100.000,100.000
scene-0103_031,2,Car,car,35.708,9,yaw,3.000,100.000,66.667
scene-0103_031,2,Car,car,35.708,9,pitch,0.000,100.000,100.000
scene-0103_031,2,Car,car,35.708,9,pitch,0.500,100.000,100.000
scene-0103_031,2,Car,car,35.708,9,pitch,1.000,100.000,100.000
scene-0103_031,2,Car,car,35.708,9,pitch,2.000,100.000,100.000
scene-0103_031,2,Car,car,35.708,9,pitch,3.000,100.000,100.000
scene-0103_031,2,Car,car,35.708,9,roll,0.000,100.000,100.000
scene-0103_031,2,Car,car,35.708,9,roll,0.500,100.000,100.000
scene-0103_031,2,Car,car,35.708,9,roll,1.000,100.000,100.000
scene-0103_031,2,Car,car,35.708,9,roll,2.000,100.000,22.222
scene-0103_031,2,Car,car,35.708,9,roll,3.000,100.000,22.222
scene-0103_031,2,Car,car,35.708,9,ty,0.000,100.000,100.000
scene-0103_031,2,Car,car,35.708,9,ty,0.020,100.000,100.000
scene-0103_031,2,Car,car,35.708,9,ty,0.050,100.000,100.000
scene-0103_031,2,Car,car,35.708,9,ty,0.100,100.000,100.000
scene-0103_031,3,Bicycle,vru,22.582,8,yaw,0.000,100.000,100.000
scene-0103_031,3,Bicycle,vru,22.582,8,yaw,0.500,100.000,100.000
scene-0103_031,3,Bicycle,vru,22.582,8,yaw,1.000,100.000,87.500
scene-0103_031,3,Bicycle,vru,22.582,8,yaw,2.000,100.000,25.000
scene-0103_031,3,Bicycle,vru,22.582,8,yaw,3.000,100.000,0.000
scene-0103_031,3,Bicycle,vru,22.582,8,pitch,0.000,100.000,100.000
scene-0103_031,3,Bicycle,vru,22.582,8,pitch,0.500,100.000,100.000
scene-0103_031,3,Bicycle,vru,22.582,8,pitch,1.000,100.000,100.000
scene-0103_031,3,Bicycle,vru,22.582,8,pitch,2.000,100.000,100.000
scene-0103_031,3,Bicycle,vru,22.582,8,pitch,3.000,100.000,100.000
scene-0103_031,3,Bicycle,vru,22.582,8,roll,0.000,100.000,100.000
scene-0103_031,3,Bicycle,vru,22.582,8,roll,0.500,100.000,100.000
scene-0103_031,3,Bicycle,vru,22.582,8,roll,1.000,100.000,100.000
scene-0103_031,3,Bicycle,vru,22.582,8,roll,2.000,100.000,37.500
scene-0103_031,3,Bicycle,vru,22.582,8,roll,3.000,100.000,37.500
scene-0103_031,3,Bicycle,vru,22.582,8,ty,0.000,100.000,100.000
scene-0103_031,3,Bicycle,vru,22.582,8,ty,0.020,100.000,100.000
scene-0103_031,3,Bicycle,vru,22.582,8,ty,0.050,100.000,100.000
scene-0103_031,3,Bicycle,vru,22.582,8,ty,0.100,100.000,100.000
scene-0103_031,4,Car,car,21.928,19,yaw,0.000,100.000,100.000
scene-0103_031,4,Car,car,21.928,19,yaw,0.500,100.000,100.000
scene-0103_031,4,Car,car,21.928,19,yaw,1.000,100.000,89.474
scene-0103_031,4,Car,car,21.928,19,yaw,2.000,100.000,57.895
scene-0103_031,4,Car,car,21.928,19,yaw,3.000,100.000,21.053
scene-0103_031,4,Car,car,21.928,19,pitch,0.000,100.000,100.000
scene-0103_031,4,Car,car,21.928,19,pitch,0.500,100.000,100.000
scene-0103_031,4,Car,car,21.928,19,pitch,1.000,100.000,100.000
scene-0103_031,4,Car,car,21.928,19,pitch,2.000,100.000,100.000
scene-0103_031,4,Car,car,21.928,19,pitch,3.000,100.000,84.211
scene-0103_031,4,Car,car,21.928,19,roll,0.000,100.000,100.000
scene-0103_031,4,Car,car,21.928,19,roll,0.500,100.000,100.000
scene-0103_031,4,Car,car,21.928,19,roll,1.000,100.000,100.000
scene-0103_031,4,Car,car,21.928,19,roll,2.000,100.000,63.158
scene-0103_031,4,Car,car,21.928,19,roll,3.000,100.000,57.895
scene-0103_031,4,Car,car,21.928,19,ty,0.000,100.000,100.000
scene-0103_031,4,Car,car,21.928,19,ty,0.020,100.000,100.000
scene-0103_031,4,Car,car,21.928,19,ty,0.050,100.000,100.000
scene-0103_031,4,Car,car,21.928,19,ty,0.100,100.000,100.000
scene-0103_031,5,Truck,car,27.275,50,yaw,0.000,100.000,100.000
scene-0103_031,5,Truck,car,27.275,50,yaw,0.500,100.000,100.000
scene-0103_031,5,Truck,car,27.275,50,yaw,1.000,100.000,100.000
scene-0103_031,5,Truck,car,27.275,50,yaw,2.000,100.000,96.000
scene-0103_031,5,Truck,car,27.275,50,yaw,3.000,100.000,88.000
scene-0103_031,5,Truck,car,27.275,50,pitch,0.000,100.000,100.000
scene-0103_031,5,Truck,car,27.275,50,pitch,0.500,100.000,100.000
scene-0103_031,5,Truck,car,27.275,50,pitch,1.000,100.000,100.000
scene-0103_031,5,Truck,car,27.275,50,pitch,2.000,100.000,100.000
scene-0103_031,5,Truck,car,27.275,50,pitch,3.000,100.000,100.000
scene-0103_031,5,Truck,car,27.275,50,roll,0.000,100.000,100.000
scene-0103_031,5,Truck,car,27.275,50,roll,0.500,100.000,100.000
scene-0103_031,5,Truck,car,27.275,50,roll,1.000,100.000,100.000
scene-0103_031,5,Truck,car,27.275,50,roll,2.000,100.000,86.000
scene-0103_031,5,Truck,car,27.275,50,roll,3.000,100.000,44.000
scene-0103_031,5,Truck,car,27.275,50,ty,0.000,100.000,100.000
scene-0103_031,5,Truck,car,27.275,50,ty,0.020,100.000,100.000
scene-0103_031,5,Truck,car,27.275,50,ty,0.050,100.000,100.000
scene-0103_031,5,Truck,car,27.275,50,ty,0.100,100.000,100.000
scene-0103_031,6,Car,car,16.078,55,yaw,0.000,100.000,100.000
scene-0103_031,6,Car,car,16.078,55,yaw,0.500,100.000,100.000
scene-0103_031,6,Car,car,16.078,55,yaw,1.000,100.000,98.182
scene-0103_031,6,Car,car,16.078,55,yaw,2.000,100.000,83.636
scene-0103_031,6,Car,car,16.078,55,yaw,3.000,100.000,67.273
scene-0103_031,6,Car,car,16.078,55,pitch,0.000,100.000,100.000
scene-0103_031,6,Car,car,16.078,55,pitch,0.500,100.000,100.000
scene-0103_031,6,Car,car,16.078,55,pitch,1.000,100.000,100.000
scene-0103_031,6,Car,car,16.078,55,pitch,2.000,100.000,100.000
scene-0103_031,6,Car,car,16.078,55,pitch,3.000,100.000,100.000
scene-0103_031,6,Car,car,16.078,55,roll,0.000,100.000,100.000
scene-0103_031,6,Car,car,16.078,55,roll,0.500,100.000,100.000
scene-0103_031,6,Car,car,16.078,55,roll,1.000,100.000,100.000
scene-0103_031,6,Car,car,16.078,55,roll,2.000,100.000,96.364
scene-0103_031,6,Car,car,16.078,55,roll,3.000,100.000,96.364
scene-0103_031,6,Car,car,16.078,55,ty,0.000,100.000,100.000
scene-0103_031,6,Car,car,16.078,55,ty,0.020,100.000,100.000
scene-0103_031,6,Car,car,16.078,55,ty,0.050,100.000,100.000
scene-0103_031,6,Car,car,16.078,55,ty,0.100,100.000,100.000
scene-0103_032,0,Car,car,45.004,5,yaw,0.000,100.000,100.000
scene-0103_032,0,Car,car,45.004,5,yaw,0.500,100.000,100.000
scene-0103_032,0,Car,car,45.004,5,yaw,1.000,100.000,100.000
scene-0103_032,0,Car,car,45.004,5,yaw,2.000,100.000,20.000
scene-0103_032,0,Car,car,45.004,5,yaw,3.000,100.000,0.000
scene-0103_032,0,Car,car,45.004,5,pitch,0.000,100.000,100.000
scene-0103_032,0,Car,car,45.004,5,pitch,0.500,100.000,100.000
scene-0103_032,0,Car,car,45.004,5,pitch,1.000,100.000,100.000
scene-0103_032,0,Car,car,45.004,5,pitch,2.000,100.000,100.000
scene-0103_032,0,Car,car,45.004,5,pitch,3.000,100.000,100.000
scene-0103_032,0,Car,car,45.004,5,roll,0.000,100.000,100.000
scene-0103_032,0,Car,car,45.004,5,roll,0.500,100.000,100.000
scene-0103_032,0,Car,car,45.004,5,roll,1.000,100.000,60.000
scene-0103_032,0,Car,car,45.004,5,roll,2.000,100.000,60.000
scene-0103_032,0,Car,car,45.004,5,roll,3.000,100.000,0.000
scene-0103_032,0,Car,car,45.004,5,ty,0.000,100.000,100.000
scene-0103_032,0,Car,car,45.004,5,ty,0.020,100.000,100.000
scene-0103_032,0,Car,car,45.004,5,ty,0.050,100.000,100.000
scene-0103_032,0,Car,car,45.004,5,ty,0.100,100.000,100.000
scene-0103_032,1,Car,car,24.574,26,yaw,0.000,100.000,84.615
scene-0103_032,1,Car,car,24.574,26,yaw,0.500,100.000,84.615
scene-0103_032,1,Car,car,24.574,26,yaw,1.000,100.000,73.077
scene-0103_032,1,Car,car,24.574,26,yaw,2.000,100.000,61.538
scene-0103_032,1,Car,car,24.574,26,yaw,3.000,100.000,34.615
scene-0103_032,1,Car,car,24.574,26,pitch,0.000,100.000,84.615
scene-0103_032,1,Car,car,24.574,26,pitch,0.500,100.000,84.615
scene-0103_032,1,Car,car,24.574,26,pitch,1.000,100.000,84.615
scene-0103_032,1,Car,car,24.574,26,pitch,2.000,100.000,84.615
scene-0103_032,1,Car,car,24.574,26,pitch,3.000,100.000,84.615
scene-0103_032,1,Car,car,24.574,26,roll,0.000,100.000,84.615
scene-0103_032,1,Car,car,24.574,26,roll,0.500,100.000,100.000
scene-0103_032,1,Car,car,24.574,26,roll,1.000,100.000,65.385
scene-0103_032,1,Car,car,24.574,26,roll,2.000,100.000,65.385
scene-0103_032,1,Car,car,24.574,26,roll,3.000,100.000,42.308
scene-0103_032,1,Car,car,24.574,26,ty,0.000,100.000,84.615
scene-0103_032,1,Car,car,24.574,26,ty,0.020,100.000,84.615
scene-0103_032,1,Car,car,24.574,26,ty,0.050,100.000,84.615
scene-0103_032,1,Car,car,24.574,26,ty,0.100,100.000,84.615
scene-0103_032,2,Car,car,32.167,10,yaw,0.000,100.000,100.000
scene-0103_032,2,Car,car,32.167,10,yaw,0.500,100.000,100.000
scene-0103_032,2,Car,car,32.167,10,yaw,1.000,100.000,100.000
scene-0103_032,2,Car,car,32.167,10,yaw,2.000,100.000,100.000
scene-0103_032,2,Car,car,32.167,10,yaw,3.000,100.000,80.000
scene-0103_032,2,Car,car,32.167,10,pitch,0.000,100.000,100.000
scene-0103_032,2,Car,car,32.167,10,pitch,0.500,100.000,100.000
scene-0103_032,2,Car,car,32.167,10,pitch,1.000,100.000,100.000
scene-0103_032,2,Car,car,32.167,10,pitch,2.000,100.000,100.000
scene-0103_032,2,Car,car,32.167,10,pitch,3.000,100.000,100.000
scene-0103_032,2,Car,car,32.167,10,roll,0.000,100.000,100.000
scene-0103_032,2,Car,car,32.167,10,roll,0.500,100.000,100.000
scene-0103_032,2,Car,car,32.167,10,roll,1.000,100.000,100.000
scene-0103_032,2,Car,car,32.167,10,roll,2.000,100.000,20.000
scene-0103_032,2,Car,car,32.167,10,roll,3.000,100.000,20.000
scene-0103_032,2,Car,car,32.167,10,ty,0.000,100.000,100.000
scene-0103_032,2,Car,car,32.167,10,ty,0.020,100.000,100.000
scene-0103_032,2,Car,car,32.167,10,ty,0.050,100.000,100.000
scene-0103_032,2,Car,car,32.167,10,ty,0.100,100.000,100.000
scene-0103_032,3,Bicycle,vru,16.181,16,yaw,0.000,100.000,100.000
scene-0103_032,3,Bicycle,vru,16.181,16,yaw,0.500,100.000,100.000
scene-0103_032,3,Bicycle,vru,16.181,16,yaw,1.000,100.000,100.000
scene-0103_032,3,Bicycle,vru,16.181,16,yaw,2.000,100.000,81.250
scene-0103_032,3,Bicycle,vru,16.181,16,yaw,3.000,100.000,25.000
scene-0103_032,3,Bicycle,vru,16.181,16,pitch,0.000,100.000,100.000
scene-0103_032,3,Bicycle,vru,16.181,16,pitch,0.500,100.000,100.000
scene-0103_032,3,Bicycle,vru,16.181,16,pitch,1.000,100.000,100.000
scene-0103_032,3,Bicycle,vru,16.181,16,pitch,2.000,100.000,100.000
scene-0103_032,3,Bicycle,vru,16.181,16,pitch,3.000,100.000,100.000
scene-0103_032,3,Bicycle,vru,16.181,16,roll,0.000,100.000,100.000
scene-0103_032,3,Bicycle,vru,16.181,16,roll,0.500,100.000,100.000
scene-0103_032,3,Bicycle,vru,16.181,16,roll,1.000,100.000,100.000
scene-0103_032,3,Bicycle,vru,16.181,16,roll,2.000,100.000,75.000
scene-0103_032,3,Bicycle,vru,16.181,16,roll,3.000,100.000,75.000
scene-0103_032,3,Bicycle,vru,16.181,16,ty,0.000,100.000,100.000
scene-0103_032,3,Bicycle,vru,16.181,16,ty,0.020,100.000,100.000
scene-0103_032,3,Bicycle,vru,16.181,16,ty,0.050,100.000,100.000
scene-0103_032,3,Bicycle,vru,16.181,16,ty,0.100,100.000,100.000
scene-0103_032,4,Car,car,18.386,31,yaw,0.000,100.000,100.000
scene-0103_032,4,Car,car,18.386,31,yaw,0.500,100.000,96.774
scene-0103_032,4,Car,car,18.386,31,yaw,1.000,100.000,93.548
scene-0103_032,4,Car,car,18.386,31,yaw,2.000,100.000,70.968
scene-0103_032,4,Car,car,18.386,31,yaw,3.000,100.000,51.613
scene-0103_032,4,Car,car,18.386,31,pitch,0.000,100.000,100.000
scene-0103_032,4,Car,car,18.386,31,pitch,0.500,100.000,100.000
scene-0103_032,4,Car,car,18.386,31,pitch,1.000,100.000,80.645
scene-0103_032,4,Car,car,18.386,31,pitch,2.000,100.000,80.645
scene-0103_032,4,Car,car,18.386,31,pitch,3.000,100.000,80.645
scene-0103_032,4,Car,car,18.386,31,roll,0.000,100.000,100.000
scene-0103_032,4,Car,car,18.386,31,roll,0.500,100.000,96.774
scene-0103_032,4,Car,car,18.386,31,roll,1.000,100.000,96.774
scene-0103_032,4,Car,car,18.386,31,roll,2.000,100.000,87.097
scene-0103_032,4,Car,car,18.386,31,roll,3.000,100.000,83.871
scene-0103_032,4,Car,car,18.386,31,ty,0.000,100.000,100.000
scene-0103_032,4,Car,car,18.386,31,ty,0.020,100.000,100.000
scene-0103_032,4,Car,car,18.386,31,ty,0.050,100.000,100.000
scene-0103_032,4,Car,car,18.386,31,ty,0.100,100.000,100.000
scene-0103_032,5,Truck,car,23.701,74,yaw,0.000,100.000,100.000
scene-0103_032,5,Truck,car,23.701,74,yaw,0.500,100.000,100.000
scene-0103_032,5,Truck,car,23.701,74,yaw,1.000,100.000,100.000
scene-0103_032,5,Truck,car,23.701,74,yaw,2.000,100.000,95.946
scene-0103_032,5,Truck,car,23.701,74,yaw,3.000,100.000,85.135
scene-0103_032,5,Truck,car,23.701,74,pitch,0.000,100.000,100.000
scene-0103_032,5,Truck,car,23.701,74,pitch,0.500,100.000,100.000
scene-0103_032,5,Truck,car,23.701,74,pitch,1.000,100.000,100.000
scene-0103_032,5,Truck,car,23.701,74,pitch,2.000,100.000,100.000
scene-0103_032,5,Truck,car,23.701,74,pitch,3.000,100.000,94.595
scene-0103_032,5,Truck,car,23.701,74,roll,0.000,100.000,100.000
scene-0103_032,5,Truck,car,23.701,74,roll,0.500,100.000,100.000
scene-0103_032,5,Truck,car,23.701,74,roll,1.000,100.000,100.000
scene-0103_032,5,Truck,car,23.701,74,roll,2.000,100.000,87.838
scene-0103_032,5,Truck,car,23.701,74,roll,3.000,100.000,56.757
scene-0103_032,5,Truck,car,23.701,74,ty,0.000,100.000,100.000
scene-0103_032,5,Truck,car,23.701,74,ty,0.020,100.000,100.000
scene-0103_032,5,Truck,car,23.701,74,ty,0.050,100.000,100.000
scene-0103_032,5,Truck,car,23.701,74,ty,0.100,100.000,100.000
scene-0103_032,6,Car,car,12.568,133,yaw,0.000,100.000,100.000
scene-0103_032,6,Car,car,12.568,133,yaw,0.500,100.000,100.000
scene-0103_032,6,Car,car,12.568,133,yaw,1.000,100.000,98.496
scene-0103_032,6,Car,car,12.568,133,yaw,2.000,100.000,92.481
scene-0103_032,6,Car,car,12.568,133,yaw,3.000,100.000,83.459
scene-0103_032,6,Car,car,12.568,133,pitch,0.000,100.000,100.000
scene-0103_032,6,Car,car,12.568,133,pitch,0.500,100.000,100.000
scene-0103_032,6,Car,car,12.568,133,pitch,1.000,100.000,100.000
scene-0103_032,6,Car,car,12.568,133,pitch,2.000,100.000,90.226
scene-0103_032,6,Car,car,12.568,133,pitch,3.000,100.000,90.226
scene-0103_032,6,Car,car,12.568,133,roll,0.000,100.000,100.000
scene-0103_032,6,Car,car,12.568,133,roll,0.500,100.000,100.000
scene-0103_032,6,Car,car,12.568,133,roll,1.000,100.000,100.000
scene-0103_032,6,Car,car,12.568,133,roll,2.000,100.000,92.481
scene-0103_032,6,Car,car,12.568,133,roll,3.000,100.000,91.729
scene-0103_032,6,Car,car,12.568,133,ty,0.000,100.000,100.000
scene-0103_032,6,Car,car,12.568,133,ty,0.020,100.000,100.000
scene-0103_032,6,Car,car,12.568,133,ty,0.050,100.000,100.000
scene-0103_032,6,Car,car,12.568,133,ty,0.100,100.000,100.000
scene-0103_033,0,Car,car,41.243,6,yaw,0.000,100.000,100.000
scene-0103_033,0,Car,car,41.243,6,yaw,0.500,100.000,83.333
scene-0103_033,0,Car,car,41.243,6,yaw,1.000,100.000,50.000
scene-0103_033,0,Car,car,41.243,6,yaw,2.000,100.000,16.667
scene-0103_033,0,Car,car,41.243,6,yaw,3.000,100.000,0.000
scene-0103_033,0,Car,car,41.243,6,pitch,0.000,100.000,100.000
scene-0103_033,0,Car,car,41.243,6,pitch,0.500,100.000,100.000
scene-0103_033,0,Car,car,41.243,6,pitch,1.000,100.000,100.000
scene-0103_033,0,Car,car,41.243,6,pitch,2.000,100.000,100.000
scene-0103_033,0,Car,car,41.243,6,pitch,3.000,100.000,100.000
scene-0103_033,0,Car,car,41.243,6,roll,0.000,100.000,100.000
scene-0103_033,0,Car,car,41.243,6,roll,0.500,100.000,100.000
scene-0103_033,0,Car,car,41.243,6,roll,1.000,100.000,66.667
scene-0103_033,0,Car,car,41.243,6,roll,2.000,100.000,66.667
scene-0103_033,0,Car,car,41.243,6,roll,3.000,100.000,0.000
scene-0103_033,0,Car,car,41.243,6,ty,0.000,100.000,100.000
scene-0103_033,0,Car,car,41.243,6,ty,0.020,100.000,100.000
scene-0103_033,0,Car,car,41.243,6,ty,0.050,100.000,100.000
scene-0103_033,0,Car,car,41.243,6,ty,0.100,100.000,100.000
scene-0103_033,1,Car,car,20.861,38,yaw,0.000,100.000,100.000
scene-0103_033,1,Car,car,20.861,38,yaw,0.500,100.000,100.000
scene-0103_033,1,Car,car,20.861,38,yaw,1.000,100.000,97.368
scene-0103_033,1,Car,car,20.861,38,yaw,2.000,100.000,78.947
scene-0103_033,1,Car,car,20.861,38,yaw,3.000,100.000,50.000
scene-0103_033,1,Car,car,20.861,38,pitch,0.000,100.000,100.000
scene-0103_033,1,Car,car,20.861,38,pitch,0.500,100.000,100.000
scene-0103_033,1,Car,car,20.861,38,pitch,1.000,100.000,100.000
scene-0103_033,1,Car,car,20.861,38,pitch,2.000,100.000,100.000
scene-0103_033,1,Car,car,20.861,38,pitch,3.000,100.000,73.684
scene-0103_033,1,Car,car,20.861,38,roll,0.000,100.000,100.000
scene-0103_033,1,Car,car,20.861,38,roll,0.500,100.000,100.000
scene-0103_033,1,Car,car,20.861,38,roll,1.000,100.000,81.579
scene-0103_033,1,Car,car,20.861,38,roll,2.000,100.000,81.579
scene-0103_033,1,Car,car,20.861,38,roll,3.000,100.000,55.263
scene-0103_033,1,Car,car,20.861,38,ty,0.000,100.000,100.000
scene-0103_033,1,Car,car,20.861,38,ty,0.020,100.000,100.000
scene-0103_033,1,Car,car,20.861,38,ty,0.050,100.000,100.000
scene-0103_033,1,Car,car,20.861,38,ty,0.100,100.000,100.000
scene-0103_033,2,Car,car,28.407,20,yaw,0.000,100.000,100.000
scene-0103_033,2,Car,car,28.407,20,yaw,0.500,100.000,100.000
scene-0103_033,2,Car,car,28.407,20,yaw,1.000,100.000,100.000
scene-0103_033,2,Car,car,28.407,20,yaw,2.000,100.000,100.000
scene-0103_033,2,Car,car,28.407,20,yaw,3.000,100.000,85.000
scene-0103_033,2,Car,car,28.407,20,pitch,0.000,100.000,100.000
scene-0103_033,2,Car,car,28.407,20,pitch,0.500,100.000,100.000
scene-0103_033,2,Car,car,28.407,20,pitch,1.000,100.000,100.000
scene-0103_033,2,Car,car,28.407,20,pitch,2.000,100.000,100.000
scene-0103_033,2,Car,car,28.407,20,pitch,3.000,100.000,100.000
scene-0103_033,2,Car,car,28.407,20,roll,0.000,100.000,100.000
scene-0103_033,2,Car,car,28.407,20,roll,0.500,100.000,100.000
scene-0103_033,2,Car,car,28.407,20,roll,1.000,100.000,100.000
scene-0103_033,2,Car,car,28.407,20,roll,2.000,100.000,50.000
scene-0103_033,2,Car,car,28.407,20,roll,3.000,100.000,50.000
scene-0103_033,2,Car,car,28.407,20,ty,0.000,100.000,100.000
scene-0103_033,2,Car,car,28.407,20,ty,0.020,100.000,100.000
scene-0103_033,2,Car,car,28.407,20,ty,0.050,100.000,100.000
scene-0103_033,2,Car,car,28.407,20,ty,0.100,100.000,100.000
scene-0103_033,3,Car,car,14.646,74,yaw,0.000,100.000,100.000
scene-0103_033,3,Car,car,14.646,74,yaw,0.500,100.000,98.649
scene-0103_033,3,Car,car,14.646,74,yaw,1.000,100.000,94.595
scene-0103_033,3,Car,car,14.646,74,yaw,2.000,100.000,83.784
scene-0103_033,3,Car,car,14.646,74,yaw,3.000,100.000,71.622
scene-0103_033,3,Car,car,14.646,74,pitch,0.000,100.000,100.000
scene-0103_033,3,Car,car,14.646,74,pitch,0.500,100.000,100.000
scene-0103_033,3,Car,car,14.646,74,pitch,1.000,100.000,97.297
scene-0103_033,3,Car,car,14.646,74,pitch,2.000,100.000,87.838
scene-0103_033,3,Car,car,14.646,74,pitch,3.000,100.000,87.838
scene-0103_033,3,Car,car,14.646,74,roll,0.000,100.000,100.000
scene-0103_033,3,Car,car,14.646,74,roll,0.500,100.000,100.000
scene-0103_033,3,Car,car,14.646,74,roll,1.000,100.000,94.595
scene-0103_033,3,Car,car,14.646,74,roll,2.000,100.000,89.189
scene-0103_033,3,Car,car,14.646,74,roll,3.000,100.000,86.486
scene-0103_033,3,Car,car,14.646,74,ty,0.000,100.000,100.000
scene-0103_033,3,Car,car,14.646,74,ty,0.020,100.000,100.000
scene-0103_033,3,Car,car,14.646,74,ty,0.050,100.000,100.000
scene-0103_033,3,Car,car,14.646,74,ty,0.100,100.000,100.000
scene-0103_033,4,Truck,car,19.909,126,yaw,0.000,100.000,100.000
scene-0103_033,4,Truck,car,19.909,126,yaw,0.500,100.000,100.000
scene-0103_033,4,Truck,car,19.909,126,yaw,1.000,100.000,100.000
scene-0103_033,4,Truck,car,19.909,126,yaw,2.000,100.000,100.000
scene-0103_033,4,Truck,car,19.909,126,yaw,3.000,100.000,95.238
scene-0103_033,4,Truck,car,19.909,126,pitch,0.000,100.000,100.000
scene-0103_033,4,Truck,car,19.909,126,pitch,0.500,100.000,100.000
scene-0103_033,4,Truck,car,19.909,126,pitch,1.000,100.000,100.000
scene-0103_033,4,Truck,car,19.909,126,pitch,2.000,100.000,100.000
scene-0103_033,4,Truck,car,19.909,126,pitch,3.000,100.000,95.238
scene-0103_033,4,Truck,car,19.909,126,roll,0.000,100.000,100.000
scene-0103_033,4,Truck,car,19.909,126,roll,0.500,100.000,100.000
scene-0103_033,4,Truck,car,19.909,126,roll,1.000,100.000,100.000
scene-0103_033,4,Truck,car,19.909,126,roll,2.000,100.000,84.921
scene-0103_033,4,Truck,car,19.909,126,roll,3.000,100.000,64.286
scene-0103_033,4,Truck,car,19.909,126,ty,0.000,100.000,100.000
scene-0103_033,4,Truck,car,19.909,126,ty,0.020,100.000,100.000
scene-0103_033,4,Truck,car,19.909,126,ty,0.050,100.000,100.000
scene-0103_033,4,Truck,car,19.909,126,ty,0.100,100.000,100.000
scene-0103_033,5,Car,car,26.544,8,yaw,0.000,100.000,87.500
scene-0103_033,5,Car,car,26.544,8,yaw,0.500,100.000,87.500
scene-0103_033,5,Car,car,26.544,8,yaw,1.000,100.000,75.000
scene-0103_033,5,Car,car,26.544,8,yaw,2.000,100.000,25.000
scene-0103_033,5,Car,car,26.544,8,yaw,3.000,100.000,0.000
scene-0103_033,5,Car,car,26.544,8,pitch,0.000,100.000,87.500
scene-0103_033,5,Car,car,26.544,8,pitch,0.500,100.000,87.500
scene-0103_033,5,Car,car,26.544,8,pitch,1.000,100.000,87.500
scene-0103_033,5,Car,car,26.544,8,pitch,2.000,100.000,87.500
scene-0103_033,5,Car,car,26.544,8,pitch,3.000,100.000,50.000
scene-0103_033,5,Car,car,26.544,8,roll,0.000,100.000,87.500
scene-0103_033,5,Car,car,26.544,8,roll,0.500,100.000,87.500
scene-0103_033,5,Car,car,26.544,8,roll,1.000,100.000,75.000
scene-0103_033,5,Car,car,26.544,8,roll,2.000,100.000,50.000
scene-0103_033,5,Car,car,26.544,8,roll,3.000,100.000,50.000
scene-0103_033,5,Car,car,26.544,8,ty,0.000,100.000,87.500
scene-0103_033,5,Car,car,26.544,8,ty,0.020,100.000,87.500
scene-0103_033,5,Car,car,26.544,8,ty,0.050,100.000,87.500
scene-0103_033,5,Car,car,26.544,8,ty,0.100,100.000,87.500
scene-0103_034,0,Car,car,37.363,9,yaw,0.000,100.000,100.000
scene-0103_034,0,Car,car,37.363,9,yaw,0.500,100.000,100.000
scene-0103_034,0,Car,car,37.363,9,yaw,1.000,100.000,88.889
scene-0103_034,0,Car,car,37.363,9,yaw,2.000,100.000,33.333
scene-0103_034,0,Car,car,37.363,9,yaw,3.000,100.000,11.111
scene-0103_034,0,Car,car,37.363,9,pitch,0.000,100.000,100.000
scene-0103_034,0,Car,car,37.363,9,pitch,0.500,100.000,100.000
scene-0103_034,0,Car,car,37.363,9,pitch,1.000,100.000,100.000
scene-0103_034,0,Car,car,37.363,9,pitch,2.000,100.000,100.000
scene-0103_034,0,Car,car,37.363,9,pitch,3.000,100.000,100.000
scene-0103_034,0,Car,car,37.363,9,roll,0.000,100.000,100.000
scene-0103_034,0,Car,car,37.363,9,roll,0.500,100.000,100.000
scene-0103_034,0,Car,car,37.363,9,roll,1.000,100.000,100.000
scene-0103_034,0,Car,car,37.363,9,roll,2.000,100.000,66.667
scene-0103_034,0,Car,car,37.363,9,roll,3.000,100.000,0.000
scene-0103_034,0,Car,car,37.363,9,ty,0.000,100.000,100.000
scene-0103_034,0,Car,car,37.363,9,ty,0.020,100.000,100.000
scene-0103_034,0,Car,car,37.363,9,ty,0.050,100.000,100.000
scene-0103_034,0,Car,car,37.363,9,ty,0.100,100.000,100.000
scene-0103_034,1,Car,car,34.095,6,yaw,0.000,100.000,100.000
scene-0103_034,1,Car,car,34.095,6,yaw,0.500,100.000,100.000
scene-0103_034,1,Car,car,34.095,6,yaw,1.000,100.000,100.000
scene-0103_034,1,Car,car,34.095,6,yaw,2.000,100.000,50.000
scene-0103_034,1,Car,car,34.095,6,yaw,3.000,100.000,0.000
scene-0103_034,1,Car,car,34.095,6,pitch,0.000,100.000,100.000
scene-0103_034,1,Car,car,34.095,6,pitch,0.500,100.000,100.000
scene-0103_034,1,Car,car,34.095,6,pitch,1.000,100.000,100.000
scene-0103_034,1,Car,car,34.095,6,pitch,2.000,100.000,100.000
scene-0103_034,1,Car,car,34.095,6,pitch,3.000,100.000,100.000
scene-0103_034,1,Car,car,34.095,6,roll,0.000,100.000,100.000
scene-0103_034,1,Car,car,34.095,6,roll,0.500,100.000,100.000
scene-0103_034,1,Car,car,34.095,6,roll,1.000,100.000,100.000
scene-0103_034,1,Car,car,34.095,6,roll,2.000,100.000,100.000
scene-0103_034,1,Car,car,34.095,6,roll,3.000,100.000,0.000
scene-0103_034,1,Car,car,34.095,6,ty,0.000,100.000,100.000
scene-0103_034,1,Car,car,34.095,6,ty,0.020,100.000,100.000
scene-0103_034,1,Car,car,34.095,6,ty,0.050,100.000,100.000
scene-0103_034,1,Car,car,34.095,6,ty,0.100,100.000,100.000
scene-0103_034,2,Car,car,16.997,62,yaw,0.000,100.000,100.000
scene-0103_034,2,Car,car,16.997,62,yaw,0.500,100.000,100.000
scene-0103_034,2,Car,car,16.997,62,yaw,1.000,100.000,96.774
scene-0103_034,2,Car,car,16.997,62,yaw,2.000,100.000,85.484
scene-0103_034,2,Car,car,16.997,62,yaw,3.000,100.000,70.968
scene-0103_034,2,Car,car,16.997,62,pitch,0.000,100.000,100.000
scene-0103_034,2,Car,car,16.997,62,pitch,0.500,100.000,100.000
scene-0103_034,2,Car,car,16.997,62,pitch,1.000,100.000,100.000
scene-0103_034,2,Car,car,16.997,62,pitch,2.000,100.000,100.000
scene-0103_034,2,Car,car,16.997,62,pitch,3.000,100.000,87.097
scene-0103_034,2,Car,car,16.997,62,roll,0.000,100.000,100.000
scene-0103_034,2,Car,car,16.997,62,roll,0.500,100.000,100.000
scene-0103_034,2,Car,car,16.997,62,roll,1.000,100.000,74.194
scene-0103_034,2,Car,car,16.997,62,roll,2.000,100.000,72.581
scene-0103_034,2,Car,car,16.997,62,roll,3.000,100.000,67.742
scene-0103_034,2,Car,car,16.997,62,ty,0.000,100.000,100.000
scene-0103_034,2,Car,car,16.997,62,ty,0.020,100.000,100.000
scene-0103_034,2,Car,car,16.997,62,ty,0.050,100.000,100.000
scene-0103_034,2,Car,car,16.997,62,ty,0.100,100.000,100.000
scene-0103_034,3,Car,car,24.526,22,yaw,0.000,100.000,100.000
scene-0103_034,3,Car,car,24.526,22,yaw,0.500,100.000,100.000
scene-0103_034,3,Car,car,24.526,22,yaw,1.000,100.000,100.000
scene-0103_034,3,Car,car,24.526,22,yaw,2.000,100.000,100.000
scene-0103_034,3,Car,car,24.526,22,yaw,3.000,100.000,86.364
scene-0103_034,3,Car,car,24.526,22,pitch,0.000,100.000,100.000
scene-0103_034,3,Car,car,24.526,22,pitch,0.500,100.000,100.000
scene-0103_034,3,Car,car,24.526,22,pitch,1.000,100.000,100.000
scene-0103_034,3,Car,car,24.526,22,pitch,2.000,100.000,100.000
scene-0103_034,3,Car,car,24.526,22,pitch,3.000,100.000,100.000
scene-0103_034,3,Car,car,24.526,22,roll,0.000,100.000,100.000
scene-0103_034,3,Car,car,24.526,22,roll,0.500,100.000,100.000
scene-0103_034,3,Car,car,24.526,22,roll,1.000,100.000,100.000
scene-0103_034,3,Car,car,24.526,22,roll,2.000,100.000,77.273
scene-0103_034,3,Car,car,24.526,22,roll,3.000,100.000,77.273
scene-0103_034,3,Car,car,24.526,22,ty,0.000,100.000,100.000
scene-0103_034,3,Car,car,24.526,22,ty,0.020,100.000,100.000
scene-0103_034,3,Car,car,24.526,22,ty,0.050,100.000,100.000
scene-0103_034,3,Car,car,24.526,22,ty,0.100,100.000,100.000
scene-0103_034,4,Truck,car,16.058,192,yaw,0.000,90.104,89.583
scene-0103_034,4,Truck,car,16.058,192,yaw,0.500,85.938,85.938
scene-0103_034,4,Truck,car,16.058,192,yaw,1.000,83.854,83.854
scene-0103_034,4,Truck,car,16.058,192,yaw,2.000,76.562,76.562
scene-0103_034,4,Truck,car,16.058,192,yaw,3.000,70.833,70.833
scene-0103_034,4,Truck,car,16.058,192,pitch,0.000,90.104,89.583
scene-0103_034,4,Truck,car,16.058,192,pitch,0.500,90.104,89.583
scene-0103_034,4,Truck,car,16.058,192,pitch,1.000,90.104,89.583
scene-0103_034,4,Truck,car,16.058,192,pitch,2.000,89.583,89.583
scene-0103_034,4,Truck,car,16.058,192,pitch,3.000,89.583,89.583
scene-0103_034,4,Truck,car,16.058,192,roll,0.000,90.104,89.583
scene-0103_034,4,Truck,car,16.058,192,roll,0.500,90.104,89.583
scene-0103_034,4,Truck,car,16.058,192,roll,1.000,90.104,89.583
scene-0103_034,4,Truck,car,16.058,192,roll,2.000,90.104,82.812
scene-0103_034,4,Truck,car,16.058,192,roll,3.000,90.104,77.083
scene-0103_034,4,Truck,car,16.058,192,ty,0.000,90.104,89.583
scene-0103_034,4,Truck,car,16.058,192,ty,0.020,90.104,89.583
scene-0103_034,4,Truck,car,16.058,192,ty,0.050,90.104,89.583
scene-0103_034,4,Truck,car,16.058,192,ty,0.100,91.146,90.625
scene-0103_034,5,Car,car,22.664,17,yaw,0.000,100.000,100.000
scene-0103_034,5,Car,car,22.664,17,yaw,0.500,100.000,94.118
scene-0103_034,5,Car,car,22.664,17,yaw,1.000,100.000,88.235
scene-0103_034,5,Car,car,22.664,17,yaw,2.000,100.000,76.471
scene-0103_034,5,Car,car,22.664,17,yaw,3.000,100.000,23.529
scene-0103_034,5,Car,car,22.664,17,pitch,0.000,100.000,100.000
scene-0103_034,5,Car,car,22.664,17,pitch,0.500,100.000,100.000
scene-0103_034,5,Car,car,22.664,17,pitch,1.000,100.000,100.000
scene-0103_034,5,Car,car,22.664,17,pitch,2.000,100.000,100.000
scene-0103_034,5,Car,car,22.664,17,pitch,3.000,100.000,100.000
scene-0103_034,5,Car,car,22.664,17,roll,0.000,100.000,100.000
scene-0103_034,5,Car,car,22.664,17,roll,0.500,100.000,100.000
scene-0103_034,5,Car,car,22.664,17,roll,1.000,100.000,64.706
scene-0103_034,5,Car,car,22.664,17,roll,2.000,100.000,41.176
scene-0103_034,5,Car,car,22.664,17,roll,3.000,100.000,41.176
scene-0103_034,5,Car,car,22.664,17,ty,0.000,100.000,100.000
scene-0103_034,5,Car,car,22.664,17,ty,0.020,100.000,100.000
scene-0103_034,5,Car,car,22.664,17,ty,0.050,100.000,100.000
scene-0103_034,5,Car,car,22.664,17,ty,0.100,100.000,100.000
scene-0103_035,0,Car,car,32.658,18,yaw,0.000,100.000,100.000
scene-0103_035,0,Car,car,32.658,18,yaw,0.500,100.000,94.444
scene-0103_035,0,Car,car,32.658,18,yaw,1.000,100.000,83.333
scene-0103_035,0,Car,car,32.658,18,yaw,2.000,100.000,44.444
scene-0103_035,0,Car,car,32.658,18,yaw,3.000,100.000,22.222
scene-0103_035,0,Car,car,32.658,18,pitch,0.000,100.000,100.000
scene-0103_035,0,Car,car,32.658,18,pitch,0.500,100.000,100.000
scene-0103_035,0,Car,car,32.658,18,pitch,1.000,100.000,100.000
scene-0103_035,0,Car,car,32.658,18,pitch,2.000,100.000,100.000
scene-0103_035,0,Car,car,32.658,18,pitch,3.000,100.000,100.000
scene-0103_035,0,Car,car,32.658,18,roll,0.000,100.000,100.000
scene-0103_035,0,Car,car,32.658,18,roll,0.500,100.000,100.000
scene-0103_035,0,Car,car,32.658,18,roll,1.000,100.000,100.000
scene-0103_035,0,Car,car,32.658,18,roll,2.000,100.000,66.667
scene-0103_035,0,Car,car,32.658,18,roll,3.000,100.000,27.778
scene-0103_035,0,Car,car,32.658,18,ty,0.000,100.000,100.000
scene-0103_035,0,Car,car,32.658,18,ty,0.020,100.000,100.000
scene-0103_035,0,Car,car,32.658,18,ty,0.050,100.000,100.000
scene-0103_035,0,Car,car,32.658,18,ty,0.100,100.000,100.000
scene-0103_035,1,Car,car,29.336,14,yaw,0.000,100.000,92.857
scene-0103_035,1,Car,car,29.336,14,yaw,0.500,100.000,92.857
scene-0103_035,1,Car,car,29.336,14,yaw,1.000,100.000,92.857
scene-0103_035,1,Car,car,29.336,14,yaw,2.000,100.000,64.286
scene-0103_035,1,Car,car,29.336,14,yaw,3.000,100.000,35.714
scene-0103_035,1,Car,car,29.336,14,pitch,0.000,100.000,92.857
scene-0103_035,1,Car,car,29.336,14,pitch,0.500,100.000,92.857
scene-0103_035,1,Car,car,29.336,14,pitch,1.000,100.000,92.857
scene-0103_035,1,Car,car,29.336,14,pitch,2.000,100.000,92.857
scene-0103_035,1,Car,car,29.336,14,pitch,3.000,100.000,92.857
scene-0103_035,1,Car,car,29.336,14,roll,0.000,100.000,92.857
scene-0103_035,1,Car,car,29.336,14,roll,0.500,100.000,100.000
scene-0103_035,1,Car,car,29.336,14,roll,1.000,100.000,64.286
scene-0103_035,1,Car,car,29.336,14,roll,2.000,100.000,64.286
scene-0103_035,1,Car,car,29.336,14,roll,3.000,100.000,7.143
scene-0103_035,1,Car,car,29.336,14,ty,0.000,100.000,92.857
scene-0103_035,1,Car,car,29.336,14,ty,0.020,100.000,92.857
scene-0103_035,1,Car,car,29.336,14,ty,0.050,100.000,92.857
scene-0103_035,1,Car,car,29.336,14,ty,0.100,100.000,92.857
scene-0103_035,2,Car,car,12.240,158,yaw,0.000,100.000,100.000
scene-0103_035,2,Car,car,12.240,158,yaw,0.500,100.000,100.000
scene-0103_035,2,Car,car,12.240,158,yaw,1.000,100.000,100.000
scene-0103_035,2,Car,car,12.240,158,yaw,2.000,100.000,94.937
scene-0103_035,2,Car,car,12.240,158,yaw,3.000,100.000,86.076
scene-0103_035,2,Car,car,12.240,158,pitch,0.000,100.000,100.000
scene-0103_035,2,Car,car,12.240,158,pitch,0.500,100.000,100.000
scene-0103_035,2,Car,car,12.240,158,pitch,1.000,100.000,100.000
scene-0103_035,2,Car,car,12.240,158,pitch,2.000,100.000,89.241
scene-0103_035,2,Car,car,12.240,158,pitch,3.000,100.000,89.241
scene-0103_035,2,Car,car,12.240,158,roll,0.000,100.000,100.000
scene-0103_035,2,Car,car,12.240,158,roll,0.500,100.000,100.000
scene-0103_035,2,Car,car,12.240,158,roll,1.000,100.000,87.975
scene-0103_035,2,Car,car,12.240,158,roll,2.000,100.000,85.443
scene-0103_035,2,Car,car,12.240,158,roll,3.000,100.000,80.380
scene-0103_035,2,Car,car,12.240,158,ty,0.000,100.000,100.000
scene-0103_035,2,Car,car,12.240,158,ty,0.020,100.000,100.000
scene-0103_035,2,Car,car,12.240,158,ty,0.050,100.000,100.000
scene-0103_035,2,Car,car,12.240,158,ty,0.100,100.000,100.000
scene-0103_035,3,Car,car,19.820,52,yaw,0.000,100.000,100.000
scene-0103_035,3,Car,car,19.820,52,yaw,0.500,100.000,100.000
scene-0103_035,3,Car,car,19.820,52,yaw,1.000,100.000,100.000
scene-0103_035,3,Car,car,19.820,52,yaw,2.000,100.000,100.000
scene-0103_035,3,Car,car,19.820,52,yaw,3.000,100.000,86.538
scene-0103_035,3,Car,car,19.820,52,pitch,0.000,100.000,100.000
scene-0103_035,3,Car,car,19.820,52,pitch,0.500,100.000,100.000
scene-0103_035,3,Car,car,19.820,52,pitch,1.000,100.000,100.000
scene-0103_035,3,Car,car,19.820,52,pitch,2.000,100.000,100.000
scene-0103_035,3,Car,car,19.820,52,pitch,3.000,100.000,100.000
scene-0103_035,3,Car,car,19.820,52,roll,0.000,100.000,100.000
scene-0103_035,3,Car,car,19.820,52,roll,0.500,100.000,100.000
scene-0103_035,3,Car,car,19.820,52,roll,1.000,100.000,100.000
scene-0103_035,3,Car,car,19.820,52,roll,2.000,100.000,92.308
scene-0103_035,3,Car,car,19.820,52,roll,3.000,100.000,92.308
scene-0103_035,3,Car,car,19.820,52,ty,0.000,100.000,100.000
scene-0103_035,3,Car,car,19.820,52,ty,0.020,100.000,100.000
scene-0103_035,3,Car,car,19.820,52,ty,0.050,100.000,100.000
scene-0103_035,3,Car,car,19.820,52,ty,0.100,100.000,100.000
scene-0103_035,4,Car,car,17.906,31,yaw,0.000,100.000,100.000
scene-0103_035,4,Car,car,17.906,31,yaw,0.500,100.000,90.323
scene-0103_035,4,Car,car,17.906,31,yaw,1.000,100.000,83.871
scene-0103_035,4,Car,car,17.906,31,yaw,2.000,100.000,74.194
scene-0103_035,4,Car,car,17.906,31,yaw,3.000,100.000,58.065
scene-0103_035,4,Car,car,17.906,31,pitch,0.000,100.000,100.000
scene-0103_035,4,Car,car,17.906,31,pitch,0.500,100.000,96.774
scene-0103_035,4,Car,car,17.906,31,pitch,1.000,100.000,96.774
scene-0103_035,4,Car,car,17.906,31,pitch,2.000,100.000,96.774
scene-0103_035,4,Car,car,17.906,31,pitch,3.000,100.000,96.774
scene-0103_035,4,Car,car,17.906,31,roll,0.000,100.000,100.000
scene-0103_035,4,Car,car,17.906,31,roll,0.500,100.000,96.774
scene-0103_035,4,Car,car,17.906,31,roll,1.000,100.000,70.968
scene-0103_035,4,Car,car,17.906,31,roll,2.000,100.000,64.516
scene-0103_035,4,Car,car,17.906,31,roll,3.000,100.000,64.516
scene-0103_035,4,Car,car,17.906,31,ty,0.000,100.000,100.000
scene-0103_035,4,Car,car,17.906,31,ty,0.020,100.000,100.000
scene-0103_035,4,Car,car,17.906,31,ty,0.050,100.000,96.774
scene-0103_035,4,Car,car,17.906,31,ty,0.100,100.000,96.774
scene-0103_036,0,Car,car,29.420,25,yaw,0.000,100.000,100.000
scene-0103_036,0,Car,car,29.420,25,yaw,0.500,100.000,100.000
scene-0103_036,0,Car,car,29.420,25,yaw,1.000,100.000,92.000
scene-0103_036,0,Car,car,29.420,25,yaw,2.000,100.000,64.000
scene-0103_036,0,Car,car,29.420,25,yaw,3.000,100.000,32.000
scene-0103_036,0,Car,car,29.420,25,pitch,0.000,100.000,100.000
scene-0103_036,0,Car,car,29.420,25,pitch,0.500,100.000,100.000
scene-0103_036,0,Car,car,29.420,25,pitch,1.000,100.000,100.000
scene-0103_036,0,Car,car,29.420,25,pitch,2.000,100.000,100.000
scene-0103_036,0,Car,car,29.420,25,pitch,3.000,100.000,100.000
scene-0103_036,0,Car,car,29.420,25,roll,0.000,100.000,100.000
scene-0103_036,0,Car,car,29.420,25,roll,0.500,100.000,100.000
scene-0103_036,0,Car,car,29.420,25,roll,1.000,100.000,100.000
scene-0103_036,0,Car,car,29.420,25,roll,2.000,100.000,72.000
scene-0103_036,0,Car,car,29.420,25,roll,3.000,100.000,48.000
scene-0103_036,0,Car,car,29.420,25,ty,0.000,100.000,100.000
scene-0103_036,0,Car,car,29.420,25,ty,0.020,100.000,100.000
scene-0103_036,0,Car,car,29.420,25,ty,0.050,100.000,100.000
scene-0103_036,0,Car,car,29.420,25,ty,0.100,100.000,100.000
scene-0103_036,1,Car,car,26.091,16,yaw,0.000,100.000,100.000
scene-0103_036,1,Car,car,26.091,16,yaw,0.500,100.000,93.750
scene-0103_036,1,Car,car,26.091,16,yaw,1.000,100.000,93.750
scene-0103_036,1,Car,car,26.091,16,yaw,2.000,100.000,68.750
scene-0103_036,1,Car,car,26.091,16,yaw,3.000,100.000,50.000
scene-0103_036,1,Car,car,26.091,16,pitch,0.000,100.000,100.000
scene-0103_036,1,Car,car,26.091,16,pitch,0.500,100.000,100.000
scene-0103_036,1,Car,car,26.091,16,pitch,1.000,100.000,100.000
scene-0103_036,1,Car,car,26.091,16,pitch,2.000,100.000,56.250
scene-0103_036,1,Car,car,26.091,16,pitch,3.000,100.000,56.250
scene-0103_036,1,Car,car,26.091,16,roll,0.000,100.000,100.000
scene-0103_036,1,Car,car,26.091,16,roll,0.500,100.000,100.000
scene-0103_036,1,Car,car,26.091,16,roll,1.000,100.000,87.500
scene-0103_036,1,Car,car,26.091,16,roll,2.000,100.000,87.500
scene-0103_036,1,Car,car,26.091,16,roll,3.000,100.000,43.750
scene-0103_036,1,Car,car,26.091,16,ty,0.000,100.000,100.000
scene-0103_036,1,Car,car,26.091,16,ty,0.020,100.000,100.000
scene-0103_036,1,Car,car,26.091,16,ty,0.050,100.000,100.000
scene-0103_036,1,Car,car,26.091,16,ty,0.100,100.000,100.000
scene-0103_036,2,Car,car,19.324,18,yaw,0.000,100.000,100.000
scene-0103_036,2,Car,car,19.324,18,yaw,0.500,100.000,100.000
scene-0103_036,2,Car,car,19.324,18,yaw,1.000,100.000,77.778
scene-0103_036,2,Car,car,19.324,18,yaw,2.000,100.000,66.667
scene-0103_036,2,Car,car,19.324,18,yaw,3.000,100.000,55.556
scene-0103_036,2,Car,car,19.324,18,pitch,0.000,100.000,100.000
scene-0103_036,2,Car,car,19.324,18,pitch,0.500,100.000,100.000
scene-0103_036,2,Car,car,19.324,18,pitch,1.000,100.000,100.000
scene-0103_036,2,Car,car,19.324,18,pitch,2.000,100.000,100.000
scene-0103_036,2,Car,car,19.324,18,pitch,3.000,100.000,100.000
scene-0103_036,2,Car,car,19.324,18,roll,0.000,100.000,100.000
scene-0103_036,2,Car,car,19.324,18,roll,0.500,100.000,100.000
scene-0103_036,2,Car,car,19.324,18,roll,1.000,100.000,100.000
scene-0103_036,2,Car,car,19.324,18,roll,2.000,100.000,88.889
scene-0103_036,2,Car,car,19.324,18,roll,3.000,100.000,66.667
scene-0103_036,2,Car,car,19.324,18,ty,0.000,100.000,100.000
scene-0103_036,2,Car,car,19.324,18,ty,0.020,100.000,100.000
scene-0103_036,2,Car,car,19.324,18,ty,0.050,100.000,100.000
scene-0103_036,2,Car,car,19.324,18,ty,0.100,100.000,100.000
scene-0103_036,3,Car,car,16.582,83,yaw,0.000,100.000,100.000
scene-0103_036,3,Car,car,16.582,83,yaw,0.500,96.386,96.386
scene-0103_036,3,Car,car,16.582,83,yaw,1.000,93.976,93.976
scene-0103_036,3,Car,car,16.582,83,yaw,2.000,92.771,92.771
scene-0103_036,3,Car,car,16.582,83,yaw,3.000,83.133,83.133
scene-0103_036,3,Car,car,16.582,83,pitch,0.000,100.000,100.000
scene-0103_036,3,Car,car,16.582,83,pitch,0.500,98.795,98.795
scene-0103_036,3,Car,car,16.582,83,pitch,1.000,98.795,98.795
scene-0103_036,3,Car,car,16.582,83,pitch,2.000,98.795,98.795
scene-0103_036,3,Car,car,16.582,83,pitch,3.000,98.795,98.795
scene-0103_036,3,Car,car,16.582,83,roll,0.000,100.000,100.000
scene-0103_036,3,Car,car,16.582,83,roll,0.500,100.000,100.000
scene-0103_036,3,Car,car,16.582,83,roll,1.000,100.000,100.000
scene-0103_036,3,Car,car,16.582,83,roll,2.000,100.000,93.976
scene-0103_036,3,Car,car,16.582,83,roll,3.000,100.000,93.976
scene-0103_036,3,Car,car,16.582,83,ty,0.000,100.000,100.000
scene-0103_036,3,Car,car,16.582,83,ty,0.020,100.000,100.000
scene-0103_036,3,Car,car,16.582,83,ty,0.050,100.000,100.000
scene-0103_036,3,Car,car,16.582,83,ty,0.100,100.000,100.000
scene-0103_036,4,Car,car,14.660,44,yaw,0.000,100.000,100.000
scene-0103_036,4,Car,car,14.660,44,yaw,0.500,100.000,100.000
scene-0103_036,4,Car,car,14.660,44,yaw,1.000,100.000,95.455
scene-0103_036,4,Car,car,14.660,44,yaw,2.000,100.000,81.818
scene-0103_036,4,Car,car,14.660,44,yaw,3.000,100.000,70.455
scene-0103_036,4,Car,car,14.660,44,pitch,0.000,100.000,100.000
scene-0103_036,4,Car,car,14.660,44,pitch,0.500,100.000,100.000
scene-0103_036,4,Car,car,14.660,44,pitch,1.000,100.000,100.000
scene-0103_036,4,Car,car,14.660,44,pitch,2.000,100.000,100.000
scene-0103_036,4,Car,car,14.660,44,pitch,3.000,100.000,100.000
scene-0103_036,4,Car,car,14.660,44,roll,0.000,100.000,100.000
scene-0103_036,4,Car,car,14.660,44,roll,0.500,100.000,100.000
scene-0103_036,4,Car,car,14.660,44,roll,1.000,100.000,100.000
scene-0103_036,4,Car,car,14.660,44,roll,2.000,100.000,88.636
scene-0103_036,4,Car,car,14.660,44,roll,3.000,100.000,88.636
scene-0103_036,4,Car,car,14.660,44,ty,0.000,100.000,100.000
scene-0103_036,4,Car,car,14.660,44,ty,0.020,100.000,100.000
scene-0103_036,4,Car,car,14.660,44,ty,0.050,100.000,100.000
scene-0103_036,4,Car,car,14.660,44,ty,0.100,100.000,100.000
scene-0103_037,0,Car,car,25.360,31,yaw,0.000,100.000,100.000
scene-0103_037,0,Car,car,25.360,31,yaw,0.500,100.000,96.774
scene-0103_037,0,Car,car,25.360,31,yaw,1.000,100.000,90.323
scene-0103_037,0,Car,car,25.360,31,yaw,2.000,100.000,67.742
scene-0103_037,0,Car,car,25.360,31,yaw,3.000,100.000,38.710
scene-0103_037,0,Car,car,25.360,31,pitch,0.000,100.000,100.000
scene-0103_037,0,Car,car,25.360,31,pitch,0.500,100.000,100.000
scene-0103_037,0,Car,car,25.360,31,pitch,1.000,100.000,100.000
scene-0103_037,0,Car,car,25.360,31,pitch,2.000,100.000,100.000
scene-0103_037,0,Car,car,25.360,31,pitch,3.000,100.000,67.742
scene-0103_037,0,Car,car,25.360,31,roll,0.000,100.000,100.000
scene-0103_037,0,Car,car,25.360,31,roll,0.500,100.000,100.000
scene-0103_037,0,Car,car,25.360,31,roll,1.000,100.000,67.742
scene-0103_037,0,Car,car,25.360,31,roll,2.000,100.000,67.742
scene-0103_037,0,Car,car,25.360,31,roll,3.000,100.000,45.161
scene-0103_037,0,Car,car,25.360,31,ty,0.000,100.000,100.000
scene-0103_037,0,Car,car,25.360,31,ty,0.020,100.000,100.000
scene-0103_037,0,Car,car,25.360,31,ty,0.050,100.000,100.000
scene-0103_037,0,Car,car,25.360,31,ty,0.100,100.000,100.000
scene-0103_037,1,Car,car,21.994,29,yaw,0.000,100.000,100.000
scene-0103_037,1,Car,car,21.994,29,yaw,0.500,100.000,96.552
scene-0103_037,1,Car,car,21.994,29,yaw,1.000,100.000,89.655
scene-0103_037,1,Car,car,21.994,29,yaw,2.000,100.000,75.862
scene-0103_037,1,Car,car,21.994,29,yaw,3.000,100.000,62.069
scene-0103_037,1,Car,car,21.994,29,pitch,0.000,100.000,100.000
scene-0103_037,1,Car,car,21.994,29,pitch,0.500,100.000,100.000
scene-0103_037,1,Car,car,21.994,29,pitch,1.000,100.000,72.414
scene-0103_037,1,Car,car,21.994,29,pitch,2.000,100.000,72.414
scene-0103_037,1,Car,car,21.994,29,pitch,3.000,100.000,72.414
scene-0103_037,1,Car,car,21.994,29,roll,0.000,100.000,100.000
scene-0103_037,1,Car,car,21.994,29,roll,0.500,100.000,100.000
scene-0103_037,1,Car,car,21.994,29,roll,1.000,100.000,100.000
scene-0103_037,1,Car,car,21.994,29,roll,2.000,100.000,82.759
scene-0103_037,1,Car,car,21.994,29,roll,3.000,100.000,41.379
scene-0103_037,1,Car,car,21.994,29,ty,0.000,100.000,100.000
scene-0103_037,1,Car,car,21.994,29,ty,0.020,100.000,100.000
scene-0103_037,1,Car,car,21.994,29,ty,0.050,100.000,100.000
scene-0103_037,1,Car,car,21.994,29,ty,0.100,100.000,100.000
scene-0103_037,2,Car,car,11.983,110,yaw,0.000,100.000,100.000
scene-0103_037,2,Car,car,11.983,110,yaw,0.500,100.000,100.000
scene-0103_037,2,Car,car,11.983,110,yaw,1.000,100.000,100.000
scene-0103_037,2,Car,car,11.983,110,yaw,2.000,100.000,92.727
scene-0103_037,2,Car,car,11.983,110,yaw,3.000,100.000,85.455
scene-0103_037,2,Car,car,11.983,110,pitch,0.000,100.000,100.000
scene-0103_037,2,Car,car,11.983,110,pitch,0.500,100.000,100.000
scene-0103_037,2,Car,car,11.983,110,pitch,1.000,100.000,100.000
scene-0103_037,2,Car,car,11.983,110,pitch,2.000,100.000,100.000
scene-0103_037,2,Car,car,11.983,110,pitch,3.000,100.000,89.091
scene-0103_037,2,Car,car,11.983,110,roll,0.000,100.000,100.000
scene-0103_037,2,Car,car,11.983,110,roll,0.500,100.000,100.000
scene-0103_037,2,Car,car,11.983,110,roll,1.000,100.000,88.182
scene-0103_037,2,Car,car,11.983,110,roll,2.000,100.000,86.364
scene-0103_037,2,Car,car,11.983,110,roll,3.000,100.000,80.000
scene-0103_037,2,Car,car,11.983,110,ty,0.000,100.000,100.000
scene-0103_037,2,Car,car,11.983,110,ty,0.020,100.000,100.000
scene-0103_037,2,Car,car,11.983,110,ty,0.050,100.000,100.000
scene-0103_037,2,Car,car,11.983,110,ty,0.100,100.000,100.000
scene-0103_037,3,Car,car,28.008,6,yaw,0.000,100.000,100.000
scene-0103_037,3,Car,car,28.008,6,yaw,0.500,100.000,100.000
scene-0103_037,3,Car,car,28.008,6,yaw,1.000,100.000,83.333
scene-0103_037,3,Car,car,28.008,6,yaw,2.000,100.000,50.000
scene-0103_037,3,Car,car,28.008,6,yaw,3.000,100.000,0.000
scene-0103_037,3,Car,car,28.008,6,pitch,0.000,100.000,100.000
scene-0103_037,3,Car,car,28.008,6,pitch,0.500,100.000,100.000
scene-0103_037,3,Car,car,28.008,6,pitch,1.000,100.000,100.000
scene-0103_037,3,Car,car,28.008,6,pitch,2.000,100.000,100.000
scene-0103_037,3,Car,car,28.008,6,pitch,3.000,100.000,66.667
scene-0103_037,3,Car,car,28.008,6,roll,0.000,100.000,100.000
scene-0103_037,3,Car,car,28.008,6,roll,0.500,100.000,100.000
scene-0103_037,3,Car,car,28.008,6,roll,1.000,100.000,100.000
scene-0103_037,3,Car,car,28.008,6,roll,2.000,100.000,100.000
scene-0103_037,3,Car,car,28.008,6,roll,3.000,100.000,33.333
scene-0103_037,3,Car,car,28.008,6,ty,0.000,100.000,100.000
scene-0103_037,3,Car,car,28.008,6,ty,0.020,100.000,100.000
scene-0103_037,3,Car,car,28.008,6,ty,0.050,100.000,100.000
scene-0103_037,3,Car,car,28.008,6,ty,0.100,100.000,100.000
scene-0103_038,0,Bicycle,vru,14.357,11,yaw,0.000,100.000,100.000
scene-0103_038,0,Bicycle,vru,14.357,11,yaw,0.500,100.000,100.000
scene-0103_038,0,Bicycle,vru,14.357,11,yaw,1.000,100.000,90.909
scene-0103_038,0,Bicycle,vru,14.357,11,yaw,2.000,100.000,45.455
scene-0103_038,0,Bicycle,vru,14.357,11,yaw,3.000,100.000,9.091
scene-0103_038,0,Bicycle,vru,14.357,11,pitch,0.000,100.000,100.000
scene-0103_038,0,Bicycle,vru,14.357,11,pitch,0.500,100.000,100.000
scene-0103_038,0,Bicycle,vru,14.357,11,pitch,1.000,100.000,100.000
scene-0103_038,0,Bicycle,vru,14.357,11,pitch,2.000,100.000,100.000
scene-0103_038,0,Bicycle,vru,14.357,11,pitch,3.000,100.000,54.545
scene-0103_038,0,Bicycle,vru,14.357,11,roll,0.000,100.000,100.000
scene-0103_038,0,Bicycle,vru,14.357,11,roll,0.500,100.000,100.000
scene-0103_038,0,Bicycle,vru,14.357,11,roll,1.000,100.000,81.818
scene-0103_038,0,Bicycle,vru,14.357,11,roll,2.000,100.000,81.818
scene-0103_038,0,Bicycle,vru,14.357,11,roll,3.000,100.000,45.455
scene-0103_038,0,Bicycle,vru,14.357,11,ty,0.000,100.000,100.000
scene-0103_038,0,Bicycle,vru,14.357,11,ty,0.020,100.000,100.000
scene-0103_038,0,Bicycle,vru,14.357,11,ty,0.050,100.000,100.000
scene-0103_038,0,Bicycle,vru,14.357,11,ty,0.100,100.000,100.000
scene-0103_038,1,Car,car,21.228,48,yaw,0.000,100.000,100.000
scene-0103_038,1,Car,car,21.228,48,yaw,0.500,100.000,100.000
scene-0103_038,1,Car,car,21.228,48,yaw,1.000,100.000,97.917
scene-0103_038,1,Car,car,21.228,48,yaw,2.000,100.000,91.667
scene-0103_038,1,Car,car,21.228,48,yaw,3.000,100.000,81.250
scene-0103_038,1,Car,car,21.228,48,pitch,0.000,100.000,100.000
scene-0103_038,1,Car,car,21.228,48,pitch,0.500,100.000,100.000
scene-0103_038,1,Car,car,21.228,48,pitch,1.000,100.000,100.000
scene-0103_038,1,Car,car,21.228,48,pitch,2.000,100.000,83.333
scene-0103_038,1,Car,car,21.228,48,pitch,3.000,100.000,79.167
scene-0103_038,1,Car,car,21.228,48,roll,0.000,100.000,100.000
scene-0103_038,1,Car,car,21.228,48,roll,0.500,100.000,100.000
scene-0103_038,1,Car,car,21.228,48,roll,1.000,100.000,79.167
scene-0103_038,1,Car,car,21.228,48,roll,2.000,100.000,79.167
scene-0103_038,1,Car,car,21.228,48,roll,3.000,100.000,52.083
scene-0103_038,1,Car,car,21.228,48,ty,0.000,100.000,100.000
scene-0103_038,1,Car,car,21.228,48,ty,0.020,100.000,100.000
scene-0103_038,1,Car,car,21.228,48,ty,0.050,100.000,100.000
scene-0103_038,1,Car,car,21.228,48,ty,0.100,100.000,100.000
scene-0103_038,2,Car,car,17.896,61,yaw,0.000,100.000,100.000
scene-0103_038,2,Car,car,17.896,61,yaw,0.500,100.000,100.000
scene-0103_038,2,Car,car,17.896,61,yaw,1.000,100.000,96.721
scene-0103_038,2,Car,car,17.896,61,yaw,2.000,100.000,88.525
scene-0103_038,2,Car,car,17.896,61,yaw,3.000,100.000,78.689
scene-0103_038,2,Car,car,17.896,61,pitch,0.000,100.000,100.000
scene-0103_038,2,Car,car,17.896,61,pitch,0.500,100.000,100.000
scene-0103_038,2,Car,car,17.896,61,pitch,1.000,100.000,100.000
scene-0103_038,2,Car,car,17.896,61,pitch,2.000,100.000,100.000
scene-0103_038,2,Car,car,17.896,61,pitch,3.000,100.000,78.689
scene-0103_038,2,Car,car,17.896,61,roll,0.000,100.000,100.000
scene-0103_038,2,Car,car,17.896,61,roll,0.500,100.000,100.000
scene-0103_038,2,Car,car,17.896,61,roll,1.000,100.000,100.000
scene-0103_038,2,Car,car,17.896,61,roll,2.000,100.000,75.410
scene-0103_038,2,Car,car,17.896,61,roll,3.000,100.000,68.852
scene-0103_038,2,Car,car,17.896,61,ty,0.000,100.000,100.000
scene-0103_038,2,Car,car,17.896,61,ty,0.020,100.000,100.000
scene-0103_038,2,Car,car,17.896,61,ty,0.050,100.000,100.000
scene-0103_038,2,Car,car,17.896,61,ty,0.100,100.000,100.000
scene-0103_038,3,Car,car,25.899,12,yaw,0.000,100.000,91.667
scene-0103_038,3,Car,car,25.899,12,yaw,0.500,100.000,91.667
scene-0103_038,3,Car,car,25.899,12,yaw,1.000,100.000,91.667
scene-0103_038,3,Car,car,25.899,12,yaw,2.000,100.000,91.667
scene-0103_038,3,Car,car,25.899,12,yaw,3.000,100.000,75.000
scene-0103_038,3,Car,car,25.899,12,pitch,0.000,100.000,91.667
scene-0103_038,3,Car,car,25.899,12,pitch,0.500,100.000,100.000
scene-0103_038,3,Car,car,25.899,12,pitch,1.000,100.000,100.000
scene-0103_038,3,Car,car,25.899,12,pitch,2.000,100.000,100.000
scene-0103_038,3,Car,car,25.899,12,pitch,3.000,100.000,100.000
scene-0103_038,3,Car,car,25.899,12,roll,0.000,100.000,91.667
scene-0103_038,3,Car,car,25.899,12,roll,0.500,100.000,100.000
scene-0103_038,3,Car,car,25.899,12,roll,1.000,100.000,100.000
scene-0103_038,3,Car,car,25.899,12,roll,2.000,100.000,83.333
scene-0103_038,3,Car,car,25.899,12,roll,3.000,100.000,83.333
scene-0103_038,3,Car,car,25.899,12,ty,0.000,100.000,91.667
scene-0103_038,3,Car,car,25.899,12,ty,0.020,100.000,91.667
scene-0103_038,3,Car,car,25.899,12,ty,0.050,100.000,91.667
scene-0103_038,3,Car,car,25.899,12,ty,0.100,100.000,91.667
scene-0103_038,4,Car,car,23.923,20,yaw,0.000,100.000,100.000
scene-0103_038,4,Car,car,23.923,20,yaw,0.500,100.000,90.000
scene-0103_038,4,Car,car,23.923,20,yaw,1.000,100.000,85.000
scene-0103_038,4,Car,car,23.923,20,yaw,2.000,100.000,55.000
scene-0103_038,4,Car,car,23.923,20,yaw,3.000,100.000,30.000
scene-0103_038,4,Car,car,23.923,20,pitch,0.000,100.000,100.000
scene-0103_038,4,Car,car,23.923,20,pitch,0.500,100.000,100.000
scene-0103_038,4,Car,car,23.923,20,pitch,1.000,100.000,95.000
scene-0103_038,4,Car,car,23.923,20,pitch,2.000,100.000,95.000
scene-0103_038,4,Car,car,23.923,20,pitch,3.000,100.000,50.000
scene-0103_038,4,Car,car,23.923,20,roll,0.000,100.000,100.000
scene-0103_038,4,Car,car,23.923,20,roll,0.500,100.000,100.000
scene-0103_038,4,Car,car,23.923,20,roll,1.000,100.000,95.000
scene-0103_038,4,Car,car,23.923,20,roll,2.000,100.000,80.000
scene-0103_038,4,Car,car,23.923,20,roll,3.000,100.000,80.000
scene-0103_038,4,Car,car,23.923,20,ty,0.000,100.000,100.000
scene-0103_038,4,Car,car,23.923,20,ty,0.020,100.000,100.000
scene-0103_038,4,Car,car,23.923,20,ty,0.050,100.000,95.000
scene-0103_038,4,Car,car,23.923,20,ty,0.100,100.000,95.000
scene-0103_039,0,Car,car,25.945,10,yaw,0.000,100.000,100.000
scene-0103_039,0,Car,car,25.945,10,yaw,0.500,100.000,90.000
scene-0103_039,0,Car,car,25.945,10,yaw,1.000,100.000,90.000
scene-0103_039,0,Car,car,25.945,10,yaw,2.000,100.000,30.000
scene-0103_039,0,Car,car,25.945,10,yaw,3.000,100.000,0.000
scene-0103_039,0,Car,car,25.945,10,pitch,0.000,100.000,100.000
scene-0103_039,0,Car,car,25.945,10,pitch,0.500,100.000,100.000
scene-0103_039,0,Car,car,25.945,10,pitch,1.000,100.000,100.000
scene-0103_039,0,Car,car,25.945,10,pitch,2.000,100.000,100.000
scene-0103_039,0,Car,car,25.945,10,pitch,3.000,100.000,100.000
scene-0103_039,0,Car,car,25.945,10,roll,0.000,100.000,100.000
scene-0103_039,0,Car,car,25.945,10,roll,0.500,100.000,100.000
scene-0103_039,0,Car,car,25.945,10,roll,1.000,100.000,90.000
scene-0103_039,0,Car,car,25.945,10,roll,2.000,100.000,90.000
scene-0103_039,0,Car,car,25.945,10,roll,3.000,100.000,50.000
scene-0103_039,0,Car,car,25.945,10,ty,0.000,100.000,100.000
scene-0103_039,0,Car,car,25.945,10,ty,0.020,100.000,100.000
scene-0103_039,0,Car,car,25.945,10,ty,0.050,100.000,100.000
scene-0103_039,0,Car,car,25.945,10,ty,0.100,100.000,100.000
scene-0103_039,1,Car,car,17.103,91,yaw,0.000,98.901,98.901
scene-0103_039,1,Car,car,17.103,91,yaw,0.500,97.802,97.802
scene-0103_039,1,Car,car,17.103,91,yaw,1.000,93.407,93.407
scene-0103_039,1,Car,car,17.103,91,yaw,2.000,86.813,86.813
scene-0103_039,1,Car,car,17.103,91,yaw,3.000,73.626,73.626
scene-0103_039,1,Car,car,17.103,91,pitch,0.000,98.901,98.901
scene-0103_039,1,Car,car,17.103,91,pitch,0.500,98.901,98.901
scene-0103_039,1,Car,car,17.103,91,pitch,1.000,98.901,98.901
scene-0103_039,1,Car,car,17.103,91,pitch,2.000,98.901,98.901
scene-0103_039,1,Car,car,17.103,91,pitch,3.000,98.901,94.505
scene-0103_039,1,Car,car,17.103,91,roll,0.000,98.901,98.901
scene-0103_039,1,Car,car,17.103,91,roll,0.500,98.901,98.901
scene-0103_039,1,Car,car,17.103,91,roll,1.000,98.901,98.901
scene-0103_039,1,Car,car,17.103,91,roll,2.000,98.901,86.813
scene-0103_039,1,Car,car,17.103,91,roll,3.000,100.000,87.912
scene-0103_039,1,Car,car,17.103,91,ty,0.000,98.901,98.901
scene-0103_039,1,Car,car,17.103,91,ty,0.020,98.901,98.901
scene-0103_039,1,Car,car,17.103,91,ty,0.050,98.901,98.901
scene-0103_039,1,Car,car,17.103,91,ty,0.100,100.000,100.000
scene-0103_039,2,Car,car,13.700,121,yaw,0.000,100.000,100.000
scene-0103_039,2,Car,car,13.700,121,yaw,0.500,100.000,99.174
scene-0103_039,2,Car,car,13.700,121,yaw,1.000,100.000,95.868
scene-0103_039,2,Car,car,13.700,121,yaw,2.000,100.000,90.909
scene-0103_039,2,Car,car,13.700,121,yaw,3.000,100.000,84.298
scene-0103_039,2,Car,car,13.700,121,pitch,0.000,100.000,100.000
scene-0103_039,2,Car,car,13.700,121,pitch,0.500,100.000,100.000
scene-0103_039,2,Car,car,13.700,121,pitch,1.000,100.000,100.000
scene-0103_039,2,Car,car,13.700,121,pitch,2.000,100.000,95.868
scene-0103_039,2,Car,car,13.700,121,pitch,3.000,100.000,81.818
scene-0103_039,2,Car,car,13.700,121,roll,0.000,100.000,100.000
scene-0103_039,2,Car,car,13.700,121,roll,0.500,100.000,100.000
scene-0103_039,2,Car,car,13.700,121,roll,1.000,100.000,95.868
scene-0103_039,2,Car,car,13.700,121,roll,2.000,100.000,94.215
scene-0103_039,2,Car,car,13.700,121,roll,3.000,100.000,71.074
scene-0103_039,2,Car,car,13.700,121,ty,0.000,100.000,100.000
scene-0103_039,2,Car,car,13.700,121,ty,0.020,100.000,100.000
scene-0103_039,2,Car,car,13.700,121,ty,0.050,100.000,100.000
scene-0103_039,2,Car,car,13.700,121,ty,0.100,100.000,100.000
scene-0103_039,3,Car,car,21.765,26,yaw,0.000,100.000,84.615
scene-0103_039,3,Car,car,21.765,26,yaw,0.500,100.000,84.615
scene-0103_039,3,Car,car,21.765,26,yaw,1.000,100.000,84.615
scene-0103_039,3,Car,car,21.765,26,yaw,2.000,100.000,84.615
scene-0103_039,3,Car,car,21.765,26,yaw,3.000,100.000,80.769
scene-0103_039,3,Car,car,21.765,26,pitch,0.000,100.000,84.615
scene-0103_039,3,Car,car,21.765,26,pitch,0.500,100.000,100.000
scene-0103_039,3,Car,car,21.765,26,pitch,1.000,100.000,100.000
scene-0103_039,3,Car,car,21.765,26,pitch,2.000,100.000,100.000
scene-0103_039,3,Car,car,21.765,26,pitch,3.000,100.000,100.000
scene-0103_039,3,Car,car,21.765,26,roll,0.000,100.000,84.615
scene-0103_039,3,Car,car,21.765,26,roll,0.500,100.000,100.000
scene-0103_039,3,Car,car,21.765,26,roll,1.000,100.000,100.000
scene-0103_039,3,Car,car,21.765,26,roll,2.000,100.000,84.615
scene-0103_039,3,Car,car,21.765,26,roll,3.000,100.000,80.769
scene-0103_039,3,Car,car,21.765,26,ty,0.000,100.000,84.615
scene-0103_039,3,Car,car,21.765,26,ty,0.020,100.000,84.615
scene-0103_039,3,Car,car,21.765,26,ty,0.050,100.000,84.615
scene-0103_039,3,Car,car,21.765,26,ty,0.100,100.000,84.615
scene-0103_039,4,Car,car,19.742,43,yaw,0.000,100.000,100.000
scene-0103_039,4,Car,car,19.742,43,yaw,0.500,100.000,95.349
scene-0103_039,4,Car,car,19.742,43,yaw,1.000,100.000,93.023
scene-0103_039,4,Car,car,19.742,43,yaw,2.000,100.000,81.395
scene-0103_039,4,Car,car,19.742,43,yaw,3.000,100.000,62.791
scene-0103_039,4,Car,car,19.742,43,pitch,0.000,100.000,100.000
scene-0103_039,4,Car,car,19.742,43,pitch,0.500,100.000,100.000
scene-0103_039,4,Car,car,19.742,43,pitch,1.000,100.000,100.000
scene-0103_039,4,Car,car,19.742,43,pitch,2.000,100.000,100.000
scene-0103_039,4,Car,car,19.742,43,pitch,3.000,100.000,100.000
scene-0103_039,4,Car,car,19.742,43,roll,0.000,100.000,100.000
scene-0103_039,4,Car,car,19.742,43,roll,0.500,100.000,100.000
scene-0103_039,4,Car,car,19.742,43,roll,1.000,100.000,95.349
scene-0103_039,4,Car,car,19.742,43,roll,2.000,100.000,74.419
scene-0103_039,4,Car,car,19.742,43,roll,3.000,100.000,46.512
scene-0103_039,4,Car,car,19.742,43,ty,0.000,100.000,100.000
scene-0103_039,4,Car,car,19.742,43,ty,0.020,100.000,100.000
scene-0103_039,4,Car,car,19.742,43,ty,0.050,100.000,100.000
scene-0103_039,4,Car,car,19.742,43,ty,0.100,100.000,100.000
scene-1094_000,0,Car,car,22.596,38,yaw,0.000,100.000,100.000
scene-1094_000,0,Car,car,22.596,38,yaw,0.500,100.000,94.737
scene-1094_000,0,Car,car,22.596,38,yaw,1.000,100.000,78.947
scene-1094_000,0,Car,car,22.596,38,yaw,2.000,100.000,52.632
scene-1094_000,0,Car,car,22.596,38,yaw,3.000,100.000,44.737
scene-1094_000,0,Car,car,22.596,38,pitch,0.000,100.000,100.000
scene-1094_000,0,Car,car,22.596,38,pitch,0.500,100.000,100.000
scene-1094_000,0,Car,car,22.596,38,pitch,1.000,100.000,100.000
scene-1094_000,0,Car,car,22.596,38,pitch,2.000,100.000,100.000
scene-1094_000,0,Car,car,22.596,38,pitch,3.000,100.000,81.579
scene-1094_000,0,Car,car,22.596,38,roll,0.000,100.000,100.000
scene-1094_000,0,Car,car,22.596,38,roll,0.500,100.000,100.000
scene-1094_000,0,Car,car,22.596,38,roll,1.000,100.000,100.000
scene-1094_000,0,Car,car,22.596,38,roll,2.000,100.000,81.579
scene-1094_000,0,Car,car,22.596,38,roll,3.000,100.000,39.474
scene-1094_000,0,Car,car,22.596,38,ty,0.000,100.000,100.000
scene-1094_000,0,Car,car,22.596,38,ty,0.020,100.000,100.000
scene-1094_000,0,Car,car,22.596,38,ty,0.050,100.000,100.000
scene-1094_000,0,Car,car,22.596,38,ty,0.100,100.000,100.000
scene-1094_000,1,Car,car,7.370,486,yaw,0.000,100.000,98.354
scene-1094_000,1,Car,car,7.370,486,yaw,0.500,100.000,96.914
scene-1094_000,1,Car,car,7.370,486,yaw,1.000,100.000,95.473
scene-1094_000,1,Car,car,7.370,486,yaw,2.000,100.000,89.506
scene-1094_000,1,Car,car,7.370,486,yaw,3.000,100.000,86.214
scene-1094_000,1,Car,car,7.370,486,pitch,0.000,100.000,98.354
scene-1094_000,1,Car,car,7.370,486,pitch,0.500,100.000,97.942
scene-1094_000,1,Car,car,7.370,486,pitch,1.000,100.000,97.737
scene-1094_000,1,Car,car,7.370,486,pitch,2.000,100.000,97.325
scene-1094_000,1,Car,car,7.370,486,pitch,3.000,100.000,96.502
scene-1094_000,1,Car,car,7.370,486,roll,0.000,100.000,98.354
scene-1094_000,1,Car,car,7.370,486,roll,0.500,100.000,98.354
scene-1094_000,1,Car,car,7.370,486,roll,1.000,100.000,92.593
scene-1094_000,1,Car,car,7.370,486,roll,2.000,100.000,91.152
scene-1094_000,1,Car,car,7.370,486,roll,3.000,100.000,89.712
scene-1094_000,1,Car,car,7.370,486,ty,0.000,100.000,98.354
scene-1094_000,1,Car,car,7.370,486,ty,0.020,100.000,98.354
scene-1094_000,1,Car,car,7.370,486,ty,0.050,100.000,98.560
scene-1094_000,1,Car,car,7.370,486,ty,0.100,100.000,98.765
scene-1094_000,2,Pedestrian,vru,24.623,5,yaw,0.000,100.000,80.000
scene-1094_000,2,Pedestrian,vru,24.623,5,yaw,0.500,100.000,80.000
scene-1094_000,2,Pedestrian,vru,24.623,5,yaw,1.000,100.000,0.000
scene-1094_000,2,Pedestrian,vru,24.623,5,yaw,2.000,100.000,0.000
scene-1094_000,2,Pedestrian,vru,24.623,5,yaw,3.000,100.000,0.000
scene-1094_000,2,Pedestrian,vru,24.623,5,pitch,0.000,100.000,80.000
scene-1094_000,2,Pedestrian,vru,24.623,5,pitch,0.500,100.000,80.000
scene-1094_000,2,Pedestrian,vru,24.623,5,pitch,1.000,100.000,80.000
scene-1094_000,2,Pedestrian,vru,24.623,5,pitch,2.000,100.000,80.000
scene-1094_000,2,Pedestrian,vru,24.623,5,pitch,3.000,100.000,80.000
scene-1094_000,2,Pedestrian,vru,24.623,5,roll,0.000,100.000,80.000
scene-1094_000,2,Pedestrian,vru,24.623,5,roll,0.500,100.000,100.000
scene-1094_000,2,Pedestrian,vru,24.623,5,roll,1.000,100.000,100.000
scene-1094_000,2,Pedestrian,vru,24.623,5,roll,2.000,100.000,60.000
scene-1094_000,2,Pedestrian,vru,24.623,5,roll,3.000,100.000,20.000
scene-1094_000,2,Pedestrian,vru,24.623,5,ty,0.000,100.000,80.000
scene-1094_000,2,Pedestrian,vru,24.623,5,ty,0.020,100.000,80.000
scene-1094_000,2,Pedestrian,vru,24.623,5,ty,0.050,100.000,80.000
scene-1094_000,2,Pedestrian,vru,24.623,5,ty,0.100,100.000,80.000
scene-1094_000,3,Car,car,28.992,61,yaw,0.000,100.000,100.000
scene-1094_000,3,Car,car,28.992,61,yaw,0.500,100.000,100.000
scene-1094_000,3,Car,car,28.992,61,yaw,1.000,100.000,100.000
scene-1094_000,3,Car,car,28.992,61,yaw,2.000,100.000,96.721
scene-1094_000,3,Car,car,28.992,61,yaw,3.000,100.000,91.803
scene-1094_000,3,Car,car,28.992,61,pitch,0.000,100.000,100.000
scene-1094_000,3,Car,car,28.992,61,pitch,0.500,100.000,100.000
scene-1094_000,3,Car,car,28.992,61,pitch,1.000,100.000,100.000
scene-1094_000,3,Car,car,28.992,61,pitch,2.000,100.000,100.000
scene-1094_000,3,Car,car,28.992,61,pitch,3.000,100.000,93.443
scene-1094_000,3,Car,car,28.992,61,roll,0.000,100.000,100.000
scene-1094_000,3,Car,car,28.992,61,roll,0.500,100.000,100.000
scene-1094_000,3,Car,car,28.992,61,roll,1.000,100.000,100.000
scene-1094_000,3,Car,car,28.992,61,roll,2.000,100.000,63.934
scene-1094_000,3,Car,car,28.992,61,roll,3.000,100.000,32.787
scene-1094_000,3,Car,car,28.992,61,ty,0.000,100.000,100.000
scene-1094_000,3,Car,car,28.992,61,ty,0.020,100.000,100.000
scene-1094_000,3,Car,car,28.992,61,ty,0.050,100.000,100.000
scene-1094_000,3,Car,car,28.992,61,ty,0.100,100.000,100.000
scene-1094_000,4,Pedestrian,vru,13.552,24,yaw,0.000,100.000,100.000
scene-1094_000,4,Pedestrian,vru,13.552,24,yaw,0.500,100.000,100.000
scene-1094_000,4,Pedestrian,vru,13.552,24,yaw,1.000,100.000,95.833
scene-1094_000,4,Pedestrian,vru,13.552,24,yaw,2.000,100.000,83.333
scene-1094_000,4,Pedestrian,vru,13.552,24,yaw,3.000,100.000,37.500
scene-1094_000,4,Pedestrian,vru,13.552,24,pitch,0.000,100.000,100.000
scene-1094_000,4,Pedestrian,vru,13.552,24,pitch,0.500,100.000,100.000
scene-1094_000,4,Pedestrian,vru,13.552,24,pitch,1.000,100.000,100.000
scene-1094_000,4,Pedestrian,vru,13.552,24,pitch,2.000,100.000,100.000
scene-1094_000,4,Pedestrian,vru,13.552,24,pitch,3.000,100.000,100.000
scene-1094_000,4,Pedestrian,vru,13.552,24,roll,0.000,100.000,100.000
scene-1094_000,4,Pedestrian,vru,13.552,24,roll,0.500,100.000,100.000
scene-1094_000,4,Pedestrian,vru,13.552,24,roll,1.000,100.000,95.833
scene-1094_000,4,Pedestrian,vru,13.552,24,roll,2.000,100.000,87.500
scene-1094_000,4,Pedestrian,vru,13.552,24,roll,3.000,100.000,75.000
scene-1094_000,4,Pedestrian,vru,13.552,24,ty,0.000,100.000,100.000
scene-1094_000,4,Pedestrian,vru,13.552,24,ty,0.020,100.000,100.000
scene-1094_000,4,Pedestrian,vru,13.552,24,ty,0.050,100.000,95.833
scene-1094_000,4,Pedestrian,vru,13.552,24,ty,0.100,100.000,95.833
scene-1094_001,0,Car,car,22.515,31,yaw,0.000,100.000,100.000
scene-1094_001,0,Car,car,22.515,31,yaw,0.500,100.000,100.000
scene-1094_001,0,Car,car,22.515,31,yaw,1.000,100.000,100.000
scene-1094_001,0,Car,car,22.515,31,yaw,2.000,100.000,100.000
scene-1094_001,0,Car,car,22.515,31,yaw,3.000,100.000,77.419
scene-1094_001,0,Car,car,22.515,31,pitch,0.000,100.000,100.000
scene-1094_001,0,Car,car,22.515,31,pitch,0.500,100.000,100.000
scene-1094_001,0,Car,car,22.515,31,pitch,1.000,100.000,100.000
scene-1094_001,0,Car,car,22.515,31,pitch,2.000,100.000,100.000
scene-1094_001,0,Car,car,22.515,31,pitch,3.000,100.000,83.871
scene-1094_001,0,Car,car,22.515,31,roll,0.000,100.000,100.000
scene-1094_001,0,Car,car,22.515,31,roll,0.500,100.000,100.000
scene-1094_001,0,Car,car,22.515,31,roll,1.000,100.000,100.000
scene-1094_001,0,Car,car,22.515,31,roll,2.000,100.000,83.871
scene-1094_001,0,Car,car,22.515,31,roll,3.000,100.000,41.935
scene-1094_001,0,Car,car,22.515,31,ty,0.000,100.000,100.000
scene-1094_001,0,Car,car,22.515,31,ty,0.020,100.000,100.000
scene-1094_001,0,Car,car,22.515,31,ty,0.050,100.000,100.000
scene-1094_001,0,Car,car,22.515,31,ty,0.100,100.000,100.000
scene-1094_001,1,Car,car,7.716,433,yaw,0.000,100.000,99.769
scene-1094_001,1,Car,car,7.716,433,yaw,0.500,100.000,98.845
scene-1094_001,1,Car,car,7.716,433,yaw,1.000,100.000,97.691
scene-1094_001,1,Car,car,7.716,433,yaw,2.000,100.000,92.841
scene-1094_001,1,Car,car,7.716,433,yaw,3.000,100.000,86.605
scene-1094_001,1,Car,car,7.716,433,pitch,0.000,100.000,99.769
scene-1094_001,1,Car,car,7.716,433,pitch,0.500,100.000,99.538
scene-1094_001,1,Car,car,7.716,433,pitch,1.000,100.000,99.538
scene-1094_001,1,Car,car,7.716,433,pitch,2.000,100.000,99.076
scene-1094_001,1,Car,car,7.716,433,pitch,3.000,100.000,98.614
scene-1094_001,1,Car,car,7.716,433,roll,0.000,100.000,99.769
scene-1094_001,1,Car,car,7.716,433,roll,0.500,100.000,92.841
scene-1094_001,1,Car,car,7.716,433,roll,1.000,100.000,92.610
scene-1094_001,1,Car,car,7.716,433,roll,2.000,100.000,88.453
scene-1094_001,1,Car,car,7.716,433,roll,3.000,100.000,85.219
scene-1094_001,1,Car,car,7.716,433,ty,0.000,100.000,99.769
scene-1094_001,1,Car,car,7.716,433,ty,0.020,100.000,99.769
scene-1094_001,1,Car,car,7.716,433,ty,0.050,100.000,99.769
scene-1094_001,1,Car,car,7.716,433,ty,0.100,100.000,99.769
scene-1094_001,2,Pedestrian,vru,36.128,15,yaw,0.000,100.000,53.333
scene-1094_001,2,Pedestrian,vru,36.128,15,yaw,0.500,100.000,46.667
scene-1094_001,2,Pedestrian,vru,36.128,15,yaw,1.000,100.000,20.000
scene-1094_001,2,Pedestrian,vru,36.128,15,yaw,2.000,100.000,0.000
scene-1094_001,2,Pedestrian,vru,36.128,15,yaw,3.000,100.000,0.000
scene-1094_001,2,Pedestrian,vru,36.128,15,pitch,0.000,100.000,53.333
scene-1094_001,2,Pedestrian,vru,36.128,15,pitch,0.500,100.000,80.000
scene-1094_001,2,Pedestrian,vru,36.128,15,pitch,1.000,100.000,53.333
scene-1094_001,2,Pedestrian,vru,36.128,15,pitch,2.000,100.000,53.333
scene-1094_001,2,Pedestrian,vru,36.128,15,pitch,3.000,100.000,60.000
scene-1094_001,2,Pedestrian,vru,36.128,15,roll,0.000,100.000,53.333
scene-1094_001,2,Pedestrian,vru,36.128,15,roll,0.500,100.000,53.333
scene-1094_001,2,Pedestrian,vru,36.128,15,roll,1.000,100.000,53.333
scene-1094_001,2,Pedestrian,vru,36.128,15,roll,2.000,100.000,26.667
scene-1094_001,2,Pedestrian,vru,36.128,15,roll,3.000,100.000,0.000
scene-1094_001,2,Pedestrian,vru,36.128,15,ty,0.000,100.000,53.333
scene-1094_001,2,Pedestrian,vru,36.128,15,ty,0.020,100.000,53.333
scene-1094_001,2,Pedestrian,vru,36.128,15,ty,0.050,100.000,53.333
scene-1094_001,2,Pedestrian,vru,36.128,15,ty,0.100,100.000,53.333
scene-1094_001,3,Car,car,28.911,63,yaw,0.000,100.000,100.000
scene-1094_001,3,Car,car,28.911,63,yaw,0.500,100.000,100.000
scene-1094_001,3,Car,car,28.911,63,yaw,1.000,100.000,100.000
scene-1094_001,3,Car,car,28.911,63,yaw,2.000,100.000,95.238
scene-1094_001,3,Car,car,28.911,63,yaw,3.000,100.000,88.889
scene-1094_001,3,Car,car,28.911,63,pitch,0.000,100.000,100.000
scene-1094_001,3,Car,car,28.911,63,pitch,0.500,100.000,100.000
scene-1094_001,3,Car,car,28.911,63,pitch,1.000,100.000,100.000
scene-1094_001,3,Car,car,28.911,63,pitch,2.000,100.000,100.000
scene-1094_001,3,Car,car,28.911,63,pitch,3.000,100.000,92.063
scene-1094_001,3,Car,car,28.911,63,roll,0.000,100.000,100.000
scene-1094_001,3,Car,car,28.911,63,roll,0.500,100.000,100.000
scene-1094_001,3,Car,car,28.911,63,roll,1.000,100.000,100.000
scene-1094_001,3,Car,car,28.911,63,roll,2.000,100.000,65.079
scene-1094_001,3,Car,car,28.911,63,roll,3.000,100.000,34.921
scene-1094_001,3,Car,car,28.911,63,ty,0.000,100.000,100.000
scene-1094_001,3,Car,car,28.911,63,ty,0.020,100.000,100.000
scene-1094_001,3,Car,car,28.911,63,ty,0.050,100.000,100.000
scene-1094_001,3,Car,car,28.911,63,ty,0.100,100.000,100.000
scene-1094_001,4,Pedestrian,vru,13.876,21,yaw,0.000,100.000,100.000
scene-1094_001,4,Pedestrian,vru,13.876,21,yaw,0.500,100.000,100.000
scene-1094_001,4,Pedestrian,vru,13.876,21,yaw,1.000,100.000,100.000
scene-1094_001,4,Pedestrian,vru,13.876,21,yaw,2.000,100.000,80.952
scene-1094_001,4,Pedestrian,vru,13.876,21,yaw,3.000,100.000,38.095
scene-1094_001,4,Pedestrian,vru,13.876,21,pitch,0.000,100.000,100.000
scene-1094_001,4,Pedestrian,vru,13.876,21,pitch,0.500,100.000,100.000
scene-1094_001,4,Pedestrian,vru,13.876,21,pitch,1.000,100.000,100.000
scene-1094_001,4,Pedestrian,vru,13.876,21,pitch,2.000,100.000,100.000
scene-1094_001,4,Pedestrian,vru,13.876,21,pitch,3.000,100.000,100.000
scene-1094_001,4,Pedestrian,vru,13.876,21,roll,0.000,100.000,100.000
scene-1094_001,4,Pedestrian,vru,13.876,21,roll,0.500,100.000,100.000
scene-1094_001,4,Pedestrian,vru,13.876,21,roll,1.000,100.000,100.000
scene-1094_001,4,Pedestrian,vru,13.876,21,roll,2.000,100.000,90.476
scene-1094_001,4,Pedestrian,vru,13.876,21,roll,3.000,100.000,76.190
scene-1094_001,4,Pedestrian,vru,13.876,21,ty,0.000,100.000,100.000
scene-1094_001,4,Pedestrian,vru,13.876,21,ty,0.020,100.000,100.000
scene-1094_001,4,Pedestrian,vru,13.876,21,ty,0.050,100.000,100.000
scene-1094_001,4,Pedestrian,vru,13.876,21,ty,0.100,100.000,100.000
scene-1094_001,5,Bicycle,vru,29.986,6,yaw,0.000,100.000,0.000
scene-1094_001,5,Bicycle,vru,29.986,6,yaw,0.500,100.000,0.000
scene-1094_001,5,Bicycle,vru,29.986,6,yaw,1.000,100.000,0.000
scene-1094_001,5,Bicycle,vru,29.986,6,yaw,2.000,100.000,0.000
scene-1094_001,5,Bicycle,vru,29.986,6,yaw,3.000,100.000,0.000
scene-1094_001,5,Bicycle,vru,29.986,6,pitch,0.000,100.000,0.000
scene-1094_001,5,Bicycle,vru,29.986,6,pitch,0.500,100.000,0.000
scene-1094_001,5,Bicycle,vru,29.986,6,pitch,1.000,100.000,0.000
scene-1094_001,5,Bicycle,vru,29.986,6,pitch,2.000,100.000,0.000
scene-1094_001,5,Bicycle,vru,29.986,6,pitch,3.000,100.000,0.000
scene-1094_001,5,Bicycle,vru,29.986,6,roll,0.000,100.000,0.000
scene-1094_001,5,Bicycle,vru,29.986,6,roll,0.500,100.000,83.333
scene-1094_001,5,Bicycle,vru,29.986,6,roll,1.000,100.000,83.333
scene-1094_001,5,Bicycle,vru,29.986,6,roll,2.000,100.000,83.333
scene-1094_001,5,Bicycle,vru,29.986,6,roll,3.000,100.000,0.000
scene-1094_001,5,Bicycle,vru,29.986,6,ty,0.000,100.000,0.000
scene-1094_001,5,Bicycle,vru,29.986,6,ty,0.020,100.000,0.000
scene-1094_001,5,Bicycle,vru,29.986,6,ty,0.050,100.000,0.000
scene-1094_001,5,Bicycle,vru,29.986,6,ty,0.100,100.000,0.000
scene-1094_002,0,Car,car,22.428,21,yaw,0.000,100.000,100.000
scene-1094_002,0,Car,car,22.428,21,yaw,0.500,100.000,100.000
scene-1094_002,0,Car,car,22.428,21,yaw,1.000,100.000,95.238
scene-1094_002,0,Car,car,22.428,21,yaw,2.000,100.000,95.238
scene-1094_002,0,Car,car,22.428,21,yaw,3.000,100.000,95.238
scene-1094_002,0,Car,car,22.428,21,pitch,0.000,100.000,100.000
scene-1094_002,0,Car,car,22.428,21,pitch,0.500,100.000,100.000
scene-1094_002,0,Car,car,22.428,21,pitch,1.000,100.000,100.000
scene-1094_002,0,Car,car,22.428,21,pitch,2.000,100.000,100.000
scene-1094_002,0,Car,car,22.428,21,pitch,3.000,100.000,90.476
scene-1094_002,0,Car,car,22.428,21,roll,0.000,100.000,100.000
scene-1094_002,0,Car,car,22.428,21,roll,0.500,100.000,100.000
scene-1094_002,0,Car,car,22.428,21,roll,1.000,100.000,100.000
scene-1094_002,0,Car,car,22.428,21,roll,2.000,100.000,90.476
scene-1094_002,0,Car,car,22.428,21,roll,3.000,100.000,42.857
scene-1094_002,0,Car,car,22.428,21,ty,0.000,100.000,100.000
scene-1094_002,0,Car,car,22.428,21,ty,0.020,100.000,100.000
scene-1094_002,0,Car,car,22.428,21,ty,0.050,100.000,100.000
scene-1094_002,0,Car,car,22.428,21,ty,0.100,100.000,100.000
scene-1094_002,1,Pedestrian,vru,36.432,5,yaw,0.000,100.000,100.000
scene-1094_002,1,Pedestrian,vru,36.432,5,yaw,0.500,100.000,40.000
scene-1094_002,1,Pedestrian,vru,36.432,5,yaw,1.000,100.000,20.000
scene-1094_002,1,Pedestrian,vru,36.432,5,yaw,2.000,100.000,0.000
scene-1094_002,1,Pedestrian,vru,36.432,5,yaw,3.000,100.000,0.000
scene-1094_002,1,Pedestrian,vru,36.432,5,pitch,0.000,100.000,100.000
scene-1094_002,1,Pedestrian,vru,36.432,5,pitch,0.500,100.000,100.000
scene-1094_002,1,Pedestrian,vru,36.432,5,pitch,1.000,100.000,100.000
scene-1094_002,1,Pedestrian,vru,36.432,5,pitch,2.000,100.000,80.000
scene-1094_002,1,Pedestrian,vru,36.432,5,pitch,3.000,100.000,80.000
scene-1094_002,1,Pedestrian,vru,36.432,5,roll,0.000,100.000,100.000
scene-1094_002,1,Pedestrian,vru,36.432,5,roll,0.500,100.000,100.000
scene-1094_002,1,Pedestrian,vru,36.432,5,roll,1.000,100.000,100.000
scene-1094_002,1,Pedestrian,vru,36.432,5,roll,2.000,100.000,20.000
scene-1094_002,1,Pedestrian,vru,36.432,5,roll,3.000,100.000,0.000
scene-1094_002,1,Pedestrian,vru,36.432,5,ty,0.000,100.000,100.000
scene-1094_002,1,Pedestrian,vru,36.432,5,ty,0.020,100.000,100.000
scene-1094_002,1,Pedestrian,vru,36.432,5,ty,0.050,100.000,100.000
scene-1094_002,1,Pedestrian,vru,36.432,5,ty,0.100,100.000,100.000
scene-1094_002,2,Car,car,8.058,423,yaw,0.000,100.000,92.671
scene-1094_002,2,Car,car,8.058,423,yaw,0.500,100.000,92.671
scene-1094_002,2,Car,car,8.058,423,yaw,1.000,100.000,92.199
scene-1094_002,2,Car,car,8.058,423,yaw,2.000,100.000,87.707
scene-1094_002,2,Car,car,8.058,423,yaw,3.000,100.000,81.087
scene-1094_002,2,Car,car,8.058,423,pitch,0.000,100.000,92.671
scene-1094_002,2,Car,car,8.058,423,pitch,0.500,100.000,92.435
scene-1094_002,2,Car,car,8.058,423,pitch,1.000,100.000,92.435
scene-1094_002,2,Car,car,8.058,423,pitch,2.000,100.000,92.908
scene-1094_002,2,Car,car,8.058,423,pitch,3.000,100.000,92.908
scene-1094_002,2,Car,car,8.058,423,roll,0.000,100.000,92.671
scene-1094_002,2,Car,car,8.058,423,roll,0.500,100.000,92.199
scene-1094_002,2,Car,car,8.058,423,roll,1.000,100.000,92.199
scene-1094_002,2,Car,car,8.058,423,roll,2.000,100.000,87.234
scene-1094_002,2,Car,car,8.058,423,roll,3.000,100.000,82.506
scene-1094_002,2,Car,car,8.058,423,ty,0.000,100.000,92.671
scene-1094_002,2,Car,car,8.058,423,ty,0.020,100.000,92.671
scene-1094_002,2,Car,car,8.058,423,ty,0.050,100.000,92.671
scene-1094_002,2,Car,car,8.058,423,ty,0.100,100.000,92.908
scene-1094_002,3,Pedestrian,vru,24.982,9,yaw,0.000,100.000,66.667
scene-1094_002,3,Pedestrian,vru,24.982,9,yaw,0.500,100.000,77.778
scene-1094_002,3,Pedestrian,vru,24.982,9,yaw,1.000,100.000,22.222
scene-1094_002,3,Pedestrian,vru,24.982,9,yaw,2.000,100.000,0.000
scene-1094_002,3,Pedestrian,vru,24.982,9,yaw,3.000,100.000,0.000
scene-1094_002,3,Pedestrian,vru,24.982,9,pitch,0.000,100.000,66.667
scene-1094_002,3,Pedestrian,vru,24.982,9,pitch,0.500,100.000,33.333
scene-1094_002,3,Pedestrian,vru,24.982,9,pitch,1.000,100.000,33.333
scene-1094_002,3,Pedestrian,vru,24.982,9,pitch,2.000,100.000,33.333
scene-1094_002,3,Pedestrian,vru,24.982,9,pitch,3.000,100.000,33.333
scene-1094_002,3,Pedestrian,vru,24.982,9,roll,0.000,100.000,66.667
scene-1094_002,3,Pedestrian,vru,24.982,9,roll,0.500,100.000,88.889
scene-1094_002,3,Pedestrian,vru,24.982,9,roll,1.000,100.000,88.889
scene-1094_002,3,Pedestrian,vru,24.982,9,roll,2.000,100.000,66.667
scene-1094_002,3,Pedestrian,vru,24.982,9,roll,3.000,100.000,55.556
scene-1094_002,3,Pedestrian,vru,24.982,9,ty,0.000,100.000,66.667
scene-1094_002,3,Pedestrian,vru,24.982,9,ty,0.020,100.000,77.778
scene-1094_002,3,Pedestrian,vru,24.982,9,ty,0.050,100.000,77.778
scene-1094_002,3,Pedestrian,vru,24.982,9,ty,0.100,100.000,88.889
scene-1094_002,4,Pedestrian,vru,11.394,13,yaw,0.000,100.000,100.000
scene-1094_002,4,Pedestrian,vru,11.394,13,yaw,0.500,100.000,100.000
scene-1094_002,4,Pedestrian,vru,11.394,13,yaw,1.000,84.615,84.615
scene-1094_002,4,Pedestrian,vru,11.394,13,yaw,2.000,30.769,30.769
scene-1094_002,4,Pedestrian,vru,11.394,13,yaw,3.000,0.000,0.000
scene-1094_002,4,Pedestrian,vru,11.394,13,pitch,0.000,100.000,100.000
scene-1094_002,4,Pedestrian,vru,11.394,13,pitch,0.500,100.000,100.000
scene-1094_002,4,Pedestrian,vru,11.394,13,pitch,1.000,100.000,100.000
scene-1094_002,4,Pedestrian,vru,11.394,13,pitch,2.000,100.000,100.000
scene-1094_002,4,Pedestrian,vru,11.394,13,pitch,3.000,100.000,76.923
scene-1094_002,4,Pedestrian,vru,11.394,13,roll,0.000,100.000,100.000
scene-1094_002,4,Pedestrian,vru,11.394,13,roll,0.500,100.000,100.000
scene-1094_002,4,Pedestrian,vru,11.394,13,roll,1.000,100.000,100.000
scene-1094_002,4,Pedestrian,vru,11.394,13,roll,2.000,100.000,76.923
scene-1094_002,4,Pedestrian,vru,11.394,13,roll,3.000,100.000,46.154
scene-1094_002,4,Pedestrian,vru,11.394,13,ty,0.000,100.000,100.000
scene-1094_002,4,Pedestrian,vru,11.394,13,ty,0.020,100.000,100.000
scene-1094_002,4,Pedestrian,vru,11.394,13,ty,0.050,100.000,100.000
scene-1094_002,4,Pedestrian,vru,11.394,13,ty,0.100,100.000,100.000
scene-1094_002,5,Pedestrian,vru,23.451,6,yaw,0.000,100.000,100.000
scene-1094_002,5,Pedestrian,vru,23.451,6,yaw,0.500,100.000,100.000
scene-1094_002,5,Pedestrian,vru,23.451,6,yaw,1.000,100.000,50.000
scene-1094_002,5,Pedestrian,vru,23.451,6,yaw,2.000,100.000,0.000
scene-1094_002,5,Pedestrian,vru,23.451,6,yaw,3.000,100.000,0.000
scene-1094_002,5,Pedestrian,vru,23.451,6,pitch,0.000,100.000,100.000
scene-1094_002,5,Pedestrian,vru,23.451,6,pitch,0.500,100.000,100.000
scene-1094_002,5,Pedestrian,vru,23.451,6,pitch,1.000,100.000,100.000
scene-1094_002,5,Pedestrian,vru,23.451,6,pitch,2.000,100.000,100.000
scene-1094_002,5,Pedestrian,vru,23.451,6,pitch,3.000,100.000,100.000
scene-1094_002,5,Pedestrian,vru,23.451,6,roll,0.000,100.000,100.000
scene-1094_002,5,Pedestrian,vru,23.451,6,roll,0.500,100.000,100.000
scene-1094_002,5,Pedestrian,vru,23.451,6,roll,1.000,100.000,100.000
scene-1094_002,5,Pedestrian,vru,23.451,6,roll,2.000,100.000,83.333
scene-1094_002,5,Pedestrian,vru,23.451,6,roll,3.000,100.000,33.333
scene-1094_002,5,Pedestrian,vru,23.451,6,ty,0.000,100.000,100.000
scene-1094_002,5,Pedestrian,vru,23.451,6,ty,0.020,100.000,100.000
scene-1094_002,5,Pedestrian,vru,23.451,6,ty,0.050,100.000,100.000
scene-1094_002,5,Pedestrian,vru,23.451,6,ty,0.100,100.000,100.000
scene-1094_002,6,Car,car,28.822,64,yaw,0.000,100.000,100.000
scene-1094_002,6,Car,car,28.822,64,yaw,0.500,100.000,100.000
scene-1094_002,6,Car,car,28.822,64,yaw,1.000,100.000,98.438
scene-1094_002,6,Car,car,28.822,64,yaw,2.000,100.000,93.750
scene-1094_002,6,Car,car,28.822,64,yaw,3.000,100.000,89.062
scene-1094_002,6,Car,car,28.822,64,pitch,0.000,100.000,100.000
scene-1094_002,6,Car,car,28.822,64,pitch,0.500,100.000,100.000
scene-1094_002,6,Car,car,28.822,64,pitch,1.000,100.000,100.000
scene-1094_002,6,Car,car,28.822,64,pitch,2.000,100.000,100.000
scene-1094_002,6,Car,car,28.822,64,pitch,3.000,100.000,76.562
scene-1094_002,6,Car,car,28.822,64,roll,0.000,100.000,100.000
scene-1094_002,6,Car,car,28.822,64,roll,0.500,100.000,100.000
scene-1094_002,6,Car,car,28.822,64,roll,1.000,100.000,100.000
scene-1094_002,6,Car,car,28.822,64,roll,2.000,100.000,64.062
scene-1094_002,6,Car,car,28.822,64,roll,3.000,100.000,29.688
scene-1094_002,6,Car,car,28.822,64,ty,0.000,100.000,100.000
scene-1094_002,6,Car,car,28.822,64,ty,0.020,100.000,100.000
scene-1094_002,6,Car,car,28.822,64,ty,0.050,100.000,100.000
scene-1094_002,6,Car,car,28.822,64,ty,0.100,100.000,100.000
scene-1094_002,7,Pedestrian,vru,14.154,26,yaw,0.000,100.000,96.154
scene-1094_002,7,Pedestrian,vru,14.154,26,yaw,0.500,100.000,92.308
scene-1094_002,7,Pedestrian,vru,14.154,26,yaw,1.000,100.000,80.769
scene-1094_002,7,Pedestrian,vru,14.154,26,yaw,2.000,100.000,57.692
scene-1094_002,7,Pedestrian,vru,14.154,26,yaw,3.000,100.000,23.077
scene-1094_002,7,Pedestrian,vru,14.154,26,pitch,0.000,100.000,96.154
scene-1094_002,7,Pedestrian,vru,14.154,26,pitch,0.500,100.000,96.154
scene-1094_002,7,Pedestrian,vru,14.154,26,pitch,1.000,100.000,96.154
scene-1094_002,7,Pedestrian,vru,14.154,26,pitch,2.000,100.000,92.308
scene-1094_002,7,Pedestrian,vru,14.154,26,pitch,3.000,100.000,92.308
scene-1094_002,7,Pedestrian,vru,14.154,26,roll,0.000,100.000,96.154
scene-1094_002,7,Pedestrian,vru,14.154,26,roll,0.500,100.000,96.154
scene-1094_002,7,Pedestrian,vru,14.154,26,roll,1.000,100.000,96.154
scene-1094_002,7,Pedestrian,vru,14.154,26,roll,2.000,100.000,61.538
scene-1094_002,7,Pedestrian,vru,14.154,26,roll,3.000,100.000,53.846
scene-1094_002,7,Pedestrian,vru,14.154,26,ty,0.000,100.000,96.154
scene-1094_002,7,Pedestrian,vru,14.154,26,ty,0.020,100.000,96.154
scene-1094_002,7,Pedestrian,vru,14.154,26,ty,0.050,100.000,96.154
scene-1094_002,7,Pedestrian,vru,14.154,26,ty,0.100,100.000,96.154
scene-1094_002,8,Bicycle,vru,29.909,8,yaw,0.000,100.000,100.000
scene-1094_002,8,Bicycle,vru,29.909,8,yaw,0.500,100.000,100.000
scene-1094_002,8,Bicycle,vru,29.909,8,yaw,1.000,100.000,87.500
scene-1094_002,8,Bicycle,vru,29.909,8,yaw,2.000,100.000,50.000
scene-1094_002,8,Bicycle,vru,29.909,8,yaw,3.000,100.000,12.500
scene-1094_002,8,Bicycle,vru,29.909,8,pitch,0.000,100.000,100.000
scene-1094_002,8,Bicycle,vru,29.909,8,pitch,0.500,100.000,100.000
scene-1094_002,8,Bicycle,vru,29.909,8,pitch,1.000,100.000,12.500
scene-1094_002,8,Bicycle,vru,29.909,8,pitch,2.000,100.000,0.000
scene-1094_002,8,Bicycle,vru,29.909,8,pitch,3.000,100.000,0.000
scene-1094_002,8,Bicycle,vru,29.909,8,roll,0.000,100.000,100.000
scene-1094_002,8,Bicycle,vru,29.909,8,roll,0.500,100.000,100.000
scene-1094_002,8,Bicycle,vru,29.909,8,roll,1.000,100.000,100.000
scene-1094_002,8,Bicycle,vru,29.909,8,roll,2.000,100.000,100.000
scene-1094_002,8,Bicycle,vru,29.909,8,roll,3.000,100.000,0.000
scene-1094_002,8,Bicycle,vru,29.909,8,ty,0.000,100.000,100.000
scene-1094_002,8,Bicycle,vru,29.909,8,ty,0.020,100.000,100.000
scene-1094_002,8,Bicycle,vru,29.909,8,ty,0.050,100.000,100.000
scene-1094_002,8,Bicycle,vru,29.909,8,ty,0.100,100.000,100.000
scene-1094_003,0,Car,car,22.213,28,yaw,0.000,100.000,100.000
scene-1094_003,0,Car,car,22.213,28,yaw,0.500,100.000,96.429
scene-1094_003,0,Car,car,22.213,28,yaw,1.000,100.000,75.000
scene-1094_003,0,Car,car,22.213,28,yaw,2.000,100.000,50.000
scene-1094_003,0,Car,car,22.213,28,yaw,3.000,100.000,50.000
scene-1094_003,0,Car,car,22.213,28,pitch,0.000,100.000,100.000
scene-1094_003,0,Car,car,22.213,28,pitch,0.500,100.000,100.000
scene-1094_003,0,Car,car,22.213,28,pitch,1.000,100.000,100.000
scene-1094_003,0,Car,car,22.213,28,pitch,2.000,100.000,92.857
scene-1094_003,0,Car,car,22.213,28,pitch,3.000,100.000,82.143
scene-1094_003,0,Car,car,22.213,28,roll,0.000,100.000,100.000
scene-1094_003,0,Car,car,22.213,28,roll,0.500,100.000,100.000
scene-1094_003,0,Car,car,22.213,28,roll,1.000,100.000,100.000
scene-1094_003,0,Car,car,22.213,28,roll,2.000,100.000,82.143
scene-1094_003,0,Car,car,22.213,28,roll,3.000,100.000,32.143
scene-1094_003,0,Car,car,22.213,28,ty,0.000,100.000,100.000
scene-1094_003,0,Car,car,22.213,28,ty,0.020,100.000,100.000
scene-1094_003,0,Car,car,22.213,28,ty,0.050,100.000,100.000
scene-1094_003,0,Car,car,22.213,28,ty,0.100,100.000,100.000
scene-1094_003,1,Car,car,8.275,416,yaw,0.000,100.000,93.510
scene-1094_003,1,Car,car,8.275,416,yaw,0.500,100.000,93.029
scene-1094_003,1,Car,car,8.275,416,yaw,1.000,100.000,92.548
scene-1094_003,1,Car,car,8.275,416,yaw,2.000,100.000,88.702
scene-1094_003,1,Car,car,8.275,416,yaw,3.000,100.000,82.692
scene-1094_003,1,Car,car,8.275,416,pitch,0.000,100.000,93.510
scene-1094_003,1,Car,car,8.275,416,pitch,0.500,100.000,93.510
scene-1094_003,1,Car,car,8.275,416,pitch,1.000,100.000,93.029
scene-1094_003,1,Car,car,8.275,416,pitch,2.000,100.000,93.029
scene-1094_003,1,Car,car,8.275,416,pitch,3.000,100.000,92.788
scene-1094_003,1,Car,car,8.275,416,roll,0.000,100.000,93.510
scene-1094_003,1,Car,car,8.275,416,roll,0.500,100.000,93.269
scene-1094_003,1,Car,car,8.275,416,roll,1.000,100.000,92.788
scene-1094_003,1,Car,car,8.275,416,roll,2.000,100.000,86.538
scene-1094_003,1,Car,car,8.275,416,roll,3.000,100.000,82.692
scene-1094_003,1,Car,car,8.275,416,ty,0.000,100.000,93.510
scene-1094_003,1,Car,car,8.275,416,ty,0.020,100.000,93.510
scene-1094_003,1,Car,car,8.275,416,ty,0.050,100.000,93.510
scene-1094_003,1,Car,car,8.275,416,ty,0.100,100.000,93.510
scene-1094_003,2,Pedestrian,vru,24.997,11,yaw,0.000,100.000,72.727
scene-1094_003,2,Pedestrian,vru,24.997,11,yaw,0.500,100.000,81.818
scene-1094_003,2,Pedestrian,vru,24.997,11,yaw,1.000,100.000,27.273
scene-1094_003,2,Pedestrian,vru,24.997,11,yaw,2.000,100.000,0.000
scene-1094_003,2,Pedestrian,vru,24.997,11,yaw,3.000,100.000,0.000
scene-1094_003,2,Pedestrian,vru,24.997,11,pitch,0.000,100.000,72.727
scene-1094_003,2,Pedestrian,vru,24.997,11,pitch,0.500,100.000,36.364
scene-1094_003,2,Pedestrian,vru,24.997,11,pitch,1.000,100.000,36.364
scene-1094_003,2,Pedestrian,vru,24.997,11,pitch,2.000,100.000,36.364
scene-1094_003,2,Pedestrian,vru,24.997,11,pitch,3.000,100.000,36.364
scene-1094_003,2,Pedestrian,vru,24.997,11,roll,0.000,100.000,72.727
scene-1094_003,2,Pedestrian,vru,24.997,11,roll,0.500,100.000,81.818
scene-1094_003,2,Pedestrian,vru,24.997,11,roll,1.000,100.000,81.818
scene-1094_003,2,Pedestrian,vru,24.997,11,roll,2.000,100.000,63.636
scene-1094_003,2,Pedestrian,vru,24.997,11,roll,3.000,100.000,45.455
scene-1094_003,2,Pedestrian,vru,24.997,11,ty,0.000,100.000,72.727
scene-1094_003,2,Pedestrian,vru,24.997,11,ty,0.020,100.000,81.818
scene-1094_003,2,Pedestrian,vru,24.997,11,ty,0.050,100.000,81.818
scene-1094_003,2,Pedestrian,vru,24.997,11,ty,0.100,100.000,81.818
scene-1094_003,3,Pedestrian,vru,23.494,6,yaw,0.000,100.000,100.000
scene-1094_003,3,Pedestrian,vru,23.494,6,yaw,0.500,100.000,100.000
scene-1094_003,3,Pedestrian,vru,23.494,6,yaw,1.000,100.000,50.000
scene-1094_003,3,Pedestrian,vru,23.494,6,yaw,2.000,100.000,0.000
scene-1094_003,3,Pedestrian,vru,23.494,6,yaw,3.000,100.000,0.000
scene-1094_003,3,Pedestrian,vru,23.494,6,pitch,0.000,100.000,100.000
scene-1094_003,3,Pedestrian,vru,23.494,6,pitch,0.500,100.000,100.000
scene-1094_003,3,Pedestrian,vru,23.494,6,pitch,1.000,100.000,100.000
scene-1094_003,3,Pedestrian,vru,23.494,6,pitch,2.000,100.000,100.000
scene-1094_003,3,Pedestrian,vru,23.494,6,pitch,3.000,100.000,83.333
scene-1094_003,3,Pedestrian,vru,23.494,6,roll,0.000,100.000,100.000
scene-1094_003,3,Pedestrian,vru,23.494,6,roll,0.500,100.000,100.000
scene-1094_003,3,Pedestrian,vru,23.494,6,roll,1.000,100.000,100.000
scene-1094_003,3,Pedestrian,vru,23.494,6,roll,2.000,100.000,83.333
scene-1094_003,3,Pedestrian,vru,23.494,6,roll,3.000,100.000,33.333
scene-1094_003,3,Pedestrian,vru,23.494,6,ty,0.000,100.000,100.000
scene-1094_003,3,Pedestrian,vru,23.494,6,ty,0.020,100.000,100.000
scene-1094_003,3,Pedestrian,vru,23.494,6,ty,0.050,100.000,100.000
scene-1094_003,3,Pedestrian,vru,23.494,6,ty,0.100,100.000,100.000
scene-1094_003,4,Car,car,28.606,67,yaw,0.000,100.000,100.000
scene-1094_003,4,Car,car,28.606,67,yaw,0.500,100.000,100.000
scene-1094_003,4,Car,car,28.606,67,yaw,1.000,100.000,97.015
scene-1094_003,4,Car,car,28.606,67,yaw,2.000,100.000,92.537
scene-1094_003,4,Car,car,28.606,67,yaw,3.000,100.000,88.060
scene-1094_003,4,Car,car,28.606,67,pitch,0.000,100.000,100.000
scene-1094_003,4,Car,car,28.606,67,pitch,0.500,100.000,100.000
scene-1094_003,4,Car,car,28.606,67,pitch,1.000,100.000,100.000
scene-1094_003,4,Car,car,28.606,67,pitch,2.000,100.000,100.000
scene-1094_003,4,Car,car,28.606,67,pitch,3.000,100.000,74.627
scene-1094_003,4,Car,car,28.606,67,roll,0.000,100.000,100.000
scene-1094_003,4,Car,car,28.606,67,roll,0.500,100.000,100.000
scene-1094_003,4,Car,car,28.606,67,roll,1.000,100.000,100.000
scene-1094_003,4,Car,car,28.606,67,roll,2.000,100.000,64.179
scene-1094_003,4,Car,car,28.606,67,roll,3.000,100.000,31.343
scene-1094_003,4,Car,car,28.606,67,ty,0.000,100.000,100.000
scene-1094_003,4,Car,car,28.606,67,ty,0.020,100.000,100.000
scene-1094_003,4,Car,car,28.606,67,ty,0.050,100.000,100.000
scene-1094_003,4,Car,car,28.606,67,ty,0.100,100.000,100.000
scene-1094_004,0,Car,car,21.742,29,yaw,0.000,100.000,100.000
scene-1094_004,0,Car,car,21.742,29,yaw,0.500,100.000,93.103
scene-1094_004,0,Car,car,21.742,29,yaw,1.000,100.000,75.862
scene-1094_004,0,Car,car,21.742,29,yaw,2.000,100.000,72.414
scene-1094_004,0,Car,car,21.742,29,yaw,3.000,82.759,72.414
scene-1094_004,0,Car,car,21.742,29,pitch,0.000,100.000,100.000
scene-1094_004,0,Car,car,21.742,29,pitch,0.500,100.000,100.000
scene-1094_004,0,Car,car,21.742,29,pitch,1.000,100.000,100.000
scene-1094_004,0,Car,car,21.742,29,pitch,2.000,100.000,89.655
scene-1094_004,0,Car,car,21.742,29,pitch,3.000,100.000,86.207
scene-1094_004,0,Car,car,21.742,29,roll,0.000,100.000,100.000
scene-1094_004,0,Car,car,21.742,29,roll,0.500,100.000,100.000
scene-1094_004,0,Car,car,21.742,29,roll,1.000,100.000,96.552
scene-1094_004,0,Car,car,21.742,29,roll,2.000,100.000,86.207
scene-1094_004,0,Car,car,21.742,29,roll,3.000,100.000,37.931
scene-1094_004,0,Car,car,21.742,29,ty,0.000,100.000,100.000
scene-1094_004,0,Car,car,21.742,29,ty,0.020,100.000,100.000
scene-1094_004,0,Car,car,21.742,29,ty,0.050,100.000,100.000
scene-1094_004,0,Car,car,21.742,29,ty,0.100,100.000,100.000
scene-1094_004,1,Pedestrian,vru,26.083,5,yaw,0.000,100.000,100.000
scene-1094_004,1,Pedestrian,vru,26.083,5,yaw,0.500,100.000,100.000
scene-1094_004,1,Pedestrian,vru,26.083,5,yaw,1.000,100.000,20.000
scene-1094_004,1,Pedestrian,vru,26.083,5,yaw,2.000,100.000,0.000
scene-1094_004,1,Pedestrian,vru,26.083,5,yaw,3.000,100.000,0.000
scene-1094_004,1,Pedestrian,vru,26.083,5,pitch,0.000,100.000,100.000
scene-1094_004,1,Pedestrian,vru,26.083,5,pitch,0.500,100.000,100.000
scene-1094_004,1,Pedestrian,vru,26.083,5,pitch,1.000,100.000,100.000
scene-1094_004,1,Pedestrian,vru,26.083,5,pitch,2.000,100.000,100.000
scene-1094_004,1,Pedestrian,vru,26.083,5,pitch,3.000,100.000,100.000
scene-1094_004,1,Pedestrian,vru,26.083,5,roll,0.000,100.000,100.000
scene-1094_004,1,Pedestrian,vru,26.083,5,roll,0.500,100.000,100.000
scene-1094_004,1,Pedestrian,vru,26.083,5,roll,1.000,100.000,100.000
scene-1094_004,1,Pedestrian,vru,26.083,5,roll,2.000,100.000,40.000
scene-1094_004,1,Pedestrian,vru,26.083,5,roll,3.000,100.000,0.000
scene-1094_004,1,Pedestrian,vru,26.083,5,ty,0.000,100.000,100.000
scene-1094_004,1,Pedestrian,vru,26.083,5,ty,0.020,100.000,100.000
scene-1094_004,1,Pedestrian,vru,26.083,5,ty,0.050,100.000,100.000
scene-1094_004,1,Pedestrian,vru,26.083,5,ty,0.100,100.000,100.000
scene-1094_004,2,Car,car,8.442,405,yaw,0.000,100.000,95.556
scene-1094_004,2,Car,car,8.442,405,yaw,0.500,100.000,95.309
scene-1094_004,2,Car,car,8.442,405,yaw,1.000,100.000,94.074
scene-1094_004,2,Car,car,8.442,405,yaw,2.000,100.000,89.383
scene-1094_004,2,Car,car,8.442,405,yaw,3.000,100.000,82.963
scene-1094_004,2,Car,car,8.442,405,pitch,0.000,100.000,95.556
scene-1094_004,2,Car,car,8.442,405,pitch,0.500,100.000,95.309
scene-1094_004,2,Car,car,8.442,405,pitch,1.000,100.000,94.815
scene-1094_004,2,Car,car,8.442,405,pitch,2.000,100.000,94.074
scene-1094_004,2,Car,car,8.442,405,pitch,3.000,100.000,94.074
scene-1094_004,2,Car,car,8.442,405,roll,0.000,100.000,95.556
scene-1094_004,2,Car,car,8.442,405,roll,0.500,100.000,94.568
scene-1094_004,2,Car,car,8.442,405,roll,1.000,100.000,94.568
scene-1094_004,2,Car,car,8.442,405,roll,2.000,100.000,87.160
scene-1094_004,2,Car,car,8.442,405,roll,3.000,100.000,83.210
scene-1094_004,2,Car,car,8.442,405,ty,0.000,100.000,95.556
scene-1094_004,2,Car,car,8.442,405,ty,0.020,100.000,95.802
scene-1094_004,2,Car,car,8.442,405,ty,0.050,100.000,95.802
scene-1094_004,2,Car,car,8.442,405,ty,0.100,100.000,95.802
scene-1094_004,3,Pedestrian,vru,30.108,5,yaw,0.000,100.000,100.000
scene-1094_004,3,Pedestrian,vru,30.108,5,yaw,0.500,100.000,60.000
scene-1094_004,3,Pedestrian,vru,30.108,5,yaw,1.000,100.000,0.000
scene-1094_004,3,Pedestrian,vru,30.108,5,yaw,2.000,100.000,0.000
scene-1094_004,3,Pedestrian,vru,30.108,5,yaw,3.000,100.000,0.000
scene-1094_004,3,Pedestrian,vru,30.108,5,pitch,0.000,100.000,100.000
scene-1094_004,3,Pedestrian,vru,30.108,5,pitch,0.500,100.000,100.000
scene-1094_004,3,Pedestrian,vru,30.108,5,pitch,1.000,100.000,100.000
scene-1094_004,3,Pedestrian,vru,30.108,5,pitch,2.000,100.000,40.000
scene-1094_004,3,Pedestrian,vru,30.108,5,pitch,3.000,100.000,40.000
scene-1094_004,3,Pedestrian,vru,30.108,5,roll,0.000,100.000,100.000
scene-1094_004,3,Pedestrian,vru,30.108,5,roll,0.500,100.000,100.000
scene-1094_004,3,Pedestrian,vru,30.108,5,roll,1.000,100.000,60.000
scene-1094_004,3,Pedestrian,vru,30.108,5,roll,2.000,100.000,60.000
scene-1094_004,3,Pedestrian,vru,30.108,5,roll,3.000,100.000,0.000
scene-1094_004,3,Pedestrian,vru,30.108,5,ty,0.000,100.000,100.000
scene-1094_004,3,Pedestrian,vru,30.108,5,ty,0.020,100.000,100.000
scene-1094_004,3,Pedestrian,vru,30.108,5,ty,0.050,100.000,100.000
scene-1094_004,3,Pedestrian,vru,30.108,5,ty,0.100,100.000,100.000
scene-1094_004,4,Pedestrian,vru,24.778,7,yaw,0.000,100.000,57.143
scene-1094_004,4,Pedestrian,vru,24.778,7,yaw,0.500,100.000,57.143
scene-1094_004,4,Pedestrian,vru,24.778,7,yaw,1.000,100.000,42.857
scene-1094_004,4,Pedestrian,vru,24.778,7,yaw,2.000,100.000,0.000
scene-1094_004,4,Pedestrian,vru,24.778,7,yaw,3.000,100.000,0.000
scene-1094_004,4,Pedestrian,vru,24.778,7,pitch,0.000,100.000,57.143
scene-1094_004,4,Pedestrian,vru,24.778,7,pitch,0.500,100.000,57.143
scene-1094_004,4,Pedestrian,vru,24.778,7,pitch,1.000,100.000,57.143
scene-1094_004,4,Pedestrian,vru,24.778,7,pitch,2.000,100.000,57.143
scene-1094_004,4,Pedestrian,vru,24.778,7,pitch,3.000,100.000,57.143
scene-1094_004,4,Pedestrian,vru,24.778,7,roll,0.000,100.000,57.143
scene-1094_004,4,Pedestrian,vru,24.778,7,roll,0.500,100.000,100.000
scene-1094_004,4,Pedestrian,vru,24.778,7,roll,1.000,100.000,100.000
scene-1094_004,4,Pedestrian,vru,24.778,7,roll,2.000,100.000,85.714
scene-1094_004,4,Pedestrian,vru,24.778,7,roll,3.000,100.000,42.857
scene-1094_004,4,Pedestrian,vru,24.778,7,ty,0.000,100.000,57.143
scene-1094_004,4,Pedestrian,vru,24.778,7,ty,0.020,100.000,57.143
scene-1094_004,4,Pedestrian,vru,24.778,7,ty,0.050,100.000,71.429
scene-1094_004,4,Pedestrian,vru,24.778,7,ty,0.100,100.000,71.429
scene-1094_004,5,Pedestrian,vru,23.424,6,yaw,0.000,100.000,100.000
scene-1094_004,5,Pedestrian,vru,23.424,6,yaw,0.500,100.000,100.000
scene-1094_004,5,Pedestrian,vru,23.424,6,yaw,1.000,100.000,66.667
scene-1094_004,5,Pedestrian,vru,23.424,6,yaw,2.000,100.000,0.000
scene-1094_004,5,Pedestrian,vru,23.424,6,yaw,3.000,100.000,0.000
scene-1094_004,5,Pedestrian,vru,23.424,6,pitch,0.000,100.000,100.000
scene-1094_004,5,Pedestrian,vru,23.424,6,pitch,0.500,100.000,100.000
scene-1094_004,5,Pedestrian,vru,23.424,6,pitch,1.000,100.000,100.000
scene-1094_004,5,Pedestrian,vru,23.424,6,pitch,2.000,100.000,100.000
scene-1094_004,5,Pedestrian,vru,23.424,6,pitch,3.000,100.000,66.667
scene-1094_004,5,Pedestrian,vru,23.424,6,roll,0.000,100.000,100.000
scene-1094_004,5,Pedestrian,vru,23.424,6,roll,0.500,100.000,100.000
scene-1094_004,5,Pedestrian,vru,23.424,6,roll,1.000,100.000,100.000
scene-1094_004,5,Pedestrian,vru,23.424,6,roll,2.000,100.000,66.667
scene-1094_004,5,Pedestrian,vru,23.424,6,roll,3.000,100.000,33.333
scene-1094_004,5,Pedestrian,vru,23.424,6,ty,0.000,100.000,100.000
scene-1094_004,5,Pedestrian,vru,23.424,6,ty,0.020,100.000,100.000
scene-1094_004,5,Pedestrian,vru,23.424,6,ty,0.050,100.000,100.000
scene-1094_004,5,Pedestrian,vru,23.424,6,ty,0.100,100.000,100.000
scene-1094_004,6,Car,car,28.135,70,yaw,0.000,100.000,100.000
scene-1094_004,6,Car,car,28.135,70,yaw,0.500,100.000,100.000
scene-1094_004,6,Car,car,28.135,70,yaw,1.000,100.000,97.143
scene-1094_004,6,Car,car,28.135,70,yaw,2.000,100.000,92.857
scene-1094_004,6,Car,car,28.135,70,yaw,3.000,100.000,88.571
scene-1094_004,6,Car,car,28.135,70,pitch,0.000,100.000,100.000
scene-1094_004,6,Car,car,28.135,70,pitch,0.500,100.000,100.000
scene-1094_004,6,Car,car,28.135,70,pitch,1.000,100.000,100.000
scene-1094_004,6,Car,car,28.135,70,pitch,2.000,100.000,100.000
scene-1094_004,6,Car,car,28.135,70,pitch,3.000,100.000,77.143
scene-1094_004,6,Car,car,28.135,70,roll,0.000,100.000,100.000
scene-1094_004,6,Car,car,28.135,70,roll,0.500,100.000,100.000
scene-1094_004,6,Car,car,28.135,70,roll,1.000,100.000,100.000
scene-1094_004,6,Car,car,28.135,70,roll,2.000,100.000,67.143
scene-1094_004,6,Car,car,28.135,70,roll,3.000,100.000,35.714
scene-1094_004,6,Car,car,28.135,70,ty,0.000,100.000,100.000
scene-1094_004,6,Car,car,28.135,70,ty,0.020,100.000,100.000
scene-1094_004,6,Car,car,28.135,70,ty,0.050,100.000,100.000
scene-1094_004,6,Car,car,28.135,70,ty,0.100,100.000,100.000
scene-1094_004,7,Bicycle,vru,29.292,7,yaw,0.000,100.000,85.714
scene-1094_004,7,Bicycle,vru,29.292,7,yaw,0.500,100.000,100.000
scene-1094_004,7,Bicycle,vru,29.292,7,yaw,1.000,100.000,85.714
scene-1094_004,7,Bicycle,vru,29.292,7,yaw,2.000,100.000,57.143
scene-1094_004,7,Bicycle,vru,29.292,7,yaw,3.000,100.000,28.571
scene-1094_004,7,Bicycle,vru,29.292,7,pitch,0.000,100.000,85.714
scene-1094_004,7,Bicycle,vru,29.292,7,pitch,0.500,100.000,85.714
scene-1094_004,7,Bicycle,vru,29.292,7,pitch,1.000,100.000,100.000
scene-1094_004,7,Bicycle,vru,29.292,7,pitch,2.000,100.000,14.286
scene-1094_004,7,Bicycle,vru,29.292,7,pitch,3.000,100.000,0.000
scene-1094_004,7,Bicycle,vru,29.292,7,roll,0.000,100.000,85.714
scene-1094_004,7,Bicycle,vru,29.292,7,roll,0.500,100.000,85.714
scene-1094_004,7,Bicycle,vru,29.292,7,roll,1.000,100.000,85.714
scene-1094_004,7,Bicycle,vru,29.292,7,roll,2.000,100.000,0.000
scene-1094_004,7,Bicycle,vru,29.292,7,roll,3.000,100.000,0.000
scene-1094_004,7,Bicycle,vru,29.292,7,ty,0.000,100.000,85.714
scene-1094_004,7,Bicycle,vru,29.292,7,ty,0.020,100.000,85.714
scene-1094_004,7,Bicycle,vru,29.292,7,ty,0.050,100.000,85.714
scene-1094_004,7,Bicycle,vru,29.292,7,ty,0.100,100.000,85.714
scene-1094_005,0,Car,car,20.956,32,yaw,0.000,100.000,100.000
scene-1094_005,0,Car,car,20.956,32,yaw,0.500,100.000,100.000
scene-1094_005,0,Car,car,20.956,32,yaw,1.000,100.000,100.000
scene-1094_005,0,Car,car,20.956,32,yaw,2.000,100.000,100.000
scene-1094_005,0,Car,car,20.956,32,yaw,3.000,100.000,100.000
scene-1094_005,0,Car,car,20.956,32,pitch,0.000,100.000,100.000
scene-1094_005,0,Car,car,20.956,32,pitch,0.500,100.000,100.000
scene-1094_005,0,Car,car,20.956,32,pitch,1.000,100.000,100.000
scene-1094_005,0,Car,car,20.956,32,pitch,2.000,100.000,75.000
scene-1094_005,0,Car,car,20.956,32,pitch,3.000,100.000,75.000
scene-1094_005,0,Car,car,20.956,32,roll,0.000,100.000,100.000
scene-1094_005,0,Car,car,20.956,32,roll,0.500,100.000,100.000
scene-1094_005,0,Car,car,20.956,32,roll,1.000,100.000,75.000
scene-1094_005,0,Car,car,20.956,32,roll,2.000,100.000,75.000
scene-1094_005,0,Car,car,20.956,32,roll,3.000,100.000,59.375
scene-1094_005,0,Car,car,20.956,32,ty,0.000,100.000,100.000
scene-1094_005,0,Car,car,20.956,32,ty,0.020,100.000,100.000
scene-1094_005,0,Car,car,20.956,32,ty,0.050,100.000,100.000
scene-1094_005,0,Car,car,20.956,32,ty,0.100,100.000,100.000
scene-1094_005,1,Car,car,8.401,396,yaw,0.000,100.000,99.747
scene-1094_005,1,Car,car,8.401,396,yaw,0.500,100.000,98.737
scene-1094_005,1,Car,car,8.401,396,yaw,1.000,100.000,96.717
scene-1094_005,1,Car,car,8.401,396,yaw,2.000,100.000,91.667
scene-1094_005,1,Car,car,8.401,396,yaw,3.000,100.000,86.111
scene-1094_005,1,Car,car,8.401,396,pitch,0.000,100.000,99.747
scene-1094_005,1,Car,car,8.401,396,pitch,0.500,100.000,99.495
scene-1094_005,1,Car,car,8.401,396,pitch,1.000,100.000,99.495
scene-1094_005,1,Car,car,8.401,396,pitch,2.000,100.000,99.242
scene-1094_005,1,Car,car,8.401,396,pitch,3.000,100.000,98.737
scene-1094_005,1,Car,car,8.401,396,roll,0.000,100.000,99.747
scene-1094_005,1,Car,car,8.401,396,roll,0.500,100.000,99.747
scene-1094_005,1,Car,car,8.401,396,roll,1.000,100.000,92.929
scene-1094_005,1,Car,car,8.401,396,roll,2.000,100.000,91.919
scene-1094_005,1,Car,car,8.401,396,roll,3.000,100.000,88.636
scene-1094_005,1,Car,car,8.401,396,ty,0.000,100.000,99.747
scene-1094_005,1,Car,car,8.401,396,ty,0.020,100.000,99.747
scene-1094_005,1,Car,car,8.401,396,ty,0.050,100.000,99.747
scene-1094_005,1,Car,car,8.401,396,ty,0.100,100.000,100.000
scene-1094_005,2,Pedestrian,vru,29.267,5,yaw,0.000,100.000,100.000
scene-1094_005,2,Pedestrian,vru,29.267,5,yaw,0.500,100.000,60.000
scene-1094_005,2,Pedestrian,vru,29.267,5,yaw,1.000,100.000,0.000
scene-1094_005,2,Pedestrian,vru,29.267,5,yaw,2.000,100.000,0.000
scene-1094_005,2,Pedestrian,vru,29.267,5,yaw,3.000,100.000,0.000
scene-1094_005,2,Pedestrian,vru,29.267,5,pitch,0.000,100.000,100.000
scene-1094_005,2,Pedestrian,vru,29.267,5,pitch,0.500,100.000,100.000
scene-1094_005,2,Pedestrian,vru,29.267,5,pitch,1.000,100.000,100.000
scene-1094_005,2,Pedestrian,vru,29.267,5,pitch,2.000,100.000,40.000
scene-1094_005,2,Pedestrian,vru,29.267,5,pitch,3.000,100.000,40.000
scene-1094_005,2,Pedestrian,vru,29.267,5,roll,0.000,100.000,100.000
scene-1094_005,2,Pedestrian,vru,29.267,5,roll,0.500,100.000,100.000
scene-1094_005,2,Pedestrian,vru,29.267,5,roll,1.000,100.000,60.000
scene-1094_005,2,Pedestrian,vru,29.267,5,roll,2.000,100.000,60.000
scene-1094_005,2,Pedestrian,vru,29.267,5,roll,3.000,100.000,0.000
scene-1094_005,2,Pedestrian,vru,29.267,5,ty,0.000,100.000,100.000
scene-1094_005,2,Pedestrian,vru,29.267,5,ty,0.020,100.000,100.000
scene-1094_005,2,Pedestrian,vru,29.267,5,ty,0.050,100.000,100.000
scene-1094_005,2,Pedestrian,vru,29.267,5,ty,0.100,100.000,100.000
scene-1094_005,3,Pedestrian,vru,24.267,10,yaw,0.000,100.000,60.000
scene-1094_005,3,Pedestrian,vru,24.267,10,yaw,0.500,100.000,70.000
scene-1094_005,3,Pedestrian,vru,24.267,10,yaw,1.000,100.000,30.000
scene-1094_005,3,Pedestrian,vru,24.267,10,yaw,2.000,100.000,0.000
scene-1094_005,3,Pedestrian,vru,24.267,10,yaw,3.000,100.000,0.000
scene-1094_005,3,Pedestrian,vru,24.267,10,pitch,0.000,100.000,60.000
scene-1094_005,3,Pedestrian,vru,24.267,10,pitch,0.500,100.000,30.000
scene-1094_005,3,Pedestrian,vru,24.267,10,pitch,1.000,100.000,30.000
scene-1094_005,3,Pedestrian,vru,24.267,10,pitch,2.000,100.000,30.000
scene-1094_005,3,Pedestrian,vru,24.267,10,pitch,3.000,100.000,30.000
scene-1094_005,3,Pedestrian,vru,24.267,10,roll,0.000,100.000,60.000
scene-1094_005,3,Pedestrian,vru,24.267,10,roll,0.500,100.000,80.000
scene-1094_005,3,Pedestrian,vru,24.267,10,roll,1.000,100.000,80.000
scene-1094_005,3,Pedestrian,vru,24.267,10,roll,2.000,100.000,70.000
scene-1094_005,3,Pedestrian,vru,24.267,10,roll,3.000,100.000,60.000
scene-1094_005,3,Pedestrian,vru,24.267,10,ty,0.000,100.000,60.000
scene-1094_005,3,Pedestrian,vru,24.267,10,ty,0.020,100.000,70.000
scene-1094_005,3,Pedestrian,vru,24.267,10,ty,0.050,100.000,70.000
scene-1094_005,3,Pedestrian,vru,24.267,10,ty,0.100,100.000,80.000
scene-1094_005,4,Pedestrian,vru,22.953,6,yaw,0.000,100.000,100.000
scene-1094_005,4,Pedestrian,vru,22.953,6,yaw,0.500,100.000,100.000
scene-1094_005,4,Pedestrian,vru,22.953,6,yaw,1.000,100.000,50.000
scene-1094_005,4,Pedestrian,vru,22.953,6,yaw,2.000,100.000,0.000
scene-1094_005,4,Pedestrian,vru,22.953,6,yaw,3.000,100.000,0.000
scene-1094_005,4,Pedestrian,vru,22.953,6,pitch,0.000,100.000,100.000
scene-1094_005,4,Pedestrian,vru,22.953,6,pitch,0.500,100.000,100.000
scene-1094_005,4,Pedestrian,vru,22.953,6,pitch,1.000,100.000,100.000
scene-1094_005,4,Pedestrian,vru,22.953,6,pitch,2.000,100.000,100.000
scene-1094_005,4,Pedestrian,vru,22.953,6,pitch,3.000,100.000,100.000
scene-1094_005,4,Pedestrian,vru,22.953,6,roll,0.000,100.000,100.000
scene-1094_005,4,Pedestrian,vru,22.953,6,roll,0.500,100.000,100.000
scene-1094_005,4,Pedestrian,vru,22.953,6,roll,1.000,100.000,100.000
scene-1094_005,4,Pedestrian,vru,22.953,6,roll,2.000,100.000,50.000
scene-1094_005,4,Pedestrian,vru,22.953,6,roll,3.000,100.000,0.000
scene-1094_005,4,Pedestrian,vru,22.953,6,ty,0.000,100.000,100.000
scene-1094_005,4,Pedestrian,vru,22.953,6,ty,0.020,100.000,100.000
scene-1094_005,4,Pedestrian,vru,22.953,6,ty,0.050,100.000,100.000
scene-1094_005,4,Pedestrian,vru,22.953,6,ty,0.100,100.000,100.000
scene-1094_005,5,Car,car,27.348,74,yaw,0.000,100.000,100.000
scene-1094_005,5,Car,car,27.348,74,yaw,0.500,100.000,100.000
scene-1094_005,5,Car,car,27.348,74,yaw,1.000,100.000,98.649
scene-1094_005,5,Car,car,27.348,74,yaw,2.000,100.000,94.595
scene-1094_005,5,Car,car,27.348,74,yaw,3.000,100.000,87.838
scene-1094_005,5,Car,car,27.348,74,pitch,0.000,100.000,100.000
scene-1094_005,5,Car,car,27.348,74,pitch,0.500,100.000,100.000
scene-1094_005,5,Car,car,27.348,74,pitch,1.000,100.000,100.000
scene-1094_005,5,Car,car,27.348,74,pitch,2.000,100.000,97.297
scene-1094_005,5,Car,car,27.348,74,pitch,3.000,100.000,72.973
scene-1094_005,5,Car,car,27.348,74,roll,0.000,100.000,100.000
scene-1094_005,5,Car,car,27.348,74,roll,0.500,100.000,100.000
scene-1094_005,5,Car,car,27.348,74,roll,1.000,100.000,72.973
scene-1094_005,5,Car,car,27.348,74,roll,2.000,100.000,72.973
scene-1094_005,5,Car,car,27.348,74,roll,3.000,100.000,41.892
scene-1094_005,5,Car,car,27.348,74,ty,0.000,100.000,100.000
scene-1094_005,5,Car,car,27.348,74,ty,0.020,100.000,100.000
scene-1094_005,5,Car,car,27.348,74,ty,0.050,100.000,100.000
scene-1094_005,5,Car,car,27.348,74,ty,0.100,100.000,100.000
scene-1094_005,6,Bicycle,vru,28.561,7,yaw,0.000,100.000,85.714
scene-1094_005,6,Bicycle,vru,28.561,7,yaw,0.500,100.000,85.714
scene-1094_005,6,Bicycle,vru,28.561,7,yaw,1.000,100.000,71.429
scene-1094_005,6,Bicycle,vru,28.561,7,yaw,2.000,100.000,28.571
scene-1094_005,6,Bicycle,vru,28.561,7,yaw,3.000,100.000,0.000
scene-1094_005,6,Bicycle,vru,28.561,7,pitch,0.000,100.000,85.714
scene-1094_005,6,Bicycle,vru,28.561,7,pitch,0.500,100.000,85.714
scene-1094_005,6,Bicycle,vru,28.561,7,pitch,1.000,100.000,85.714
scene-1094_005,6,Bicycle,vru,28.561,7,pitch,2.000,100.000,85.714
scene-1094_005,6,Bicycle,vru,28.561,7,pitch,3.000,100.000,14.286
scene-1094_005,6,Bicycle,vru,28.561,7,roll,0.000,100.000,85.714
scene-1094_005,6,Bicycle,vru,28.561,7,roll,0.500,100.000,85.714
scene-1094_005,6,Bicycle,vru,28.561,7,roll,1.000,100.000,85.714
scene-1094_005,6,Bicycle,vru,28.561,7,roll,2.000,100.000,0.000
scene-1094_005,6,Bicycle,vru,28.561,7,roll,3.000,100.000,0.000
scene-1094_005,6,Bicycle,vru,28.561,7,ty,0.000,100.000,85.714
scene-1094_005,6,Bicycle,vru,28.561,7,ty,0.020,100.000,85.714
scene-1094_005,6,Bicycle,vru,28.561,7,ty,0.050,100.000,85.714
scene-1094_005,6,Bicycle,vru,28.561,7,ty,0.100,100.000,85.714
scene-1094_006,0,Car,car,19.892,59,yaw,0.000,100.000,100.000
scene-1094_006,0,Car,car,19.892,59,yaw,0.500,100.000,100.000
scene-1094_006,0,Car,car,19.892,59,yaw,1.000,98.305,98.305
scene-1094_006,0,Car,car,19.892,59,yaw,2.000,88.136,88.136
scene-1094_006,0,Car,car,19.892,59,yaw,3.000,66.102,66.102
scene-1094_006,0,Car,car,19.892,59,pitch,0.000,100.000,100.000
scene-1094_006,0,Car,car,19.892,59,pitch,0.500,100.000,100.000
scene-1094_006,0,Car,car,19.892,59,pitch,1.000,100.000,100.000
scene-1094_006,0,Car,car,19.892,59,pitch,2.000,100.000,100.000
scene-1094_006,0,Car,car,19.892,59,pitch,3.000,100.000,81.356
scene-1094_006,0,Car,car,19.892,59,roll,0.000,100.000,100.000
scene-1094_006,0,Car,car,19.892,59,roll,0.500,100.000,100.000
scene-1094_006,0,Car,car,19.892,59,roll,1.000,100.000,100.000
scene-1094_006,0,Car,car,19.892,59,roll,2.000,100.000,81.356
scene-1094_006,0,Car,car,19.892,59,roll,3.000,100.000,47.458
scene-1094_006,0,Car,car,19.892,59,ty,0.000,100.000,100.000
scene-1094_006,0,Car,car,19.892,59,ty,0.020,100.000,100.000
scene-1094_006,0,Car,car,19.892,59,ty,0.050,100.000,100.000
scene-1094_006,0,Car,car,19.892,59,ty,0.100,100.000,100.000
scene-1094_006,1,Car,car,8.135,431,yaw,0.000,100.000,99.536
scene-1094_006,1,Car,car,8.135,431,yaw,0.500,100.000,99.072
scene-1094_006,1,Car,car,8.135,431,yaw,1.000,100.000,97.680
scene-1094_006,1,Car,car,8.135,431,yaw,2.000,100.000,93.503
scene-1094_006,1,Car,car,8.135,431,yaw,3.000,100.000,88.167
scene-1094_006,1,Car,car,8.135,431,pitch,0.000,100.000,99.536
scene-1094_006,1,Car,car,8.135,431,pitch,0.500,100.000,99.768
scene-1094_006,1,Car,car,8.135,431,pitch,1.000,100.000,99.768
scene-1094_006,1,Car,car,8.135,431,pitch,2.000,100.000,99.536
scene-1094_006,1,Car,car,8.135,431,pitch,3.000,100.000,99.304
scene-1094_006,1,Car,car,8.135,431,roll,0.000,100.000,99.536
scene-1094_006,1,Car,car,8.135,431,roll,0.500,100.000,99.536
scene-1094_006,1,Car,car,8.135,431,roll,1.000,100.000,99.536
scene-1094_006,1,Car,car,8.135,431,roll,2.000,100.000,92.111
scene-1094_006,1,Car,car,8.135,431,roll,3.000,100.000,89.095
scene-1094_006,1,Car,car,8.135,431,ty,0.000,100.000,99.536
scene-1094_006,1,Car,car,8.135,431,ty,0.020,100.000,99.536
scene-1094_006,1,Car,car,8.135,431,ty,0.050,100.000,99.536
scene-1094_006,1,Car,car,8.135,431,ty,0.100,100.000,99.768
scene-1094_006,2,Pedestrian,vru,28.151,5,yaw,0.000,100.000,100.000
scene-1094_006,2,Pedestrian,vru,28.151,5,yaw,0.500,100.000,60.000
scene-1094_006,2,Pedestrian,vru,28.151,5,yaw,1.000,100.000,20.000
scene-1094_006,2,Pedestrian,vru,28.151,5,yaw,2.000,100.000,0.000
scene-1094_006,2,Pedestrian,vru,28.151,5,yaw,3.000,100.000,0.000
scene-1094_006,2,Pedestrian,vru,28.151,5,pitch,0.000,100.000,100.000
scene-1094_006,2,Pedestrian,vru,28.151,5,pitch,0.500,100.000,100.000
scene-1094_006,2,Pedestrian,vru,28.151,5,pitch,1.000,100.000,100.000
scene-1094_006,2,Pedestrian,vru,28.151,5,pitch,2.000,100.000,40.000
scene-1094_006,2,Pedestrian,vru,28.151,5,pitch,3.000,100.000,40.000
scene-1094_006,2,Pedestrian,vru,28.151,5,roll,0.000,100.000,100.000
scene-1094_006,2,Pedestrian,vru,28.151,5,roll,0.500,100.000,100.000
scene-1094_006,2,Pedestrian,vru,28.151,5,roll,1.000,100.000,100.000
scene-1094_006,2,Pedestrian,vru,28.151,5,roll,2.000,100.000,60.000
scene-1094_006,2,Pedestrian,vru,28.151,5,roll,3.000,100.000,0.000
scene-1094_006,2,Pedestrian,vru,28.151,5,ty,0.000,100.000,100.000
scene-1094_006,2,Pedestrian,vru,28.151,5,ty,0.020,100.000,100.000
scene-1094_006,2,Pedestrian,vru,28.151,5,ty,0.050,100.000,100.000
scene-1094_006,2,Pedestrian,vru,28.151,5,ty,0.100,100.000,100.000
scene-1094_006,3,Pedestrian,vru,23.537,6,yaw,0.000,100.000,100.000
scene-1094_006,3,Pedestrian,vru,23.537,6,yaw,0.500,100.000,100.000
scene-1094_006,3,Pedestrian,vru,23.537,6,yaw,1.000,100.000,33.333
scene-1094_006,3,Pedestrian,vru,23.537,6,yaw,2.000,100.000,0.000
scene-1094_006,3,Pedestrian,vru,23.537,6,yaw,3.000,100.000,0.000
scene-1094_006,3,Pedestrian,vru,23.537,6,pitch,0.000,100.000,100.000
scene-1094_006,3,Pedestrian,vru,23.537,6,pitch,0.500,100.000,100.000
scene-1094_006,3,Pedestrian,vru,23.537,6,pitch,1.000,100.000,100.000
scene-1094_006,3,Pedestrian,vru,23.537,6,pitch,2.000,100.000,100.000
scene-1094_006,3,Pedestrian,vru,23.537,6,pitch,3.000,100.000,50.000
scene-1094_006,3,Pedestrian,vru,23.537,6,roll,0.000,100.000,100.000
scene-1094_006,3,Pedestrian,vru,23.537,6,roll,0.500,100.000,100.000
scene-1094_006,3,Pedestrian,vru,23.537,6,roll,1.000,100.000,100.000
scene-1094_006,3,Pedestrian,vru,23.537,6,roll,2.000,100.000,50.000
scene-1094_006,3,Pedestrian,vru,23.537,6,roll,3.000,100.000,50.000
scene-1094_006,3,Pedestrian,vru,23.537,6,ty,0.000,100.000,100.000
scene-1094_006,3,Pedestrian,vru,23.537,6,ty,0.020,100.000,100.000
scene-1094_006,3,Pedestrian,vru,23.537,6,ty,0.050,100.000,100.000
scene-1094_006,3,Pedestrian,vru,23.537,6,ty,0.100,100.000,100.000
scene-1094_006,4,Pedestrian,vru,22.403,6,yaw,0.000,100.000,100.000
scene-1094_006,4,Pedestrian,vru,22.403,6,yaw,0.500,100.000,100.000
scene-1094_006,4,Pedestrian,vru,22.403,6,yaw,1.000,100.000,66.667
scene-1094_006,4,Pedestrian,vru,22.403,6,yaw,2.000,100.000,0.000
scene-1094_006,4,Pedestrian,vru,22.403,6,yaw,3.000,100.000,0.000
scene-1094_006,4,Pedestrian,vru,22.403,6,pitch,0.000,100.000,100.000
scene-1094_006,4,Pedestrian,vru,22.403,6,pitch,0.500,100.000,100.000
scene-1094_006,4,Pedestrian,vru,22.403,6,pitch,1.000,100.000,100.000
scene-1094_006,4,Pedestrian,vru,22.403,6,pitch,2.000,100.000,66.667
scene-1094_006,4,Pedestrian,vru,22.403,6,pitch,3.000,100.000,66.667
scene-1094_006,4,Pedestrian,vru,22.403,6,roll,0.000,100.000,100.000
scene-1094_006,4,Pedestrian,vru,22.403,6,roll,0.500,100.000,100.000
scene-1094_006,4,Pedestrian,vru,22.403,6,roll,1.000,100.000,100.000
scene-1094_006,4,Pedestrian,vru,22.403,6,roll,2.000,100.000,83.333
scene-1094_006,4,Pedestrian,vru,22.403,6,roll,3.000,100.000,33.333
scene-1094_006,4,Pedestrian,vru,22.403,6,ty,0.000,100.000,100.000
scene-1094_006,4,Pedestrian,vru,22.403,6,ty,0.020,100.000,100.000
scene-1094_006,4,Pedestrian,vru,22.403,6,ty,0.050,100.000,100.000
scene-1094_006,4,Pedestrian,vru,22.403,6,ty,0.100,100.000,100.000
scene-1094_006,5,Car,car,26.287,66,yaw,0.000,100.000,98.485
scene-1094_006,5,Car,car,26.287,66,yaw,0.500,100.000,98.485
scene-1094_006,5,Car,car,26.287,66,yaw,1.000,100.000,96.970
scene-1094_006,5,Car,car,26.287,66,yaw,2.000,100.000,93.939
scene-1094_006,5,Car,car,26.287,66,yaw,3.000,100.000,89.394
scene-1094_006,5,Car,car,26.287,66,pitch,0.000,100.000,98.485
scene-1094_006,5,Car,car,26.287,66,pitch,0.500,100.000,100.000
scene-1094_006,5,Car,car,26.287,66,pitch,1.000,100.000,100.000
scene-1094_006,5,Car,car,26.287,66,pitch,2.000,100.000,100.000
scene-1094_006,5,Car,car,26.287,66,pitch,3.000,100.000,95.455
scene-1094_006,5,Car,car,26.287,66,roll,0.000,100.000,98.485
scene-1094_006,5,Car,car,26.287,66,roll,0.500,100.000,100.000
scene-1094_006,5,Car,car,26.287,66,roll,1.000,100.000,100.000
scene-1094_006,5,Car,car,26.287,66,roll,2.000,100.000,65.152
scene-1094_006,5,Car,car,26.287,66,roll,3.000,100.000,33.333
scene-1094_006,5,Car,car,26.287,66,ty,0.000,100.000,98.485
scene-1094_006,5,Car,car,26.287,66,ty,0.020,100.000,98.485
scene-1094_006,5,Car,car,26.287,66,ty,0.050,100.000,98.485
scene-1094_006,5,Car,car,26.287,66,ty,0.100,100.000,98.485
scene-1094_006,6,Bicycle,vru,27.593,13,yaw,0.000,100.000,92.308
scene-1094_006,6,Bicycle,vru,27.593,13,yaw,0.500,100.000,84.615
scene-1094_006,6,Bicycle,vru,27.593,13,yaw,1.000,100.000,76.923
scene-1094_006,6,Bicycle,vru,27.593,13,yaw,2.000,100.000,61.538
scene-1094_006,6,Bicycle,vru,27.593,13,yaw,3.000,100.000,30.769
scene-1094_006,6,Bicycle,vru,27.593,13,pitch,0.000,100.000,92.308
scene-1094_006,6,Bicycle,vru,27.593,13,pitch,0.500,100.000,92.308
scene-1094_006,6,Bicycle,vru,27.593,13,pitch,1.000,100.000,84.615
scene-1094_006,6,Bicycle,vru,27.593,13,pitch,2.000,100.000,15.385
scene-1094_006,6,Bicycle,vru,27.593,13,pitch,3.000,100.000,15.385
scene-1094_006,6,Bicycle,vru,27.593,13,roll,0.000,100.000,92.308
scene-1094_006,6,Bicycle,vru,27.593,13,roll,0.500,100.000,92.308
scene-1094_006,6,Bicycle,vru,27.593,13,roll,1.000,100.000,76.923
scene-1094_006,6,Bicycle,vru,27.593,13,roll,2.000,100.000,76.923
scene-1094_006,6,Bicycle,vru,27.593,13,roll,3.000,100.000,0.000
scene-1094_006,6,Bicycle,vru,27.593,13,ty,0.000,100.000,92.308
scene-1094_006,6,Bicycle,vru,27.593,13,ty,0.020,100.000,92.308
scene-1094_006,6,Bicycle,vru,27.593,13,ty,0.050,100.000,92.308
scene-1094_006,6,Bicycle,vru,27.593,13,ty,0.100,100.000,92.308
scene-1094_007,0,Car,car,18.586,71,yaw,0.000,76.056,76.056
scene-1094_007,0,Car,car,18.586,71,yaw,0.500,70.423,70.423
scene-1094_007,0,Car,car,18.586,71,yaw,1.000,60.563,60.563
scene-1094_007,0,Car,car,18.586,71,yaw,2.000,47.887,47.887
scene-1094_007,0,Car,car,18.586,71,yaw,3.000,36.620,36.620
scene-1094_007,0,Car,car,18.586,71,pitch,0.000,76.056,76.056
scene-1094_007,0,Car,car,18.586,71,pitch,0.500,76.056,76.056
scene-1094_007,0,Car,car,18.586,71,pitch,1.000,76.056,76.056
scene-1094_007,0,Car,car,18.586,71,pitch,2.000,76.056,76.056
scene-1094_007,0,Car,car,18.586,71,pitch,3.000,76.056,76.056
scene-1094_007,0,Car,car,18.586,71,roll,0.000,76.056,76.056
scene-1094_007,0,Car,car,18.586,71,roll,0.500,76.056,76.056
scene-1094_007,0,Car,car,18.586,71,roll,1.000,77.465,77.465
scene-1094_007,0,Car,car,18.586,71,roll,2.000,78.873,78.873
scene-1094_007,0,Car,car,18.586,71,roll,3.000,78.873,63.380
scene-1094_007,0,Car,car,18.586,71,ty,0.000,76.056,76.056
scene-1094_007,0,Car,car,18.586,71,ty,0.020,77.465,77.465
scene-1094_007,0,Car,car,18.586,71,ty,0.050,78.873,78.873
scene-1094_007,0,Car,car,18.586,71,ty,0.100,78.873,78.873
scene-1094_007,1,Pedestrian,vru,24.084,7,yaw,0.000,100.000,100.000
scene-1094_007,1,Pedestrian,vru,24.084,7,yaw,0.500,100.000,100.000
scene-1094_007,1,Pedestrian,vru,24.084,7,yaw,1.000,100.000,71.429
scene-1094_007,1,Pedestrian,vru,24.084,7,yaw,2.000,100.000,0.000
scene-1094_007,1,Pedestrian,vru,24.084,7,yaw,3.000,100.000,0.000
scene-1094_007,1,Pedestrian,vru,24.084,7,pitch,0.000,100.000,100.000
scene-1094_007,1,Pedestrian,vru,24.084,7,pitch,0.500,100.000,100.000
scene-1094_007,1,Pedestrian,vru,24.084,7,pitch,1.000,100.000,57.143
scene-1094_007,1,Pedestrian,vru,24.084,7,pitch,2.000,100.000,57.143
scene-1094_007,1,Pedestrian,vru,24.084,7,pitch,3.000,100.000,57.143
scene-1094_007,1,Pedestrian,vru,24.084,7,roll,0.000,100.000,100.000
scene-1094_007,1,Pedestrian,vru,24.084,7,roll,0.500,100.000,100.000
scene-1094_007,1,Pedestrian,vru,24.084,7,roll,1.000,100.000,100.000
scene-1094_007,1,Pedestrian,vru,24.084,7,roll,2.000,100.000,57.143
scene-1094_007,1,Pedestrian,vru,24.084,7,roll,3.000,100.000,42.857
scene-1094_007,1,Pedestrian,vru,24.084,7,ty,0.000,100.000,100.000
scene-1094_007,1,Pedestrian,vru,24.084,7,ty,0.020,100.000,100.000
scene-1094_007,1,Pedestrian,vru,24.084,7,ty,0.050,100.000,100.000
scene-1094_007,1,Pedestrian,vru,24.084,7,ty,0.100,100.000,100.000
scene-1094_007,2,Car,car,7.711,485,yaw,0.000,100.000,99.381
scene-1094_007,2,Car,car,7.711,485,yaw,0.500,100.000,99.175
scene-1094_007,2,Car,car,7.711,485,yaw,1.000,100.000,98.144
scene-1094_007,2,Car,car,7.711,485,yaw,2.000,100.000,93.608
scene-1094_007,2,Car,car,7.711,485,yaw,3.000,100.000,89.072
scene-1094_007,2,Car,car,7.711,485,pitch,0.000,100.000,99.381
scene-1094_007,2,Car,car,7.711,485,pitch,0.500,100.000,99.588
scene-1094_007,2,Car,car,7.711,485,pitch,1.000,100.000,99.381
scene-1094_007,2,Car,car,7.711,485,pitch,2.000,100.000,95.464
scene-1094_007,2,Car,car,7.711,485,pitch,3.000,100.000,93.814
scene-1094_007,2,Car,car,7.711,485,roll,0.000,100.000,99.381
scene-1094_007,2,Car,car,7.711,485,roll,0.500,100.000,95.258
scene-1094_007,2,Car,car,7.711,485,roll,1.000,100.000,93.402
scene-1094_007,2,Car,car,7.711,485,roll,2.000,100.000,87.629
scene-1094_007,2,Car,car,7.711,485,roll,3.000,100.000,87.423
scene-1094_007,2,Car,car,7.711,485,ty,0.000,100.000,99.381
scene-1094_007,2,Car,car,7.711,485,ty,0.020,100.000,99.381
scene-1094_007,2,Car,car,7.711,485,ty,0.050,100.000,99.381
scene-1094_007,2,Car,car,7.711,485,ty,0.100,100.000,99.381
scene-1094_007,3,Pedestrian,vru,21.573,9,yaw,0.000,100.000,100.000
scene-1094_007,3,Pedestrian,vru,21.573,9,yaw,0.500,100.000,100.000
scene-1094_007,3,Pedestrian,vru,21.573,9,yaw,1.000,100.000,55.556
scene-1094_007,3,Pedestrian,vru,21.573,9,yaw,2.000,100.000,0.000
scene-1094_007,3,Pedestrian,vru,21.573,9,yaw,3.000,100.000,0.000
scene-1094_007,3,Pedestrian,vru,21.573,9,pitch,0.000,100.000,100.000
scene-1094_007,3,Pedestrian,vru,21.573,9,pitch,0.500,100.000,100.000
scene-1094_007,3,Pedestrian,vru,21.573,9,pitch,1.000,100.000,100.000
scene-1094_007,3,Pedestrian,vru,21.573,9,pitch,2.000,100.000,100.000
scene-1094_007,3,Pedestrian,vru,21.573,9,pitch,3.000,100.000,100.000
scene-1094_007,3,Pedestrian,vru,21.573,9,roll,0.000,100.000,100.000
scene-1094_007,3,Pedestrian,vru,21.573,9,roll,0.500,100.000,100.000
scene-1094_007,3,Pedestrian,vru,21.573,9,roll,1.000,100.000,44.444
scene-1094_007,3,Pedestrian,vru,21.573,9,roll,2.000,100.000,44.444
scene-1094_007,3,Pedestrian,vru,21.573,9,roll,3.000,100.000,33.333
scene-1094_007,3,Pedestrian,vru,21.573,9,ty,0.000,100.000,100.000
scene-1094_007,3,Pedestrian,vru,21.573,9,ty,0.020,100.000,100.000
scene-1094_007,3,Pedestrian,vru,21.573,9,ty,0.050,100.000,100.000
scene-1094_007,3,Pedestrian,vru,21.573,9,ty,0.100,100.000,100.000
scene-1094_008,0,Pedestrian,vru,20.068,8,yaw,0.000,100.000,100.000
scene-1094_008,0,Pedestrian,vru,20.068,8,yaw,0.500,100.000,87.500
scene-1094_008,0,Pedestrian,vru,20.068,8,yaw,1.000,100.000,75.000
scene-1094_008,0,Pedestrian,vru,20.068,8,yaw,2.000,100.000,0.000
scene-1094_008,0,Pedestrian,vru,20.068,8,yaw,3.000,100.000,0.000
scene-1094_008,0,Pedestrian,vru,20.068,8,pitch,0.000,100.000,100.000
scene-1094_008,0,Pedestrian,vru,20.068,8,pitch,0.500,100.000,100.000
scene-1094_008,0,Pedestrian,vru,20.068,8,pitch,1.000,100.000,100.000
scene-1094_008,0,Pedestrian,vru,20.068,8,pitch,2.000,100.000,100.000
scene-1094_008,0,Pedestrian,vru,20.068,8,pitch,3.000,100.000,100.000
scene-1094_008,0,Pedestrian,vru,20.068,8,roll,0.000,100.000,100.000
scene-1094_008,0,Pedestrian,vru,20.068,8,roll,0.500,100.000,100.000
scene-1094_008,0,Pedestrian,vru,20.068,8,roll,1.000,100.000,100.000
scene-1094_008,0,Pedestrian,vru,20.068,8,roll,2.000,100.000,50.000
scene-1094_008,0,Pedestrian,vru,20.068,8,roll,3.000,100.000,50.000
scene-1094_008,0,Pedestrian,vru,20.068,8,ty,0.000,100.000,100.000
scene-1094_008,0,Pedestrian,vru,20.068,8,ty,0.020,100.000,100.000
scene-1094_008,0,Pedestrian,vru,20.068,8,ty,0.050,100.000,100.000
scene-1094_008,0,Pedestrian,vru,20.068,8,ty,0.100,100.000,100.000
scene-1094_008,1,Car,car,7.299,509,yaw,0.000,100.000,100.000
scene-1094_008,1,Car,car,7.299,509,yaw,0.500,99.804,99.607
scene-1094_008,1,Car,car,7.299,509,yaw,1.000,98.821,98.035
scene-1094_008,1,Car,car,7.299,509,yaw,2.000,95.285,94.106
scene-1094_008,1,Car,car,7.299,509,yaw,3.000,91.552,90.177
scene-1094_008,1,Car,car,7.299,509,pitch,0.000,100.000,100.000
scene-1094_008,1,Car,car,7.299,509,pitch,0.500,100.000,100.000
scene-1094_008,1,Car,car,7.299,509,pitch,1.000,100.000,100.000
scene-1094_008,1,Car,car,7.299,509,pitch,2.000,100.000,100.000
scene-1094_008,1,Car,car,7.299,509,pitch,3.000,100.000,94.892
scene-1094_008,1,Car,car,7.299,509,roll,0.000,100.000,100.000
scene-1094_008,1,Car,car,7.299,509,roll,0.500,100.000,100.000
scene-1094_008,1,Car,car,7.299,509,roll,1.000,100.000,97.250
scene-1094_008,1,Car,car,7.299,509,roll,2.000,100.000,92.141
scene-1094_008,1,Car,car,7.299,509,roll,3.000,100.000,88.016
scene-1094_008,1,Car,car,7.299,509,ty,0.000,100.000,100.000
scene-1094_008,1,Car,car,7.299,509,ty,0.020,100.000,100.000
scene-1094_008,1,Car,car,7.299,509,ty,0.050,100.000,100.000
scene-1094_008,1,Car,car,7.299,509,ty,0.100,100.000,100.000
scene-1094_008,2,Car,car,28.981,18,yaw,0.000,100.000,100.000
scene-1094_008,2,Car,car,28.981,18,yaw,0.500,100.000,100.000
scene-1094_008,2,Car,car,28.981,18,yaw,1.000,100.000,88.889
scene-1094_008,2,Car,car,28.981,18,yaw,2.000,100.000,61.111
scene-1094_008,2,Car,car,28.981,18,yaw,3.000,100.000,33.333
scene-1094_008,2,Car,car,28.981,18,pitch,0.000,100.000,100.000
scene-1094_008,2,Car,car,28.981,18,pitch,0.500,100.000,100.000
scene-1094_008,2,Car,car,28.981,18,pitch,1.000,100.000,100.000
scene-1094_008,2,Car,car,28.981,18,pitch,2.000,100.000,100.000
scene-1094_008,2,Car,car,28.981,18,pitch,3.000,100.000,100.000
scene-1094_008,2,Car,car,28.981,18,roll,0.000,100.000,100.000
scene-1094_008,2,Car,car,28.981,18,roll,0.500,100.000,100.000
scene-1094_008,2,Car,car,28.981,18,roll,1.000,100.000,100.000
scene-1094_008,2,Car,car,28.981,18,roll,2.000,100.000,44.444
scene-1094_008,2,Car,car,28.981,18,roll,3.000,100.000,0.000
scene-1094_008,2,Car,car,28.981,18,ty,0.000,100.000,100.000
scene-1094_008,2,Car,car,28.981,18,ty,0.020,100.000,100.000
scene-1094_008,2,Car,car,28.981,18,ty,0.050,100.000,100.000
scene-1094_008,2,Car,car,28.981,18,ty,0.100,100.000,100.000
scene-1094_008,3,Pedestrian,vru,20.491,6,yaw,0.000,100.000,100.000
scene-1094_008,3,Pedestrian,vru,20.491,6,yaw,0.500,100.000,100.000
scene-1094_008,3,Pedestrian,vru,20.491,6,yaw,1.000,100.000,66.667
scene-1094_008,3,Pedestrian,vru,20.491,6,yaw,2.000,100.000,0.000
scene-1094_008,3,Pedestrian,vru,20.491,6,yaw,3.000,100.000,0.000
scene-1094_008,3,Pedestrian,vru,20.491,6,pitch,0.000,100.000,100.000
scene-1094_008,3,Pedestrian,vru,20.491,6,pitch,0.500,100.000,100.000
scene-1094_008,3,Pedestrian,vru,20.491,6,pitch,1.000,100.000,100.000
scene-1094_008,3,Pedestrian,vru,20.491,6,pitch,2.000,100.000,66.667
scene-1094_008,3,Pedestrian,vru,20.491,6,pitch,3.000,100.000,66.667
scene-1094_008,3,Pedestrian,vru,20.491,6,roll,0.000,100.000,100.000
scene-1094_008,3,Pedestrian,vru,20.491,6,roll,0.500,100.000,100.000
scene-1094_008,3,Pedestrian,vru,20.491,6,roll,1.000,100.000,100.000
scene-1094_008,3,Pedestrian,vru,20.491,6,roll,2.000,100.000,83.333
scene-1094_008,3,Pedestrian,vru,20.491,6,roll,3.000,100.000,83.333
scene-1094_008,3,Pedestrian,vru,20.491,6,ty,0.000,100.000,100.000
scene-1094_008,3,Pedestrian,vru,20.491,6,ty,0.020,100.000,100.000
scene-1094_008,3,Pedestrian,vru,20.491,6,ty,0.050,100.000,100.000
scene-1094_008,3,Pedestrian,vru,20.491,6,ty,0.100,100.000,100.000
scene-1094_008,4,Pedestrian,vru,12.194,20,yaw,0.000,100.000,100.000
scene-1094_008,4,Pedestrian,vru,12.194,20,yaw,0.500,100.000,100.000
scene-1094_008,4,Pedestrian,vru,12.194,20,yaw,1.000,100.000,100.000
scene-1094_008,4,Pedestrian,vru,12.194,20,yaw,2.000,100.000,90.000
scene-1094_008,4,Pedestrian,vru,12.194,20,yaw,3.000,100.000,40.000
scene-1094_008,4,Pedestrian,vru,12.194,20,pitch,0.000,100.000,100.000
scene-1094_008,4,Pedestrian,vru,12.194,20,pitch,0.500,100.000,100.000
scene-1094_008,4,Pedestrian,vru,12.194,20,pitch,1.000,100.000,100.000
scene-1094_008,4,Pedestrian,vru,12.194,20,pitch,2.000,100.000,100.000
scene-1094_008,4,Pedestrian,vru,12.194,20,pitch,3.000,100.000,100.000
scene-1094_008,4,Pedestrian,vru,12.194,20,roll,0.000,100.000,100.000
scene-1094_008,4,Pedestrian,vru,12.194,20,roll,0.500,100.000,100.000
scene-1094_008,4,Pedestrian,vru,12.194,20,roll,1.000,100.000,70.000
scene-1094_008,4,Pedestrian,vru,12.194,20,roll,2.000,100.000,70.000
scene-1094_008,4,Pedestrian,vru,12.194,20,roll,3.000,100.000,60.000
scene-1094_008,4,Pedestrian,vru,12.194,20,ty,0.000,100.000,100.000
scene-1094_008,4,Pedestrian,vru,12.194,20,ty,0.020,100.000,100.000
scene-1094_008,4,Pedestrian,vru,12.194,20,ty,0.050,100.000,100.000
scene-1094_008,4,Pedestrian,vru,12.194,20,ty,0.100,100.000,100.000
scene-1094_008,5,Bicycle,vru,24.987,14,yaw,0.000,100.000,78.571
scene-1094_008,5,Bicycle,vru,24.987,14,yaw,0.500,100.000,78.571
scene-1094_008,5,Bicycle,vru,24.987,14,yaw,1.000,100.000,71.429
scene-1094_008,5,Bicycle,vru,24.987,14,yaw,2.000,100.000,42.857
scene-1094_008,5,Bicycle,vru,24.987,14,yaw,3.000,100.000,21.429
scene-1094_008,5,Bicycle,vru,24.987,14,pitch,0.000,100.000,78.571
scene-1094_008,5,Bicycle,vru,24.987,14,pitch,0.500,100.000,7.143
scene-1094_008,5,Bicycle,vru,24.987,14,pitch,1.000,100.000,7.143
scene-1094_008,5,Bicycle,vru,24.987,14,pitch,2.000,100.000,7.143
scene-1094_008,5,Bicycle,vru,24.987,14,pitch,3.000,100.000,7.143
scene-1094_008,5,Bicycle,vru,24.987,14,roll,0.000,100.000,78.571
scene-1094_008,5,Bicycle,vru,24.987,14,roll,0.500,100.000,92.857
scene-1094_008,5,Bicycle,vru,24.987,14,roll,1.000,100.000,92.857
scene-1094_008,5,Bicycle,vru,24.987,14,roll,2.000,100.000,85.714
scene-1094_008,5,Bicycle,vru,24.987,14,roll,3.000,100.000,0.000
scene-1094_008,5,Bicycle,vru,24.987,14,ty,0.000,100.000,78.571
scene-1094_008,5,Bicycle,vru,24.987,14,ty,0.020,100.000,78.571
scene-1094_008,5,Bicycle,vru,24.987,14,ty,0.050,100.000,85.714
scene-1094_008,5,Bicycle,vru,24.987,14,ty,0.100,100.000,92.857
scene-1094_009,0,Pedestrian,vru,19.332,8,yaw,0.000,100.000,75.000
scene-1094_009,0,Pedestrian,vru,19.332,8,yaw,0.500,100.000,62.500
scene-1094_009,0,Pedestrian,vru,19.332,8,yaw,1.000,100.000,50.000
scene-1094_009,0,Pedestrian,vru,19.332,8,yaw,2.000,100.000,0.000
scene-1094_009,0,Pedestrian,vru,19.332,8,yaw,3.000,100.000,0.000
scene-1094_009,0,Pedestrian,vru,19.332,8,pitch,0.000,100.000,75.000
scene-1094_009,0,Pedestrian,vru,19.332,8,pitch,0.500,100.000,100.000
scene-1094_009,0,Pedestrian,vru,19.332,8,pitch,1.000,100.000,100.000
scene-1094_009,0,Pedestrian,vru,19.332,8,pitch,2.000,100.000,100.000
scene-1094_009,0,Pedestrian,vru,19.332,8,pitch,3.000,100.000,100.000
scene-1094_009,0,Pedestrian,vru,19.332,8,roll,0.000,100.000,75.000
scene-1094_009,0,Pedestrian,vru,19.332,8,roll,0.500,100.000,100.000
scene-1094_009,0,Pedestrian,vru,19.332,8,roll,1.000,100.000,100.000
scene-1094_009,0,Pedestrian,vru,19.332,8,roll,2.000,100.000,100.000
scene-1094_009,0,Pedestrian,vru,19.332,8,roll,3.000,100.000,50.000
scene-1094_009,0,Pedestrian,vru,19.332,8,ty,0.000,100.000,75.000
scene-1094_009,0,Pedestrian,vru,19.332,8,ty,0.020,100.000,75.000
scene-1094_009,0,Pedestrian,vru,19.332,8,ty,0.050,100.000,75.000
scene-1094_009,0,Pedestrian,vru,19.332,8,ty,0.100,100.000,87.500
scene-1094_009,1,Pedestrian,vru,21.677,10,yaw,0.000,100.000,30.000
scene-1094_009,1,Pedestrian,vru,21.677,10,yaw,0.500,100.000,30.000
scene-1094_009,1,Pedestrian,vru,21.677,10,yaw,1.000,100.000,10.000
scene-1094_009,1,Pedestrian,vru,21.677,10,yaw,2.000,100.000,0.000
scene-1094_009,1,Pedestrian,vru,21.677,10,yaw,3.000,100.000,0.000
scene-1094_009,1,Pedestrian,vru,21.677,10,pitch,0.000,100.000,30.000
scene-1094_009,1,Pedestrian,vru,21.677,10,pitch,0.500,100.000,30.000
scene-1094_009,1,Pedestrian,vru,21.677,10,pitch,1.000,100.000,30.000
scene-1094_009,1,Pedestrian,vru,21.677,10,pitch,2.000,100.000,30.000
scene-1094_009,1,Pedestrian,vru,21.677,10,pitch,3.000,100.000,30.000
scene-1094_009,1,Pedestrian,vru,21.677,10,roll,0.000,100.000,30.000
scene-1094_009,1,Pedestrian,vru,21.677,10,roll,0.500,100.000,80.000
scene-1094_009,1,Pedestrian,vru,21.677,10,roll,1.000,100.000,80.000
scene-1094_009,1,Pedestrian,vru,21.677,10,roll,2.000,100.000,60.000
scene-1094_009,1,Pedestrian,vru,21.677,10,roll,3.000,100.000,50.000
scene-1094_009,1,Pedestrian,vru,21.677,10,ty,0.000,100.000,30.000
scene-1094_009,1,Pedestrian,vru,21.677,10,ty,0.020,100.000,40.000
scene-1094_009,1,Pedestrian,vru,21.677,10,ty,0.050,100.000,40.000
scene-1094_009,1,Pedestrian,vru,21.677,10,ty,0.100,100.000,50.000
scene-1094_009,2,Pedestrian,vru,23.745,6,yaw,0.000,100.000,100.000
scene-1094_009,2,Pedestrian,vru,23.745,6,yaw,0.500,100.000,83.333
scene-1094_009,2,Pedestrian,vru,23.745,6,yaw,1.000,100.000,50.000
scene-1094_009,2,Pedestrian,vru,23.745,6,yaw,2.000,100.000,0.000
scene-1094_009,2,Pedestrian,vru,23.745,6,yaw,3.000,100.000,0.000
scene-1094_009,2,Pedestrian,vru,23.745,6,pitch,0.000,100.000,100.000
scene-1094_009,2,Pedestrian,vru,23.745,6,pitch,0.500,100.000,83.333
scene-1094_009,2,Pedestrian,vru,23.745,6,pitch,1.000,100.000,83.333
scene-1094_009,2,Pedestrian,vru,23.745,6,pitch,2.000,100.000,83.333
scene-1094_009,2,Pedestrian,vru,23.745,6,pitch,3.000,100.000,66.667
scene-1094_009,2,Pedestrian,vru,23.745,6,roll,0.000,100.000,100.000
scene-1094_009,2,Pedestrian,vru,23.745,6,roll,0.500,100.000,100.000
scene-1094_009,2,Pedestrian,vru,23.745,6,roll,1.000,100.000,83.333
scene-1094_009,2,Pedestrian,vru,23.745,6,roll,2.000,100.000,83.333
scene-1094_009,2,Pedestrian,vru,23.745,6,roll,3.000,100.000,16.667
scene-1094_009,2,Pedestrian,vru,23.745,6,ty,0.000,100.000,100.000
scene-1094_009,2,Pedestrian,vru,23.745,6,ty,0.020,100.000,100.000
scene-1094_009,2,Pedestrian,vru,23.745,6,ty,0.050,100.000,100.000
scene-1094_009,2,Pedestrian,vru,23.745,6,ty,0.100,100.000,100.000
scene-1094_009,3,Pedestrian,vru,25.056,5,yaw,0.000,100.000,100.000
scene-1094_009,3,Pedestrian,vru,25.056,5,yaw,0.500,100.000,100.000
scene-1094_009,3,Pedestrian,vru,25.056,5,yaw,1.000,100.000,80.000
scene-1094_009,3,Pedestrian,vru,25.056,5,yaw,2.000,100.000,0.000
scene-1094_009,3,Pedestrian,vru,25.056,5,yaw,3.000,100.000,0.000
scene-1094_009,3,Pedestrian,vru,25.056,5,pitch,0.000,100.000,100.000
scene-1094_009,3,Pedestrian,vru,25.056,5,pitch,0.500,100.000,100.000
scene-1094_009,3,Pedestrian,vru,25.056,5,pitch,1.000,100.000,100.000
scene-1094_009,3,Pedestrian,vru,25.056,5,pitch,2.000,100.000,100.000
scene-1094_009,3,Pedestrian,vru,25.056,5,pitch,3.000,100.000,100.000
scene-1094_009,3,Pedestrian,vru,25.056,5,roll,0.000,100.000,100.000
scene-1094_009,3,Pedestrian,vru,25.056,5,roll,0.500,100.000,100.000
scene-1094_009,3,Pedestrian,vru,25.056,5,roll,1.000,100.000,80.000
scene-1094_009,3,Pedestrian,vru,25.056,5,roll,2.000,100.000,80.000
scene-1094_009,3,Pedestrian,vru,25.056,5,roll,3.000,100.000,40.000
scene-1094_009,3,Pedestrian,vru,25.056,5,ty,0.000,100.000,100.000
scene-1094_009,3,Pedestrian,vru,25.056,5,ty,0.020,100.000,100.000
scene-1094_009,3,Pedestrian,vru,25.056,5,ty,0.050,100.000,100.000
scene-1094_009,3,Pedestrian,vru,25.056,5,ty,0.100,100.000,100.000
scene-1094_009,4,Car,car,27.623,11,yaw,0.000,100.000,100.000
scene-1094_009,4,Car,car,27.623,11,yaw,0.500,100.000,100.000
scene-1094_009,4,Car,car,27.623,11,yaw,1.000,100.000,90.909
scene-1094_009,4,Car,car,27.623,11,yaw,2.000,100.000,63.636
scene-1094_009,4,Car,car,27.623,11,yaw,3.000,100.000,36.364
scene-1094_009,4,Car,car,27.623,11,pitch,0.000,100.000,100.000
scene-1094_009,4,Car,car,27.623,11,pitch,0.500,100.000,100.000
scene-1094_009,4,Car,car,27.623,11,pitch,1.000,100.000,100.000
scene-1094_009,4,Car,car,27.623,11,pitch,2.000,100.000,100.000
scene-1094_009,4,Car,car,27.623,11,pitch,3.000,100.000,100.000
scene-1094_009,4,Car,car,27.623,11,roll,0.000,100.000,100.000
scene-1094_009,4,Car,car,27.623,11,roll,0.500,100.000,100.000
scene-1094_009,4,Car,car,27.623,11,roll,1.000,100.000,100.000
scene-1094_009,4,Car,car,27.623,11,roll,2.000,100.000,81.818
scene-1094_009,4,Car,car,27.623,11,roll,3.000,100.000,0.000
scene-1094_009,4,Car,car,27.623,11,ty,0.000,100.000,100.000
scene-1094_009,4,Car,car,27.623,11,ty,0.020,100.000,100.000
scene-1094_009,4,Car,car,27.623,11,ty,0.050,100.000,100.000
scene-1094_009,4,Car,car,27.623,11,ty,0.100,100.000,100.000
scene-1094_009,5,Pedestrian,vru,19.320,8,yaw,0.000,100.000,87.500
scene-1094_009,5,Pedestrian,vru,19.320,8,yaw,0.500,100.000,87.500
scene-1094_009,5,Pedestrian,vru,19.320,8,yaw,1.000,100.000,75.000
scene-1094_009,5,Pedestrian,vru,19.320,8,yaw,2.000,100.000,25.000
scene-1094_009,5,Pedestrian,vru,19.320,8,yaw,3.000,100.000,0.000
scene-1094_009,5,Pedestrian,vru,19.320,8,pitch,0.000,100.000,87.500
scene-1094_009,5,Pedestrian,vru,19.320,8,pitch,0.500,100.000,87.500
scene-1094_009,5,Pedestrian,vru,19.320,8,pitch,1.000,100.000,87.500
scene-1094_009,5,Pedestrian,vru,19.320,8,pitch,2.000,100.000,87.500
scene-1094_009,5,Pedestrian,vru,19.320,8,pitch,3.000,100.000,87.500
scene-1094_009,5,Pedestrian,vru,19.320,8,roll,0.000,100.000,87.500
scene-1094_009,5,Pedestrian,vru,19.320,8,roll,0.500,100.000,100.000
scene-1094_009,5,Pedestrian,vru,19.320,8,roll,1.000,100.000,62.500
scene-1094_009,5,Pedestrian,vru,19.320,8,roll,2.000,100.000,37.500
scene-1094_009,5,Pedestrian,vru,19.320,8,roll,3.000,100.000,12.500
scene-1094_009,5,Pedestrian,vru,19.320,8,ty,0.000,100.000,87.500
scene-1094_009,5,Pedestrian,vru,19.320,8,ty,0.020,100.000,87.500
scene-1094_009,5,Pedestrian,vru,19.320,8,ty,0.050,100.000,87.500
scene-1094_009,5,Pedestrian,vru,19.320,8,ty,0.100,100.000,87.500
scene-1094_009,6,Pedestrian,vru,11.217,27,yaw,0.000,100.000,100.000
scene-1094_009,6,Pedestrian,vru,11.217,27,yaw,0.500,100.000,100.000
scene-1094_009,6,Pedestrian,vru,11.217,27,yaw,1.000,100.000,96.296
scene-1094_009,6,Pedestrian,vru,11.217,27,yaw,2.000,100.000,88.889
scene-1094_009,6,Pedestrian,vru,11.217,27,yaw,3.000,100.000,37.037
scene-1094_009,6,Pedestrian,vru,11.217,27,pitch,0.000,100.000,100.000
scene-1094_009,6,Pedestrian,vru,11.217,27,pitch,0.500,100.000,96.296
scene-1094_009,6,Pedestrian,vru,11.217,27,pitch,1.000,100.000,96.296
scene-1094_009,6,Pedestrian,vru,11.217,27,pitch,2.000,100.000,96.296
scene-1094_009,6,Pedestrian,vru,11.217,27,pitch,3.000,100.000,96.296
scene-1094_009,6,Pedestrian,vru,11.217,27,roll,0.000,100.000,100.000
scene-1094_009,6,Pedestrian,vru,11.217,27,roll,0.500,100.000,96.296
scene-1094_009,6,Pedestrian,vru,11.217,27,roll,1.000,100.000,96.296
scene-1094_009,6,Pedestrian,vru,11.217,27,roll,2.000,100.000,55.556
scene-1094_009,6,Pedestrian,vru,11.217,27,roll,3.000,100.000,48.148
scene-1094_009,6,Pedestrian,vru,11.217,27,ty,0.000,100.000,100.000
scene-1094_009,6,Pedestrian,vru,11.217,27,ty,0.020,100.000,100.000
scene-1094_009,6,Pedestrian,vru,11.217,27,ty,0.050,100.000,100.000
scene-1094_009,6,Pedestrian,vru,11.217,27,ty,0.100,100.000,100.000
scene-1094_009,7,Bicycle,vru,23.561,6,yaw,0.000,100.000,100.000
scene-1094_009,7,Bicycle,vru,23.561,6,yaw,0.500,100.000,66.667
scene-1094_009,7,Bicycle,vru,23.561,6,yaw,1.000,100.000,66.667
scene-1094_009,7,Bicycle,vru,23.561,6,yaw,2.000,100.000,50.000
scene-1094_009,7,Bicycle,vru,23.561,6,yaw,3.000,100.000,16.667
scene-1094_009,7,Bicycle,vru,23.561,6,pitch,0.000,100.000,100.000
scene-1094_009,7,Bicycle,vru,23.561,6,pitch,0.500,100.000,100.000
scene-1094_009,7,Bicycle,vru,23.561,6,pitch,1.000,100.000,100.000
scene-1094_009,7,Bicycle,vru,23.561,6,pitch,2.000,100.000,100.000
scene-1094_009,7,Bicycle,vru,23.561,6,pitch,3.000,100.000,66.667
scene-1094_009,7,Bicycle,vru,23.561,6,roll,0.000,100.000,100.000
scene-1094_009,7,Bicycle,vru,23.561,6,roll,0.500,100.000,100.000
scene-1094_009,7,Bicycle,vru,23.561,6,roll,1.000,100.000,100.000
scene-1094_009,7,Bicycle,vru,23.561,6,roll,2.000,100.000,83.333
scene-1094_009,7,Bicycle,vru,23.561,6,roll,3.000,100.000,0.000
scene-1094_009,7,Bicycle,vru,23.561,6,ty,0.000,100.000,100.000
scene-1094_009,7,Bicycle,vru,23.561,6,ty,0.020,100.000,100.000
scene-1094_009,7,Bicycle,vru,23.561,6,ty,0.050,100.000,100.000
scene-1094_009,7,Bicycle,vru,23.561,6,ty,0.100,100.000,100.000
scene-1094_010,0,Pedestrian,vru,18.755,7,yaw,0.000,100.000,100.000
scene-1094_010,0,Pedestrian,vru,18.755,7,yaw,0.500,100.000,100.000
scene-1094_010,0,Pedestrian,vru,18.755,7,yaw,1.000,100.000,71.429
scene-1094_010,0,Pedestrian,vru,18.755,7,yaw,2.000,100.000,0.000
scene-1094_010,0,Pedestrian,vru,18.755,7,yaw,3.000,100.000,0.000
scene-1094_010,0,Pedestrian,vru,18.755,7,pitch,0.000,100.000,100.000
scene-1094_010,0,Pedestrian,vru,18.755,7,pitch,0.500,100.000,100.000
scene-1094_010,0,Pedestrian,vru,18.755,7,pitch,1.000,100.000,100.000
scene-1094_010,0,Pedestrian,vru,18.755,7,pitch,2.000,100.000,100.000
scene-1094_010,0,Pedestrian,vru,18.755,7,pitch,3.000,100.000,100.000
scene-1094_010,0,Pedestrian,vru,18.755,7,roll,0.000,100.000,100.000
scene-1094_010,0,Pedestrian,vru,18.755,7,roll,0.500,100.000,100.000
scene-1094_010,0,Pedestrian,vru,18.755,7,roll,1.000,100.000,71.429
scene-1094_010,0,Pedestrian,vru,18.755,7,roll,2.000,100.000,71.429
scene-1094_010,0,Pedestrian,vru,18.755,7,roll,3.000,100.000,28.571
scene-1094_010,0,Pedestrian,vru,18.755,7,ty,0.000,100.000,100.000
scene-1094_010,0,Pedestrian,vru,18.755,7,ty,0.020,100.000,100.000
scene-1094_010,0,Pedestrian,vru,18.755,7,ty,0.050,100.000,100.000
scene-1094_010,0,Pedestrian,vru,18.755,7,ty,0.100,100.000,100.000
scene-1094_010,1,Pedestrian,vru,27.940,5,yaw,0.000,100.000,100.000
scene-1094_010,1,Pedestrian,vru,27.940,5,yaw,0.500,100.000,100.000
scene-1094_010,1,Pedestrian,vru,27.940,5,yaw,1.000,100.000,40.000
scene-1094_010,1,Pedestrian,vru,27.940,5,yaw,2.000,100.000,0.000
scene-1094_010,1,Pedestrian,vru,27.940,5,yaw,3.000,100.000,0.000
scene-1094_010,1,Pedestrian,vru,27.940,5,pitch,0.000,100.000,100.000
scene-1094_010,1,Pedestrian,vru,27.940,5,pitch,0.500,100.000,100.000
scene-1094_010,1,Pedestrian,vru,27.940,5,pitch,1.000,100.000,100.000
scene-1094_010,1,Pedestrian,vru,27.940,5,pitch,2.000,100.000,100.000
scene-1094_010,1,Pedestrian,vru,27.940,5,pitch,3.000,100.000,80.000
scene-1094_010,1,Pedestrian,vru,27.940,5,roll,0.000,100.000,100.000
scene-1094_010,1,Pedestrian,vru,27.940,5,roll,0.500,100.000,100.000
scene-1094_010,1,Pedestrian,vru,27.940,5,roll,1.000,100.000,100.000
scene-1094_010,1,Pedestrian,vru,27.940,5,roll,2.000,100.000,60.000
scene-1094_010,1,Pedestrian,vru,27.940,5,roll,3.000,100.000,0.000
scene-1094_010,1,Pedestrian,vru,27.940,5,ty,0.000,100.000,100.000
scene-1094_010,1,Pedestrian,vru,27.940,5,ty,0.020,100.000,100.000
scene-1094_010,1,Pedestrian,vru,27.940,5,ty,0.050,100.000,100.000
scene-1094_010,1,Pedestrian,vru,27.940,5,ty,0.100,100.000,100.000
scene-1094_010,2,Car,car,26.387,24,yaw,0.000,100.000,100.000
scene-1094_010,2,Car,car,26.387,24,yaw,0.500,100.000,100.000
scene-1094_010,2,Car,car,26.387,24,yaw,1.000,100.000,100.000
scene-1094_010,2,Car,car,26.387,24,yaw,2.000,100.000,91.667
scene-1094_010,2,Car,car,26.387,24,yaw,3.000,100.000,66.667
scene-1094_010,2,Car,car,26.387,24,pitch,0.000,100.000,100.000
scene-1094_010,2,Car,car,26.387,24,pitch,0.500,100.000,100.000
scene-1094_010,2,Car,car,26.387,24,pitch,1.000,100.000,100.000
scene-1094_010,2,Car,car,26.387,24,pitch,2.000,100.000,100.000
scene-1094_010,2,Car,car,26.387,24,pitch,3.000,100.000,100.000
scene-1094_010,2,Car,car,26.387,24,roll,0.000,100.000,100.000
scene-1094_010,2,Car,car,26.387,24,roll,0.500,100.000,100.000
scene-1094_010,2,Car,car,26.387,24,roll,1.000,100.000,83.333
scene-1094_010,2,Car,car,26.387,24,roll,2.000,100.000,16.667
scene-1094_010,2,Car,car,26.387,24,roll,3.000,100.000,16.667
scene-1094_010,2,Car,car,26.387,24,ty,0.000,100.000,100.000
scene-1094_010,2,Car,car,26.387,24,ty,0.020,100.000,100.000
scene-1094_010,2,Car,car,26.387,24,ty,0.050,100.000,100.000
scene-1094_010,2,Car,car,26.387,24,ty,0.100,100.000,100.000
scene-1094_010,3,Pedestrian,vru,17.918,11,yaw,0.000,100.000,100.000
scene-1094_010,3,Pedestrian,vru,17.918,11,yaw,0.500,100.000,100.000
scene-1094_010,3,Pedestrian,vru,17.918,11,yaw,1.000,100.000,100.000
scene-1094_010,3,Pedestrian,vru,17.918,11,yaw,2.000,100.000,36.364
scene-1094_010,3,Pedestrian,vru,17.918,11,yaw,3.000,100.000,0.000
scene-1094_010,3,Pedestrian,vru,17.918,11,pitch,0.000,100.000,100.000
scene-1094_010,3,Pedestrian,vru,17.918,11,pitch,0.500,100.000,100.000
scene-1094_010,3,Pedestrian,vru,17.918,11,pitch,1.000,100.000,100.000
scene-1094_010,3,Pedestrian,vru,17.918,11,pitch,2.000,100.000,81.818
scene-1094_010,3,Pedestrian,vru,17.918,11,pitch,3.000,100.000,81.818
scene-1094_010,3,Pedestrian,vru,17.918,11,roll,0.000,100.000,100.000
scene-1094_010,3,Pedestrian,vru,17.918,11,roll,0.500,100.000,100.000
scene-1094_010,3,Pedestrian,vru,17.918,11,roll,1.000,100.000,63.636
scene-1094_010,3,Pedestrian,vru,17.918,11,roll,2.000,100.000,63.636
scene-1094_010,3,Pedestrian,vru,17.918,11,roll,3.000,100.000,36.364
scene-1094_010,3,Pedestrian,vru,17.918,11,ty,0.000,100.000,100.000
scene-1094_010,3,Pedestrian,vru,17.918,11,ty,0.020,100.000,100.000
scene-1094_010,3,Pedestrian,vru,17.918,11,ty,0.050,100.000,100.000
scene-1094_010,3,Pedestrian,vru,17.918,11,ty,0.100,100.000,100.000
scene-1094_010,4,Car,car,21.460,116,yaw,0.000,100.000,100.000
scene-1094_010,4,Car,car,21.460,116,yaw,0.500,100.000,100.000
scene-1094_010,4,Car,car,21.460,116,yaw,1.000,100.000,100.000
scene-1094_010,4,Car,car,21.460,116,yaw,2.000,100.000,95.690
scene-1094_010,4,Car,car,21.460,116,yaw,3.000,100.000,91.379
scene-1094_010,4,Car,car,21.460,116,pitch,0.000,100.000,100.000
scene-1094_010,4,Car,car,21.460,116,pitch,0.500,100.000,100.000
scene-1094_010,4,Car,car,21.460,116,pitch,1.000,100.000,100.000
scene-1094_010,4,Car,car,21.460,116,pitch,2.000,100.000,100.000
scene-1094_010,4,Car,car,21.460,116,pitch,3.000,100.000,100.000
scene-1094_010,4,Car,car,21.460,116,roll,0.000,100.000,100.000
scene-1094_010,4,Car,car,21.460,116,roll,0.500,100.000,100.000
scene-1094_010,4,Car,car,21.460,116,roll,1.000,100.000,100.000
scene-1094_010,4,Car,car,21.460,116,roll,2.000,100.000,100.000
scene-1094_010,4,Car,car,21.460,116,roll,3.000,100.000,74.138
scene-1094_010,4,Car,car,21.460,116,ty,0.000,100.000,100.000
scene-1094_010,4,Car,car,21.460,116,ty,0.020,100.000,100.000
scene-1094_010,4,Car,car,21.460,116,ty,0.050,100.000,100.000
scene-1094_010,4,Car,car,21.460,116,ty,0.100,100.000,100.000
scene-1094_010,5,Pedestrian,vru,10.319,39,yaw,0.000,100.000,100.000
scene-1094_010,5,Pedestrian,vru,10.319,39,yaw,0.500,100.000,100.000
scene-1094_010,5,Pedestrian,vru,10.319,39,yaw,1.000,100.000,100.000
scene-1094_010,5,Pedestrian,vru,10.319,39,yaw,2.000,100.000,92.308
scene-1094_010,5,Pedestrian,vru,10.319,39,yaw,3.000,100.000,53.846
scene-1094_010,5,Pedestrian,vru,10.319,39,pitch,0.000,100.000,100.000
scene-1094_010,5,Pedestrian,vru,10.319,39,pitch,0.500,100.000,100.000
scene-1094_010,5,Pedestrian,vru,10.319,39,pitch,1.000,100.000,100.000
scene-1094_010,5,Pedestrian,vru,10.319,39,pitch,2.000,100.000,100.000
scene-1094_010,5,Pedestrian,vru,10.319,39,pitch,3.000,100.000,100.000
scene-1094_010,5,Pedestrian,vru,10.319,39,roll,0.000,100.000,100.000
scene-1094_010,5,Pedestrian,vru,10.319,39,roll,0.500,100.000,100.000
scene-1094_010,5,Pedestrian,vru,10.319,39,roll,1.000,100.000,82.051
scene-1094_010,5,Pedestrian,vru,10.319,39,roll,2.000,100.000,56.410
scene-1094_010,5,Pedestrian,vru,10.319,39,roll,3.000,100.000,56.410
scene-1094_010,5,Pedestrian,vru,10.319,39,ty,0.000,100.000,100.000
scene-1094_010,5,Pedestrian,vru,10.319,39,ty,0.020,100.000,100.000
scene-1094_010,5,Pedestrian,vru,10.319,39,ty,0.050,100.000,100.000
scene-1094_010,5,Pedestrian,vru,10.319,39,ty,0.100,100.000,100.000
scene-1094_010,6,Bicycle,vru,21.940,20,yaw,0.000,100.000,25.000
scene-1094_010,6,Bicycle,vru,21.940,20,yaw,0.500,100.000,25.000
scene-1094_010,6,Bicycle,vru,21.940,20,yaw,1.000,100.000,25.000
scene-1094_010,6,Bicycle,vru,21.940,20,yaw,2.000,100.000,10.000
scene-1094_010,6,Bicycle,vru,21.940,20,yaw,3.000,100.000,10.000
scene-1094_010,6,Bicycle,vru,21.940,20,pitch,0.000,100.000,25.000
scene-1094_010,6,Bicycle,vru,21.940,20,pitch,0.500,100.000,25.000
scene-1094_010,6,Bicycle,vru,21.940,20,pitch,1.000,100.000,25.000
scene-1094_010,6,Bicycle,vru,21.940,20,pitch,2.000,100.000,25.000
scene-1094_010,6,Bicycle,vru,21.940,20,pitch,3.000,100.000,25.000
scene-1094_010,6,Bicycle,vru,21.940,20,roll,0.000,100.000,25.000
scene-1094_010,6,Bicycle,vru,21.940,20,roll,0.500,100.000,90.000
scene-1094_010,6,Bicycle,vru,21.940,20,roll,1.000,100.000,90.000
scene-1094_010,6,Bicycle,vru,21.940,20,roll,2.000,100.000,65.000
scene-1094_010,6,Bicycle,vru,21.940,20,roll,3.000,100.000,0.000
scene-1094_010,6,Bicycle,vru,21.940,20,ty,0.000,100.000,25.000
scene-1094_010,6,Bicycle,vru,21.940,20,ty,0.020,100.000,25.000
scene-1094_010,6,Bicycle,vru,21.940,20,ty,0.050,100.000,25.000
scene-1094_010,6,Bicycle,vru,21.940,20,ty,0.100,100.000,25.000
scene-1094_011,0,Car,car,14.988,121,yaw,0.000,99.174,99.174
scene-1094_011,0,Car,car,14.988,121,yaw,0.500,95.868,95.868
scene-1094_011,0,Car,car,14.988,121,yaw,1.000,91.736,91.736
scene-1094_011,0,Car,car,14.988,121,yaw,2.000,80.165,80.165
scene-1094_011,0,Car,car,14.988,121,yaw,3.000,71.074,71.074
scene-1094_011,0,Car,car,14.988,121,pitch,0.000,99.174,99.174
scene-1094_011,0,Car,car,14.988,121,pitch,0.500,99.174,99.174
scene-1094_011,0,Car,car,14.988,121,pitch,1.000,99.174,99.174
scene-1094_011,0,Car,car,14.988,121,pitch,2.000,99.174,99.174
scene-1094_011,0,Car,car,14.988,121,pitch,3.000,99.174,85.950
scene-1094_011,0,Car,car,14.988,121,roll,0.000,99.174,99.174
scene-1094_011,0,Car,car,14.988,121,roll,0.500,99.174,99.174
scene-1094_011,0,Car,car,14.988,121,roll,1.000,99.174,99.174
scene-1094_011,0,Car,car,14.988,121,roll,2.000,99.174,85.950
scene-1094_011,0,Car,car,14.988,121,roll,3.000,99.174,70.248
scene-1094_011,0,Car,car,14.988,121,ty,0.000,99.174,99.174
scene-1094_011,0,Car,car,14.988,121,ty,0.020,99.174,99.174
scene-1094_011,0,Car,car,14.988,121,ty,0.050,99.174,99.174
scene-1094_011,0,Car,car,14.988,121,ty,0.100,99.174,99.174
scene-1094_011,1,Pedestrian,vru,17.649,7,yaw,0.000,100.000,100.000
scene-1094_011,1,Pedestrian,vru,17.649,7,yaw,0.500,100.000,71.429
scene-1094_011,1,Pedestrian,vru,17.649,7,yaw,1.000,100.000,57.143
scene-1094_011,1,Pedestrian,vru,17.649,7,yaw,2.000,100.000,0.000
scene-1094_011,1,Pedestrian,vru,17.649,7,yaw,3.000,100.000,0.000
scene-1094_011,1,Pedestrian,vru,17.649,7,pitch,0.000,100.000,100.000
scene-1094_011,1,Pedestrian,vru,17.649,7,pitch,0.500,100.000,100.000
scene-1094_011,1,Pedestrian,vru,17.649,7,pitch,1.000,100.000,100.000
scene-1094_011,1,Pedestrian,vru,17.649,7,pitch,2.000,100.000,100.000
scene-1094_011,1,Pedestrian,vru,17.649,7,pitch,3.000,100.000,100.000
scene-1094_011,1,Pedestrian,vru,17.649,7,roll,0.000,100.000,100.000
scene-1094_011,1,Pedestrian,vru,17.649,7,roll,0.500,100.000,100.000
scene-1094_011,1,Pedestrian,vru,17.649,7,roll,1.000,100.000,71.429
scene-1094_011,1,Pedestrian,vru,17.649,7,roll,2.000,100.000,42.857
scene-1094_011,1,Pedestrian,vru,17.649,7,roll,3.000,100.000,42.857
scene-1094_011,1,Pedestrian,vru,17.649,7,ty,0.000,100.000,100.000
scene-1094_011,1,Pedestrian,vru,17.649,7,ty,0.020,100.000,100.000
scene-1094_011,1,Pedestrian,vru,17.649,7,ty,0.050,100.000,100.000
scene-1094_011,1,Pedestrian,vru,17.649,7,ty,0.100,100.000,100.000
scene-1094_011,2,Pedestrian,vru,17.931,9,yaw,0.000,100.000,88.889
scene-1094_011,2,Pedestrian,vru,17.931,9,yaw,0.500,100.000,100.000
scene-1094_011,2,Pedestrian,vru,17.931,9,yaw,1.000,100.000,100.000
scene-1094_011,2,Pedestrian,vru,17.931,9,yaw,2.000,100.000,11.111
scene-1094_011,2,Pedestrian,vru,17.931,9,yaw,3.000,100.000,0.000
scene-1094_011,2,Pedestrian,vru,17.931,9,pitch,0.000,100.000,88.889
scene-1094_011,2,Pedestrian,vru,17.931,9,pitch,0.500,100.000,88.889
scene-1094_011,2,Pedestrian,vru,17.931,9,pitch,1.000,100.000,88.889
scene-1094_011,2,Pedestrian,vru,17.931,9,pitch,2.000,100.000,88.889
scene-1094_011,2,Pedestrian,vru,17.931,9,pitch,3.000,100.000,100.000
scene-1094_011,2,Pedestrian,vru,17.931,9,roll,0.000,100.000,88.889
scene-1094_011,2,Pedestrian,vru,17.931,9,roll,0.500,100.000,88.889
scene-1094_011,2,Pedestrian,vru,17.931,9,roll,1.000,100.000,66.667
scene-1094_011,2,Pedestrian,vru,17.931,9,roll,2.000,100.000,66.667
scene-1094_011,2,Pedestrian,vru,17.931,9,roll,3.000,100.000,33.333
scene-1094_011,2,Pedestrian,vru,17.931,9,ty,0.000,100.000,88.889
scene-1094_011,2,Pedestrian,vru,17.931,9,ty,0.020,100.000,88.889
scene-1094_011,2,Pedestrian,vru,17.931,9,ty,0.050,100.000,88.889
scene-1094_011,2,Pedestrian,vru,17.931,9,ty,0.100,100.000,88.889
scene-1094_011,3,Car,car,25.110,33,yaw,0.000,100.000,100.000
scene-1094_011,3,Car,car,25.110,33,yaw,0.500,100.000,100.000
scene-1094_011,3,Car,car,25.110,33,yaw,1.000,100.000,100.000
scene-1094_011,3,Car,car,25.110,33,yaw,2.000,100.000,87.879
scene-1094_011,3,Car,car,25.110,33,yaw,3.000,100.000,72.727
scene-1094_011,3,Car,car,25.110,33,pitch,0.000,100.000,100.000
scene-1094_011,3,Car,car,25.110,33,pitch,0.500,100.000,100.000
scene-1094_011,3,Car,car,25.110,33,pitch,1.000,100.000,100.000
scene-1094_011,3,Car,car,25.110,33,pitch,2.000,100.000,100.000
scene-1094_011,3,Car,car,25.110,33,pitch,3.000,100.000,100.000
scene-1094_011,3,Car,car,25.110,33,roll,0.000,100.000,100.000
scene-1094_011,3,Car,car,25.110,33,roll,0.500,100.000,100.000
scene-1094_011,3,Car,car,25.110,33,roll,1.000,100.000,90.909
scene-1094_011,3,Car,car,25.110,33,roll,2.000,100.000,30.303
scene-1094_011,3,Car,car,25.110,33,roll,3.000,100.000,30.303
scene-1094_011,3,Car,car,25.110,33,ty,0.000,100.000,100.000
scene-1094_011,3,Car,car,25.110,33,ty,0.020,100.000,100.000
scene-1094_011,3,Car,car,25.110,33,ty,0.050,100.000,100.000
scene-1094_011,3,Car,car,25.110,33,ty,0.100,100.000,100.000
scene-1094_011,4,Car,car,20.976,121,yaw,0.000,100.000,100.000
scene-1094_011,4,Car,car,20.976,121,yaw,0.500,100.000,100.000
scene-1094_011,4,Car,car,20.976,121,yaw,1.000,100.000,98.347
scene-1094_011,4,Car,car,20.976,121,yaw,2.000,100.000,94.215
scene-1094_011,4,Car,car,20.976,121,yaw,3.000,100.000,89.256
scene-1094_011,4,Car,car,20.976,121,pitch,0.000,100.000,100.000
scene-1094_011,4,Car,car,20.976,121,pitch,0.500,100.000,100.000
scene-1094_011,4,Car,car,20.976,121,pitch,1.000,100.000,100.000
scene-1094_011,4,Car,car,20.976,121,pitch,2.000,100.000,100.000
scene-1094_011,4,Car,car,20.976,121,pitch,3.000,100.000,100.000
scene-1094_011,4,Car,car,20.976,121,roll,0.000,100.000,100.000
scene-1094_011,4,Car,car,20.976,121,roll,0.500,100.000,100.000
scene-1094_011,4,Car,car,20.976,121,roll,1.000,100.000,100.000
scene-1094_011,4,Car,car,20.976,121,roll,2.000,100.000,100.000
scene-1094_011,4,Car,car,20.976,121,roll,3.000,100.000,75.207
scene-1094_011,4,Car,car,20.976,121,ty,0.000,100.000,100.000
scene-1094_011,4,Car,car,20.976,121,ty,0.020,100.000,100.000
scene-1094_011,4,Car,car,20.976,121,ty,0.050,100.000,100.000
scene-1094_011,4,Car,car,20.976,121,ty,0.100,100.000,100.000
scene-1094_011,5,Pedestrian,vru,9.287,42,yaw,0.000,100.000,100.000
scene-1094_011,5,Pedestrian,vru,9.287,42,yaw,0.500,100.000,100.000
scene-1094_011,5,Pedestrian,vru,9.287,42,yaw,1.000,100.000,97.619
scene-1094_011,5,Pedestrian,vru,9.287,42,yaw,2.000,100.000,76.190
scene-1094_011,5,Pedestrian,vru,9.287,42,yaw,3.000,100.000,35.714
scene-1094_011,5,Pedestrian,vru,9.287,42,pitch,0.000,100.000,100.000
scene-1094_011,5,Pedestrian,vru,9.287,42,pitch,0.500,100.000,100.000
scene-1094_011,5,Pedestrian,vru,9.287,42,pitch,1.000,100.000,100.000
scene-1094_011,5,Pedestrian,vru,9.287,42,pitch,2.000,100.000,97.619
scene-1094_011,5,Pedestrian,vru,9.287,42,pitch,3.000,100.000,97.619
scene-1094_011,5,Pedestrian,vru,9.287,42,roll,0.000,100.000,100.000
scene-1094_011,5,Pedestrian,vru,9.287,42,roll,0.500,100.000,100.000
scene-1094_011,5,Pedestrian,vru,9.287,42,roll,1.000,100.000,85.714
scene-1094_011,5,Pedestrian,vru,9.287,42,roll,2.000,100.000,57.143
scene-1094_011,5,Pedestrian,vru,9.287,42,roll,3.000,100.000,50.000
scene-1094_011,5,Pedestrian,vru,9.287,42,ty,0.000,100.000,100.000
scene-1094_011,5,Pedestrian,vru,9.287,42,ty,0.020,100.000,100.000
scene-1094_011,5,Pedestrian,vru,9.287,42,ty,0.050,100.000,100.000
scene-1094_011,5,Pedestrian,vru,9.287,42,ty,0.100,100.000,100.000
scene-1094_011,6,Bicycle,vru,19.854,12,yaw,0.000,100.000,91.667
scene-1094_011,6,Bicycle,vru,19.854,12,yaw,0.500,100.000,91.667
scene-1094_011,6,Bicycle,vru,19.854,12,yaw,1.000,100.000,75.000
scene-1094_011,6,Bicycle,vru,19.854,12,yaw,2.000,100.000,75.000
scene-1094_011,6,Bicycle,vru,19.854,12,yaw,3.000,100.000,50.000
scene-1094_011,6,Bicycle,vru,19.854,12,pitch,0.000,100.000,91.667
scene-1094_011,6,Bicycle,vru,19.854,12,pitch,0.500,100.000,58.333
scene-1094_011,6,Bicycle,vru,19.854,12,pitch,1.000,100.000,33.333
scene-1094_011,6,Bicycle,vru,19.854,12,pitch,2.000,100.000,33.333
scene-1094_011,6,Bicycle,vru,19.854,12,pitch,3.000,100.000,33.333
scene-1094_011,6,Bicycle,vru,19.854,12,roll,0.000,100.000,91.667
scene-1094_011,6,Bicycle,vru,19.854,12,roll,0.500,100.000,91.667
scene-1094_011,6,Bicycle,vru,19.854,12,roll,1.000,100.000,91.667
scene-1094_011,6,Bicycle,vru,19.854,12,roll,2.000,100.000,58.333
scene-1094_011,6,Bicycle,vru,19.854,12,roll,3.000,100.000,0.000
scene-1094_011,6,Bicycle,vru,19.854,12,ty,0.000,100.000,91.667
scene-1094_011,6,Bicycle,vru,19.854,12,ty,0.020,100.000,91.667
scene-1094_011,6,Bicycle,vru,19.854,12,ty,0.050,100.000,91.667
scene-1094_011,6,Bicycle,vru,19.854,12,ty,0.100,100.000,91.667
scene-1094_012,0,Car,car,14.881,146,yaw,0.000,100.000,100.000
scene-1094_012,0,Car,car,14.881,146,yaw,0.500,100.000,99.315
scene-1094_012,0,Car,car,14.881,146,yaw,1.000,100.000,97.260
scene-1094_012,0,Car,car,14.881,146,yaw,2.000,100.000,87.671
scene-1094_012,0,Car,car,14.881,146,yaw,3.000,100.000,73.973
scene-1094_012,0,Car,car,14.881,146,pitch,0.000,100.000,100.000
scene-1094_012,0,Car,car,14.881,146,pitch,0.500,100.000,100.000
scene-1094_012,0,Car,car,14.881,146,pitch,1.000,100.000,100.000
scene-1094_012,0,Car,car,14.881,146,pitch,2.000,100.000,100.000
scene-1094_012,0,Car,car,14.881,146,pitch,3.000,100.000,100.000
scene-1094_012,0,Car,car,14.881,146,roll,0.000,100.000,100.000
scene-1094_012,0,Car,car,14.881,146,roll,0.500,100.000,100.000
scene-1094_012,0,Car,car,14.881,146,roll,1.000,100.000,100.000
scene-1094_012,0,Car,car,14.881,146,roll,2.000,100.000,86.301
scene-1094_012,0,Car,car,14.881,146,roll,3.000,100.000,71.918
scene-1094_012,0,Car,car,14.881,146,ty,0.000,100.000,100.000
scene-1094_012,0,Car,car,14.881,146,ty,0.020,100.000,100.000
scene-1094_012,0,Car,car,14.881,146,ty,0.050,100.000,100.000
scene-1094_012,0,Car,car,14.881,146,ty,0.100,100.000,100.000
scene-1094_012,1,Pedestrian,vru,16.335,8,yaw,0.000,100.000,100.000
scene-1094_012,1,Pedestrian,vru,16.335,8,yaw,0.500,100.000,100.000
scene-1094_012,1,Pedestrian,vru,16.335,8,yaw,1.000,100.000,75.000
scene-1094_012,1,Pedestrian,vru,16.335,8,yaw,2.000,100.000,0.000
scene-1094_012,1,Pedestrian,vru,16.335,8,yaw,3.000,100.000,0.000
scene-1094_012,1,Pedestrian,vru,16.335,8,pitch,0.000,100.000,100.000
scene-1094_012,1,Pedestrian,vru,16.335,8,pitch,0.500,100.000,100.000
scene-1094_012,1,Pedestrian,vru,16.335,8,pitch,1.000,100.000,100.000
scene-1094_012,1,Pedestrian,vru,16.335,8,pitch,2.000,100.000,75.000
scene-1094_012,1,Pedestrian,vru,16.335,8,pitch,3.000,100.000,75.000
scene-1094_012,1,Pedestrian,vru,16.335,8,roll,0.000,100.000,100.000
scene-1094_012,1,Pedestrian,vru,16.335,8,roll,0.500,100.000,100.000
scene-1094_012,1,Pedestrian,vru,16.335,8,roll,1.000,100.000,100.000
scene-1094_012,1,Pedestrian,vru,16.335,8,roll,2.000,100.000,87.500
scene-1094_012,1,Pedestrian,vru,16.335,8,roll,3.000,100.000,50.000
scene-1094_012,1,Pedestrian,vru,16.335,8,ty,0.000,100.000,100.000
scene-1094_012,1,Pedestrian,vru,16.335,8,ty,0.020,100.000,100.000
scene-1094_012,1,Pedestrian,vru,16.335,8,ty,0.050,100.000,100.000
scene-1094_012,1,Pedestrian,vru,16.335,8,ty,0.100,100.000,100.000
scene-1094_012,2,Pedestrian,vru,16.664,6,yaw,0.000,100.000,100.000
scene-1094_012,2,Pedestrian,vru,16.664,6,yaw,0.500,100.000,100.000
scene-1094_012,2,Pedestrian,vru,16.664,6,yaw,1.000,100.000,83.333
scene-1094_012,2,Pedestrian,vru,16.664,6,yaw,2.000,100.000,16.667
scene-1094_012,2,Pedestrian,vru,16.664,6,yaw,3.000,100.000,0.000
scene-1094_012,2,Pedestrian,vru,16.664,6,pitch,0.000,100.000,100.000
scene-1094_012,2,Pedestrian,vru,16.664,6,pitch,0.500,100.000,100.000
scene-1094_012,2,Pedestrian,vru,16.664,6,pitch,1.000,100.000,100.000
scene-1094_012,2,Pedestrian,vru,16.664,6,pitch,2.000,100.000,100.000
scene-1094_012,2,Pedestrian,vru,16.664,6,pitch,3.000,100.000,83.333
scene-1094_012,2,Pedestrian,vru,16.664,6,roll,0.000,100.000,100.000
scene-1094_012,2,Pedestrian,vru,16.664,6,roll,0.500,100.000,100.000
scene-1094_012,2,Pedestrian,vru,16.664,6,roll,1.000,100.000,100.000
scene-1094_012,2,Pedestrian,vru,16.664,6,roll,2.000,100.000,100.000
scene-1094_012,2,Pedestrian,vru,16.664,6,roll,3.000,100.000,50.000
scene-1094_012,2,Pedestrian,vru,16.664,6,ty,0.000,100.000,100.000
scene-1094_012,2,Pedestrian,vru,16.664,6,ty,0.020,100.000,100.000
scene-1094_012,2,Pedestrian,vru,16.664,6,ty,0.050,100.000,100.000
scene-1094_012,2,Pedestrian,vru,16.664,6,ty,0.100,100.000,100.000
scene-1094_012,3,Car,car,23.351,32,yaw,0.000,100.000,100.000
scene-1094_012,3,Car,car,23.351,32,yaw,0.500,100.000,100.000
scene-1094_012,3,Car,car,23.351,32,yaw,1.000,100.000,100.000
scene-1094_012,3,Car,car,23.351,32,yaw,2.000,100.000,93.750
scene-1094_012,3,Car,car,23.351,32,yaw,3.000,100.000,78.125
scene-1094_012,3,Car,car,23.351,32,pitch,0.000,100.000,100.000
scene-1094_012,3,Car,car,23.351,32,pitch,0.500,100.000,100.000
scene-1094_012,3,Car,car,23.351,32,pitch,1.000,100.000,100.000
scene-1094_012,3,Car,car,23.351,32,pitch,2.000,100.000,96.875
scene-1094_012,3,Car,car,23.351,32,pitch,3.000,100.000,87.500
scene-1094_012,3,Car,car,23.351,32,roll,0.000,100.000,100.000
scene-1094_012,3,Car,car,23.351,32,roll,0.500,100.000,100.000
scene-1094_012,3,Car,car,23.351,32,roll,1.000,100.000,90.625
scene-1094_012,3,Car,car,23.351,32,roll,2.000,100.000,90.625
scene-1094_012,3,Car,car,23.351,32,roll,3.000,100.000,12.500
scene-1094_012,3,Car,car,23.351,32,ty,0.000,100.000,100.000
scene-1094_012,3,Car,car,23.351,32,ty,0.020,100.000,100.000
scene-1094_012,3,Car,car,23.351,32,ty,0.050,100.000,100.000
scene-1094_012,3,Car,car,23.351,32,ty,0.100,100.000,100.000
scene-1094_012,4,Car,car,20.496,129,yaw,0.000,100.000,100.000
scene-1094_012,4,Car,car,20.496,129,yaw,0.500,100.000,100.000
scene-1094_012,4,Car,car,20.496,129,yaw,1.000,100.000,100.000
scene-1094_012,4,Car,car,20.496,129,yaw,2.000,100.000,97.674
scene-1094_012,4,Car,car,20.496,129,yaw,3.000,100.000,92.248
scene-1094_012,4,Car,car,20.496,129,pitch,0.000,100.000,100.000
scene-1094_012,4,Car,car,20.496,129,pitch,0.500,100.000,100.000
scene-1094_012,4,Car,car,20.496,129,pitch,1.000,100.000,100.000
scene-1094_012,4,Car,car,20.496,129,pitch,2.000,100.000,100.000
scene-1094_012,4,Car,car,20.496,129,pitch,3.000,100.000,100.000
scene-1094_012,4,Car,car,20.496,129,roll,0.000,100.000,100.000
scene-1094_012,4,Car,car,20.496,129,roll,0.500,100.000,100.000
scene-1094_012,4,Car,car,20.496,129,roll,1.000,100.000,100.000
scene-1094_012,4,Car,car,20.496,129,roll,2.000,100.000,100.000
scene-1094_012,4,Car,car,20.496,129,roll,3.000,100.000,73.643
scene-1094_012,4,Car,car,20.496,129,ty,0.000,100.000,100.000
scene-1094_012,4,Car,car,20.496,129,ty,0.020,100.000,100.000
scene-1094_012,4,Car,car,20.496,129,ty,0.050,100.000,100.000
scene-1094_012,4,Car,car,20.496,129,ty,0.100,100.000,100.000
scene-1094_012,5,Pedestrian,vru,7.938,50,yaw,0.000,100.000,100.000
scene-1094_012,5,Pedestrian,vru,7.938,50,yaw,0.500,100.000,100.000
scene-1094_012,5,Pedestrian,vru,7.938,50,yaw,1.000,100.000,100.000
scene-1094_012,5,Pedestrian,vru,7.938,50,yaw,2.000,100.000,92.000
scene-1094_012,5,Pedestrian,vru,7.938,50,yaw,3.000,100.000,68.000
scene-1094_012,5,Pedestrian,vru,7.938,50,pitch,0.000,100.000,100.000
scene-1094_012,5,Pedestrian,vru,7.938,50,pitch,0.500,100.000,100.000
scene-1094_012,5,Pedestrian,vru,7.938,50,pitch,1.000,100.000,100.000
scene-1094_012,5,Pedestrian,vru,7.938,50,pitch,2.000,100.000,100.000
scene-1094_012,5,Pedestrian,vru,7.938,50,pitch,3.000,100.000,96.000
scene-1094_012,5,Pedestrian,vru,7.938,50,roll,0.000,100.000,100.000
scene-1094_012,5,Pedestrian,vru,7.938,50,roll,0.500,100.000,100.000
scene-1094_012,5,Pedestrian,vru,7.938,50,roll,1.000,100.000,100.000
scene-1094_012,5,Pedestrian,vru,7.938,50,roll,2.000,100.000,84.000
scene-1094_012,5,Pedestrian,vru,7.938,50,roll,3.000,100.000,52.000
scene-1094_012,5,Pedestrian,vru,7.938,50,ty,0.000,100.000,100.000
scene-1094_012,5,Pedestrian,vru,7.938,50,ty,0.020,100.000,100.000
scene-1094_012,5,Pedestrian,vru,7.938,50,ty,0.050,100.000,100.000
scene-1094_012,5,Pedestrian,vru,7.938,50,ty,0.100,100.000,100.000
scene-1094_013,0,Car,car,14.268,148,yaw,0.000,100.000,100.000
scene-1094_013,0,Car,car,14.268,148,yaw,0.500,100.000,100.000
scene-1094_013,0,Car,car,14.268,148,yaw,1.000,100.000,97.973
scene-1094_013,0,Car,car,14.268,148,yaw,2.000,100.000,89.189
scene-1094_013,0,Car,car,14.268,148,yaw,3.000,100.000,78.378
scene-1094_013,0,Car,car,14.268,148,pitch,0.000,100.000,100.000
scene-1094_013,0,Car,car,14.268,148,pitch,0.500,100.000,100.000
scene-1094_013,0,Car,car,14.268,148,pitch,1.000,100.000,100.000
scene-1094_013,0,Car,car,14.268,148,pitch,2.000,100.000,100.000
scene-1094_013,0,Car,car,14.268,148,pitch,3.000,100.000,100.000
scene-1094_013,0,Car,car,14.268,148,roll,0.000,100.000,100.000
scene-1094_013,0,Car,car,14.268,148,roll,0.500,100.000,100.000
scene-1094_013,0,Car,car,14.268,148,roll,1.000,100.000,100.000
scene-1094_013,0,Car,car,14.268,148,roll,2.000,100.000,100.000
scene-1094_013,0,Car,car,14.268,148,roll,3.000,100.000,91.892
scene-1094_013,0,Car,car,14.268,148,ty,0.000,100.000,100.000
scene-1094_013,0,Car,car,14.268,148,ty,0.020,100.000,100.000
scene-1094_013,0,Car,car,14.268,148,ty,0.050,100.000,100.000
scene-1094_013,0,Car,car,14.268,148,ty,0.100,100.000,100.000
scene-1094_013,1,Car,car,27.530,6,yaw,0.000,100.000,100.000
scene-1094_013,1,Car,car,27.530,6,yaw,0.500,100.000,100.000
scene-1094_013,1,Car,car,27.530,6,yaw,1.000,100.000,100.000
scene-1094_013,1,Car,car,27.530,6,yaw,2.000,100.000,100.000
scene-1094_013,1,Car,car,27.530,6,yaw,3.000,100.000,100.000
scene-1094_013,1,Car,car,27.530,6,pitch,0.000,100.000,100.000
scene-1094_013,1,Car,car,27.530,6,pitch,0.500,100.000,100.000
scene-1094_013,1,Car,car,27.530,6,pitch,1.000,100.000,100.000
scene-1094_013,1,Car,car,27.530,6,pitch,2.000,100.000,100.000
scene-1094_013,1,Car,car,27.530,6,pitch,3.000,100.000,100.000
scene-1094_013,1,Car,car,27.530,6,roll,0.000,100.000,100.000
scene-1094_013,1,Car,car,27.530,6,roll,0.500,100.000,100.000
scene-1094_013,1,Car,car,27.530,6,roll,1.000,100.000,100.000
scene-1094_013,1,Car,car,27.530,6,roll,2.000,100.000,100.000
scene-1094_013,1,Car,car,27.530,6,roll,3.000,100.000,0.000
scene-1094_013,1,Car,car,27.530,6,ty,0.000,100.000,100.000
scene-1094_013,1,Car,car,27.530,6,ty,0.020,100.000,100.000
scene-1094_013,1,Car,car,27.530,6,ty,0.050,100.000,100.000
scene-1094_013,1,Car,car,27.530,6,ty,0.100,100.000,100.000
scene-1094_013,2,Pedestrian,vru,14.487,5,yaw,0.000,100.000,100.000
scene-1094_013,2,Pedestrian,vru,14.487,5,yaw,0.500,100.000,100.000
scene-1094_013,2,Pedestrian,vru,14.487,5,yaw,1.000,100.000,100.000
scene-1094_013,2,Pedestrian,vru,14.487,5,yaw,2.000,100.000,40.000
scene-1094_013,2,Pedestrian,vru,14.487,5,yaw,3.000,100.000,0.000
scene-1094_013,2,Pedestrian,vru,14.487,5,pitch,0.000,100.000,100.000
scene-1094_013,2,Pedestrian,vru,14.487,5,pitch,0.500,100.000,100.000
scene-1094_013,2,Pedestrian,vru,14.487,5,pitch,1.000,100.000,100.000
scene-1094_013,2,Pedestrian,vru,14.487,5,pitch,2.000,100.000,100.000
scene-1094_013,2,Pedestrian,vru,14.487,5,pitch,3.000,100.000,100.000
scene-1094_013,2,Pedestrian,vru,14.487,5,roll,0.000,100.000,100.000
scene-1094_013,2,Pedestrian,vru,14.487,5,roll,0.500,100.000,100.000
scene-1094_013,2,Pedestrian,vru,14.487,5,roll,1.000,100.000,100.000
scene-1094_013,2,Pedestrian,vru,14.487,5,roll,2.000,100.000,80.000
scene-1094_013,2,Pedestrian,vru,14.487,5,roll,3.000,100.000,80.000
scene-1094_013,2,Pedestrian,vru,14.487,5,ty,0.000,100.000,100.000
scene-1094_013,2,Pedestrian,vru,14.487,5,ty,0.020,100.000,100.000
scene-1094_013,2,Pedestrian,vru,14.487,5,ty,0.050,100.000,100.000
scene-1094_013,2,Pedestrian,vru,14.487,5,ty,0.100,100.000,100.000
scene-1094_013,3,Car,car,20.474,30,yaw,0.000,100.000,96.667
scene-1094_013,3,Car,car,20.474,30,yaw,0.500,100.000,96.667
scene-1094_013,3,Car,car,20.474,30,yaw,1.000,100.000,96.667
scene-1094_013,3,Car,car,20.474,30,yaw,2.000,100.000,86.667
scene-1094_013,3,Car,car,20.474,30,yaw,3.000,100.000,70.000
scene-1094_013,3,Car,car,20.474,30,pitch,0.000,100.000,96.667
scene-1094_013,3,Car,car,20.474,30,pitch,0.500,100.000,96.667
scene-1094_013,3,Car,car,20.474,30,pitch,1.000,100.000,96.667
scene-1094_013,3,Car,car,20.474,30,pitch,2.000,100.000,96.667
scene-1094_013,3,Car,car,20.474,30,pitch,3.000,100.000,53.333
scene-1094_013,3,Car,car,20.474,30,roll,0.000,100.000,96.667
scene-1094_013,3,Car,car,20.474,30,roll,0.500,100.000,100.000
scene-1094_013,3,Car,car,20.474,30,roll,1.000,100.000,100.000
scene-1094_013,3,Car,car,20.474,30,roll,2.000,100.000,86.667
scene-1094_013,3,Car,car,20.474,30,roll,3.000,100.000,86.667
scene-1094_013,3,Car,car,20.474,30,ty,0.000,100.000,96.667
scene-1094_013,3,Car,car,20.474,30,ty,0.020,100.000,96.667
scene-1094_013,3,Car,car,20.474,30,ty,0.050,100.000,96.667
scene-1094_013,3,Car,car,20.474,30,ty,0.100,100.000,96.667
scene-1094_013,4,Car,car,19.342,169,yaw,0.000,100.000,100.000
scene-1094_013,4,Car,car,19.342,169,yaw,0.500,100.000,100.000
scene-1094_013,4,Car,car,19.342,169,yaw,1.000,100.000,100.000
scene-1094_013,4,Car,car,19.342,169,yaw,2.000,100.000,98.225
scene-1094_013,4,Car,car,19.342,169,yaw,3.000,100.000,92.899
scene-1094_013,4,Car,car,19.342,169,pitch,0.000,100.000,100.000
scene-1094_013,4,Car,car,19.342,169,pitch,0.500,100.000,100.000
scene-1094_013,4,Car,car,19.342,169,pitch,1.000,100.000,100.000
scene-1094_013,4,Car,car,19.342,169,pitch,2.000,100.000,100.000
scene-1094_013,4,Car,car,19.342,169,pitch,3.000,100.000,100.000
scene-1094_013,4,Car,car,19.342,169,roll,0.000,100.000,100.000
scene-1094_013,4,Car,car,19.342,169,roll,0.500,100.000,100.000
scene-1094_013,4,Car,car,19.342,169,roll,1.000,100.000,100.000
scene-1094_013,4,Car,car,19.342,169,roll,2.000,100.000,100.000
scene-1094_013,4,Car,car,19.342,169,roll,3.000,100.000,77.515
scene-1094_013,4,Car,car,19.342,169,ty,0.000,100.000,100.000
scene-1094_013,4,Car,car,19.342,169,ty,0.020,100.000,100.000
scene-1094_013,4,Car,car,19.342,169,ty,0.050,100.000,100.000
scene-1094_013,4,Car,car,19.342,169,ty,0.100,100.000,100.000
scene-1094_014,0,Car,car,12.738,202,yaw,0.000,100.000,100.000
scene-1094_014,0,Car,car,12.738,202,yaw,0.500,100.000,100.000
scene-1094_014,0,Car,car,12.738,202,yaw,1.000,100.000,98.020
scene-1094_014,0,Car,car,12.738,202,yaw,2.000,100.000,90.099
scene-1094_014,0,Car,car,12.738,202,yaw,3.000,100.000,81.188
scene-1094_014,0,Car,car,12.738,202,pitch,0.000,100.000,100.000
scene-1094_014,0,Car,car,12.738,202,pitch,0.500,100.000,100.000
scene-1094_014,0,Car,car,12.738,202,pitch,1.000,100.000,100.000
scene-1094_014,0,Car,car,12.738,202,pitch,2.000,100.000,100.000
scene-1094_014,0,Car,car,12.738,202,pitch,3.000,100.000,96.535
scene-1094_014,0,Car,car,12.738,202,roll,0.000,100.000,100.000
scene-1094_014,0,Car,car,12.738,202,roll,0.500,100.000,100.000
scene-1094_014,0,Car,car,12.738,202,roll,1.000,100.000,100.000
scene-1094_014,0,Car,car,12.738,202,roll,2.000,100.000,100.000
scene-1094_014,0,Car,car,12.738,202,roll,3.000,100.000,92.574
scene-1094_014,0,Car,car,12.738,202,ty,0.000,100.000,100.000
scene-1094_014,0,Car,car,12.738,202,ty,0.020,100.000,100.000
scene-1094_014,0,Car,car,12.738,202,ty,0.050,100.000,100.000
scene-1094_014,0,Car,car,12.738,202,ty,0.100,100.000,100.000
scene-1094_014,1,Car,car,27.803,14,yaw,0.000,100.000,100.000
scene-1094_014,1,Car,car,27.803,14,yaw,0.500,100.000,100.000
scene-1094_014,1,Car,car,27.803,14,yaw,1.000,100.000,100.000
scene-1094_014,1,Car,car,27.803,14,yaw,2.000,100.000,92.857
scene-1094_014,1,Car,car,27.803,14,yaw,3.000,100.000,78.571
scene-1094_014,1,Car,car,27.803,14,pitch,0.000,100.000,100.000
scene-1094_014,1,Car,car,27.803,14,pitch,0.500,100.000,100.000
scene-1094_014,1,Car,car,27.803,14,pitch,1.000,100.000,100.000
scene-1094_014,1,Car,car,27.803,14,pitch,2.000,100.000,100.000
scene-1094_014,1,Car,car,27.803,14,pitch,3.000,100.000,100.000
scene-1094_014,1,Car,car,27.803,14,roll,0.000,100.000,100.000
scene-1094_014,1,Car,car,27.803,14,roll,0.500,100.000,100.000
scene-1094_014,1,Car,car,27.803,14,roll,1.000,100.000,100.000
scene-1094_014,1,Car,car,27.803,14,roll,2.000,100.000,100.000
scene-1094_014,1,Car,car,27.803,14,roll,3.000,100.000,7.143
scene-1094_014,1,Car,car,27.803,14,ty,0.000,100.000,100.000
scene-1094_014,1,Car,car,27.803,14,ty,0.020,100.000,100.000
scene-1094_014,1,Car,car,27.803,14,ty,0.050,100.000,100.000
scene-1094_014,1,Car,car,27.803,14,ty,0.100,100.000,100.000
scene-1094_014,2,Car,car,12.291,120,yaw,0.000,100.000,100.000
scene-1094_014,2,Car,car,12.291,120,yaw,0.500,100.000,97.500
scene-1094_014,2,Car,car,12.291,120,yaw,1.000,100.000,93.333
scene-1094_014,2,Car,car,12.291,120,yaw,2.000,100.000,82.500
scene-1094_014,2,Car,car,12.291,120,yaw,3.000,100.000,74.167
scene-1094_014,2,Car,car,12.291,120,pitch,0.000,100.000,100.000
scene-1094_014,2,Car,car,12.291,120,pitch,0.500,100.000,100.000
scene-1094_014,2,Car,car,12.291,120,pitch,1.000,100.000,100.000
scene-1094_014,2,Car,car,12.291,120,pitch,2.000,100.000,99.167
scene-1094_014,2,Car,car,12.291,120,pitch,3.000,100.000,99.167
scene-1094_014,2,Car,car,12.291,120,roll,0.000,100.000,100.000
scene-1094_014,2,Car,car,12.291,120,roll,0.500,100.000,100.000
scene-1094_014,2,Car,car,12.291,120,roll,1.000,100.000,100.000
scene-1094_014,2,Car,car,12.291,120,roll,2.000,100.000,84.167
scene-1094_014,2,Car,car,12.291,120,roll,3.000,100.000,84.167
scene-1094_014,2,Car,car,12.291,120,ty,0.000,100.000,100.000
scene-1094_014,2,Car,car,12.291,120,ty,0.020,100.000,100.000
scene-1094_014,2,Car,car,12.291,120,ty,0.050,100.000,100.000
scene-1094_014,2,Car,car,12.291,120,ty,0.100,100.000,100.000
scene-1094_014,3,Car,car,16.890,217,yaw,0.000,100.000,100.000
scene-1094_014,3,Car,car,16.890,217,yaw,0.500,100.000,100.000
scene-1094_014,3,Car,car,16.890,217,yaw,1.000,100.000,100.000
scene-1094_014,3,Car,car,16.890,217,yaw,2.000,100.000,98.157
scene-1094_014,3,Car,car,16.890,217,yaw,3.000,100.000,94.470
scene-1094_014,3,Car,car,16.890,217,pitch,0.000,100.000,100.000
scene-1094_014,3,Car,car,16.890,217,pitch,0.500,100.000,100.000
scene-1094_014,3,Car,car,16.890,217,pitch,1.000,100.000,99.078
scene-1094_014,3,Car,car,16.890,217,pitch,2.000,100.000,89.401
scene-1094_014,3,Car,car,16.890,217,pitch,3.000,100.000,89.401
scene-1094_014,3,Car,car,16.890,217,roll,0.000,100.000,100.000
scene-1094_014,3,Car,car,16.890,217,roll,0.500,100.000,100.000
scene-1094_014,3,Car,car,16.890,217,roll,1.000,100.000,100.000
scene-1094_014,3,Car,car,16.890,217,roll,2.000,100.000,100.000
scene-1094_014,3,Car,car,16.890,217,roll,3.000,100.000,95.392
scene-1094_014,3,Car,car,16.890,217,ty,0.000,100.000,100.000
scene-1094_014,3,Car,car,16.890,217,ty,0.020,100.000,100.000
scene-1094_014,3,Car,car,16.890,217,ty,0.050,100.000,100.000
scene-1094_014,3,Car,car,16.890,217,ty,0.100,100.000,100.000
scene-1094_015,0,Car,car,10.128,305,yaw,0.000,95.082,95.082
scene-1094_015,0,Car,car,10.128,305,yaw,0.500,98.361,98.361
scene-1094_015,0,Car,car,10.128,305,yaw,1.000,100.000,99.016
scene-1094_015,0,Car,car,10.128,305,yaw,2.000,100.000,94.754
scene-1094_015,0,Car,car,10.128,305,yaw,3.000,100.000,88.525
scene-1094_015,0,Car,car,10.128,305,pitch,0.000,95.082,95.082
scene-1094_015,0,Car,car,10.128,305,pitch,0.500,95.410,94.426
scene-1094_015,0,Car,car,10.128,305,pitch,1.000,95.738,92.459
scene-1094_015,0,Car,car,10.128,305,pitch,2.000,96.721,92.459
scene-1094_015,0,Car,car,10.128,305,pitch,3.000,96.721,89.180
scene-1094_015,0,Car,car,10.128,305,roll,0.000,95.082,95.082
scene-1094_015,0,Car,car,10.128,305,roll,0.500,95.082,95.082
scene-1094_015,0,Car,car,10.128,305,roll,1.000,95.410,95.082
scene-1094_015,0,Car,car,10.128,305,roll,2.000,95.738,94.754
scene-1094_015,0,Car,car,10.128,305,roll,3.000,95.738,91.148
scene-1094_015,0,Car,car,10.128,305,ty,0.000,95.082,95.082
scene-1094_015,0,Car,car,10.128,305,ty,0.020,96.066,95.082
scene-1094_015,0,Car,car,10.128,305,ty,0.050,96.393,96.393
scene-1094_015,0,Car,car,10.128,305,ty,0.100,96.721,96.721
scene-1094_015,1,Car,car,26.149,18,yaw,0.000,100.000,100.000
scene-1094_015,1,Car,car,26.149,18,yaw,0.500,100.000,100.000
scene-1094_015,1,Car,car,26.149,18,yaw,1.000,100.000,100.000
scene-1094_015,1,Car,car,26.149,18,yaw,2.000,100.000,88.889
scene-1094_015,1,Car,car,26.149,18,yaw,3.000,100.000,83.333
scene-1094_015,1,Car,car,26.149,18,pitch,0.000,100.000,100.000
scene-1094_015,1,Car,car,26.149,18,pitch,0.500,100.000,100.000
scene-1094_015,1,Car,car,26.149,18,pitch,1.000,100.000,100.000
scene-1094_015,1,Car,car,26.149,18,pitch,2.000,100.000,100.000
scene-1094_015,1,Car,car,26.149,18,pitch,3.000,100.000,100.000
scene-1094_015,1,Car,car,26.149,18,roll,0.000,100.000,100.000
scene-1094_015,1,Car,car,26.149,18,roll,0.500,100.000,100.000
scene-1094_015,1,Car,car,26.149,18,roll,1.000,100.000,100.000
scene-1094_015,1,Car,car,26.149,18,roll,2.000,100.000,100.000
scene-1094_015,1,Car,car,26.149,18,roll,3.000,100.000,11.111
scene-1094_015,1,Car,car,26.149,18,ty,0.000,100.000,100.000
scene-1094_015,1,Car,car,26.149,18,ty,0.020,100.000,100.000
scene-1094_015,1,Car,car,26.149,18,ty,0.050,100.000,100.000
scene-1094_015,1,Car,car,26.149,18,ty,0.100,100.000,100.000
scene-1094_015,2,Car,car,14.379,95,yaw,0.000,100.000,100.000
scene-1094_015,2,Car,car,14.379,95,yaw,0.500,100.000,95.789
scene-1094_015,2,Car,car,14.379,95,yaw,1.000,100.000,87.368
scene-1094_015,2,Car,car,14.379,95,yaw,2.000,100.000,82.105
scene-1094_015,2,Car,car,14.379,95,yaw,3.000,100.000,67.368
scene-1094_015,2,Car,car,14.379,95,pitch,0.000,100.000,100.000
scene-1094_015,2,Car,car,14.379,95,pitch,0.500,100.000,100.000
scene-1094_015,2,Car,car,14.379,95,pitch,1.000,100.000,98.947
scene-1094_015,2,Car,car,14.379,95,pitch,2.000,100.000,97.895
scene-1094_015,2,Car,car,14.379,95,pitch,3.000,100.000,97.895
scene-1094_015,2,Car,car,14.379,95,roll,0.000,100.000,100.000
scene-1094_015,2,Car,car,14.379,95,roll,0.500,100.000,100.000
scene-1094_015,2,Car,car,14.379,95,roll,1.000,100.000,100.000
scene-1094_015,2,Car,car,14.379,95,roll,2.000,100.000,87.368
scene-1094_015,2,Car,car,14.379,95,roll,3.000,100.000,70.526
scene-1094_015,2,Car,car,14.379,95,ty,0.000,100.000,100.000
scene-1094_015,2,Car,car,14.379,95,ty,0.020,100.000,100.000
scene-1094_015,2,Car,car,14.379,95,ty,0.050,100.000,100.000
scene-1094_015,2,Car,car,14.379,95,ty,0.100,100.000,100.000
scene-1094_015,3,Car,car,18.866,28,yaw,0.000,100.000,100.000
scene-1094_015,3,Car,car,18.866,28,yaw,0.500,100.000,92.857
scene-1094_015,3,Car,car,18.866,28,yaw,1.000,100.000,85.714
scene-1094_015,3,Car,car,18.866,28,yaw,2.000,100.000,71.429
scene-1094_015,3,Car,car,18.866,28,yaw,3.000,100.000,50.000
scene-1094_015,3,Car,car,18.866,28,pitch,0.000,100.000,100.000
scene-1094_015,3,Car,car,18.866,28,pitch,0.500,100.000,100.000
scene-1094_015,3,Car,car,18.866,28,pitch,1.000,100.000,100.000
scene-1094_015,3,Car,car,18.866,28,pitch,2.000,100.000,100.000
scene-1094_015,3,Car,car,18.866,28,pitch,3.000,100.000,100.000
scene-1094_015,3,Car,car,18.866,28,roll,0.000,100.000,100.000
scene-1094_015,3,Car,car,18.866,28,roll,0.500,100.000,100.000
scene-1094_015,3,Car,car,18.866,28,roll,1.000,100.000,100.000
scene-1094_015,3,Car,car,18.866,28,roll,2.000,100.000,89.286
scene-1094_015,3,Car,car,18.866,28,roll,3.000,100.000,42.857
scene-1094_015,3,Car,car,18.866,28,ty,0.000,100.000,100.000
scene-1094_015,3,Car,car,18.866,28,ty,0.020,100.000,100.000
scene-1094_015,3,Car,car,18.866,28,ty,0.050,100.000,100.000
scene-1094_015,3,Car,car,18.866,28,ty,0.100,100.000,100.000
scene-1094_016,0,Car,car,23.055,22,yaw,0.000,100.000,100.000
scene-1094_016,0,Car,car,23.055,22,yaw,0.500,100.000,100.000
scene-1094_016,0,Car,car,23.055,22,yaw,1.000,100.000,100.000
scene-1094_016,0,Car,car,23.055,22,yaw,2.000,100.000,86.364
scene-1094_016,0,Car,car,23.055,22,yaw,3.000,100.000,72.727
scene-1094_016,0,Car,car,23.055,22,pitch,0.000,100.000,100.000
scene-1094_016,0,Car,car,23.055,22,pitch,0.500,100.000,100.000
scene-1094_016,0,Car,car,23.055,22,pitch,1.000,100.000,100.000
scene-1094_016,0,Car,car,23.055,22,pitch,2.000,100.000,100.000
scene-1094_016,0,Car,car,23.055,22,pitch,3.000,100.000,90.909
scene-1094_016,0,Car,car,23.055,22,roll,0.000,100.000,100.000
scene-1094_016,0,Car,car,23.055,22,roll,0.500,100.000,100.000
scene-1094_016,0,Car,car,23.055,22,roll,1.000,100.000,100.000
scene-1094_016,0,Car,car,23.055,22,roll,2.000,100.000,100.000
scene-1094_016,0,Car,car,23.055,22,roll,3.000,100.000,18.182
scene-1094_016,0,Car,car,23.055,22,ty,0.000,100.000,100.000
scene-1094_016,0,Car,car,23.055,22,ty,0.020,100.000,100.000
scene-1094_016,0,Car,car,23.055,22,ty,0.050,100.000,100.000
scene-1094_016,0,Car,car,23.055,22,ty,0.100,100.000,100.000
scene-1094_016,1,Car,car,15.880,77,yaw,0.000,100.000,96.104
scene-1094_016,1,Car,car,15.880,77,yaw,0.500,100.000,97.403
scene-1094_016,1,Car,car,15.880,77,yaw,1.000,100.000,90.909
scene-1094_016,1,Car,car,15.880,77,yaw,2.000,100.000,81.818
scene-1094_016,1,Car,car,15.880,77,yaw,3.000,100.000,71.429
scene-1094_016,1,Car,car,15.880,77,pitch,0.000,100.000,96.104
scene-1094_016,1,Car,car,15.880,77,pitch,0.500,100.000,97.403
scene-1094_016,1,Car,car,15.880,77,pitch,1.000,100.000,97.403
scene-1094_016,1,Car,car,15.880,77,pitch,2.000,100.000,97.403
scene-1094_016,1,Car,car,15.880,77,pitch,3.000,100.000,97.403
scene-1094_016,1,Car,car,15.880,77,roll,0.000,100.000,96.104
scene-1094_016,1,Car,car,15.880,77,roll,0.500,100.000,96.104
scene-1094_016,1,Car,car,15.880,77,roll,1.000,100.000,96.104
scene-1094_016,1,Car,car,15.880,77,roll,2.000,100.000,96.104
scene-1094_016,1,Car,car,15.880,77,roll,3.000,100.000,75.325
scene-1094_016,1,Car,car,15.880,77,ty,0.000,100.000,96.104
scene-1094_016,1,Car,car,15.880,77,ty,0.020,100.000,96.104
scene-1094_016,1,Car,car,15.880,77,ty,0.050,100.000,96.104
scene-1094_016,1,Car,car,15.880,77,ty,0.100,100.000,96.104
scene-1094_016,2,Car,car,31.073,8,yaw,0.000,100.000,100.000
scene-1094_016,2,Car,car,31.073,8,yaw,0.500,100.000,87.500
scene-1094_016,2,Car,car,31.073,8,yaw,1.000,100.000,87.500
scene-1094_016,2,Car,car,31.073,8,yaw,2.000,100.000,87.500
scene-1094_016,2,Car,car,31.073,8,yaw,3.000,100.000,50.000
scene-1094_016,2,Car,car,31.073,8,pitch,0.000,100.000,100.000
scene-1094_016,2,Car,car,31.073,8,pitch,0.500,100.000,100.000
scene-1094_016,2,Car,car,31.073,8,pitch,1.000,100.000,100.000
scene-1094_016,2,Car,car,31.073,8,pitch,2.000,100.000,100.000
scene-1094_016,2,Car,car,31.073,8,pitch,3.000,100.000,100.000
scene-1094_016,2,Car,car,31.073,8,roll,0.000,100.000,100.000
scene-1094_016,2,Car,car,31.073,8,roll,0.500,100.000,100.000
scene-1094_016,2,Car,car,31.073,8,roll,1.000,100.000,100.000
scene-1094_016,2,Car,car,31.073,8,roll,2.000,100.000,100.000
scene-1094_016,2,Car,car,31.073,8,roll,3.000,100.000,0.000
scene-1094_016,2,Car,car,31.073,8,ty,0.000,100.000,100.000
scene-1094_016,2,Car,car,31.073,8,ty,0.020,100.000,100.000
scene-1094_016,2,Car,car,31.073,8,ty,0.050,100.000,100.000
scene-1094_016,2,Car,car,31.073,8,ty,0.100,100.000,100.000
scene-1094_017,0,Car,car,20.026,27,yaw,0.000,100.000,100.000
scene-1094_017,0,Car,car,20.026,27,yaw,0.500,100.000,100.000
scene-1094_017,0,Car,car,20.026,27,yaw,1.000,100.000,100.000
scene-1094_017,0,Car,car,20.026,27,yaw,2.000,100.000,88.889
scene-1094_017,0,Car,car,20.026,27,yaw,3.000,100.000,77.778
scene-1094_017,0,Car,car,20.026,27,pitch,0.000,100.000,100.000
scene-1094_017,0,Car,car,20.026,27,pitch,0.500,100.000,100.000
scene-1094_017,0,Car,car,20.026,27,pitch,1.000,100.000,100.000
scene-1094_017,0,Car,car,20.026,27,pitch,2.000,100.000,100.000
scene-1094_017,0,Car,car,20.026,27,pitch,3.000,100.000,92.593
scene-1094_017,0,Car,car,20.026,27,roll,0.000,100.000,100.000
scene-1094_017,0,Car,car,20.026,27,roll,0.500,100.000,100.000
scene-1094_017,0,Car,car,20.026,27,roll,1.000,100.000,100.000
scene-1094_017,0,Car,car,20.026,27,roll,2.000,100.000,100.000
scene-1094_017,0,Car,car,20.026,27,roll,3.000,100.000,22.222
scene-1094_017,0,Car,car,20.026,27,ty,0.000,100.000,100.000
scene-1094_017,0,Car,car,20.026,27,ty,0.020,100.000,100.000
scene-1094_017,0,Car,car,20.026,27,ty,0.050,100.000,100.000
scene-1094_017,0,Car,car,20.026,27,ty,0.100,100.000,100.000
scene-1094_017,1,Car,car,17.155,75,yaw,0.000,100.000,98.667
scene-1094_017,1,Car,car,17.155,75,yaw,0.500,100.000,96.000
scene-1094_017,1,Car,car,17.155,75,yaw,1.000,100.000,86.667
scene-1094_017,1,Car,car,17.155,75,yaw,2.000,100.000,81.333
scene-1094_017,1,Car,car,17.155,75,yaw,3.000,100.000,62.667
scene-1094_017,1,Car,car,17.155,75,pitch,0.000,100.000,98.667
scene-1094_017,1,Car,car,17.155,75,pitch,0.500,100.000,98.667
scene-1094_017,1,Car,car,17.155,75,pitch,1.000,100.000,98.667
scene-1094_017,1,Car,car,17.155,75,pitch,2.000,100.000,98.667
scene-1094_017,1,Car,car,17.155,75,pitch,3.000,100.000,98.667
scene-1094_017,1,Car,car,17.155,75,roll,0.000,100.000,98.667
scene-1094_017,1,Car,car,17.155,75,roll,0.500,100.000,98.667
scene-1094_017,1,Car,car,17.155,75,roll,1.000,100.000,98.667
scene-1094_017,1,Car,car,17.155,75,roll,2.000,100.000,90.667
scene-1094_017,1,Car,car,17.155,75,roll,3.000,100.000,69.333
scene-1094_017,1,Car,car,17.155,75,ty,0.000,100.000,98.667
scene-1094_017,1,Car,car,17.155,75,ty,0.020,100.000,98.667
scene-1094_017,1,Car,car,17.155,75,ty,0.050,100.000,98.667
scene-1094_017,1,Car,car,17.155,75,ty,0.100,100.000,98.667
scene-1094_017,2,Car,car,28.077,6,yaw,0.000,100.000,100.000
scene-1094_017,2,Car,car,28.077,6,yaw,0.500,100.000,100.000
scene-1094_017,2,Car,car,28.077,6,yaw,1.000,100.000,100.000
scene-1094_017,2,Car,car,28.077,6,yaw,2.000,100.000,100.000
scene-1094_017,2,Car,car,28.077,6,yaw,3.000,100.000,50.000
scene-1094_017,2,Car,car,28.077,6,pitch,0.000,100.000,100.000
scene-1094_017,2,Car,car,28.077,6,pitch,0.500,100.000,100.000
scene-1094_017,2,Car,car,28.077,6,pitch,1.000,100.000,100.000
scene-1094_017,2,Car,car,28.077,6,pitch,2.000,100.000,100.000
scene-1094_017,2,Car,car,28.077,6,pitch,3.000,100.000,100.000
scene-1094_017,2,Car,car,28.077,6,roll,0.000,100.000,100.000
scene-1094_017,2,Car,car,28.077,6,roll,0.500,100.000,100.000
scene-1094_017,2,Car,car,28.077,6,roll,1.000,100.000,100.000
scene-1094_017,2,Car,car,28.077,6,roll,2.000,100.000,100.000
scene-1094_017,2,Car,car,28.077,6,roll,3.000,100.000,0.000
scene-1094_017,2,Car,car,28.077,6,ty,0.000,100.000,100.000
scene-1094_017,2,Car,car,28.077,6,ty,0.020,100.000,100.000
scene-1094_017,2,Car,car,28.077,6,ty,0.050,100.000,100.000
scene-1094_017,2,Car,car,28.077,6,ty,0.100,100.000,100.000
scene-1094_018,0,Car,car,16.934,54,yaw,0.000,81.481,81.481
scene-1094_018,0,Car,car,16.934,54,yaw,0.500,85.185,85.185
scene-1094_018,0,Car,car,16.934,54,yaw,1.000,92.593,90.741
scene-1094_018,0,Car,car,16.934,54,yaw,2.000,100.000,94.444
scene-1094_018,0,Car,car,16.934,54,yaw,3.000,100.000,88.889
scene-1094_018,0,Car,car,16.934,54,pitch,0.000,81.481,81.481
scene-1094_018,0,Car,car,16.934,54,pitch,0.500,81.481,81.481
scene-1094_018,0,Car,car,16.934,54,pitch,1.000,81.481,81.481
scene-1094_018,0,Car,car,16.934,54,pitch,2.000,81.481,75.926
scene-1094_018,0,Car,car,16.934,54,pitch,3.000,81.481,75.926
scene-1094_018,0,Car,car,16.934,54,roll,0.000,81.481,81.481
scene-1094_018,0,Car,car,16.934,54,roll,0.500,81.481,81.481
scene-1094_018,0,Car,car,16.934,54,roll,1.000,81.481,81.481
scene-1094_018,0,Car,car,16.934,54,roll,2.000,81.481,72.222
scene-1094_018,0,Car,car,16.934,54,roll,3.000,81.481,72.222
scene-1094_018,0,Car,car,16.934,54,ty,0.000,81.481,81.481
scene-1094_018,0,Car,car,16.934,54,ty,0.020,81.481,81.481
scene-1094_018,0,Car,car,16.934,54,ty,0.050,81.481,81.481
scene-1094_018,0,Car,car,16.934,54,ty,0.100,81.481,81.481
scene-1094_018,1,Car,car,18.156,63,yaw,0.000,100.000,95.238
scene-1094_018,1,Car,car,18.156,63,yaw,0.500,100.000,92.063
scene-1094_018,1,Car,car,18.156,63,yaw,1.000,100.000,88.889
scene-1094_018,1,Car,car,18.156,63,yaw,2.000,100.000,71.429
scene-1094_018,1,Car,car,18.156,63,yaw,3.000,100.000,50.794
scene-1094_018,1,Car,car,18.156,63,pitch,0.000,100.000,95.238
scene-1094_018,1,Car,car,18.156,63,pitch,0.500,100.000,96.825
scene-1094_018,1,Car,car,18.156,63,pitch,1.000,100.000,96.825
scene-1094_018,1,Car,car,18.156,63,pitch,2.000,100.000,96.825
scene-1094_018,1,Car,car,18.156,63,pitch,3.000,100.000,96.825
scene-1094_018,1,Car,car,18.156,63,roll,0.000,100.000,95.238
scene-1094_018,1,Car,car,18.156,63,roll,0.500,100.000,95.238
scene-1094_018,1,Car,car,18.156,63,roll,1.000,100.000,79.365
scene-1094_018,1,Car,car,18.156,63,roll,2.000,100.000,79.365
scene-1094_018,1,Car,car,18.156,63,roll,3.000,100.000,74.603
scene-1094_018,1,Car,car,18.156,63,ty,0.000,100.000,95.238
scene-1094_018,1,Car,car,18.156,63,ty,0.020,100.000,95.238
scene-1094_018,1,Car,car,18.156,63,ty,0.050,100.000,95.238
scene-1094_018,1,Car,car,18.156,63,ty,0.100,100.000,95.238
scene-1094_019,0,Car,car,19.160,50,yaw,0.000,100.000,98.000
scene-1094_019,0,Car,car,19.160,50,yaw,0.500,100.000,90.000
scene-1094_019,0,Car,car,19.160,50,yaw,1.000,100.000,86.000
scene-1094_019,0,Car,car,19.160,50,yaw,2.000,100.000,68.000
scene-1094_019,0,Car,car,19.160,50,yaw,3.000,100.000,46.000
scene-1094_019,0,Car,car,19.160,50,pitch,0.000,100.000,98.000
scene-1094_019,0,Car,car,19.160,50,pitch,0.500,100.000,98.000
scene-1094_019,0,Car,car,19.160,50,pitch,1.000,100.000,98.000
scene-1094_019,0,Car,car,19.160,50,pitch,2.000,100.000,96.000
scene-1094_019,0,Car,car,19.160,50,pitch,3.000,100.000,92.000
scene-1094_019,0,Car,car,19.160,50,roll,0.000,100.000,98.000
scene-1094_019,0,Car,car,19.160,50,roll,0.500,100.000,98.000
scene-1094_019,0,Car,car,19.160,50,roll,1.000,100.000,98.000
scene-1094_019,0,Car,car,19.160,50,roll,2.000,100.000,94.000
scene-1094_019,0,Car,car,19.160,50,roll,3.000,100.000,92.000
scene-1094_019,0,Car,car,19.160,50,ty,0.000,100.000,98.000
scene-1094_019,0,Car,car,19.160,50,ty,0.020,100.000,98.000
scene-1094_019,0,Car,car,19.160,50,ty,0.050,100.000,98.000
scene-1094_019,0,Car,car,19.160,50,ty,0.100,100.000,98.000
scene-1094_019,1,Car,car,21.698,14,yaw,0.000,100.000,100.000
scene-1094_019,1,Car,car,21.698,14,yaw,0.500,100.000,100.000
scene-1094_019,1,Car,car,21.698,14,yaw,1.000,100.000,85.714
scene-1094_019,1,Car,car,21.698,14,yaw,2.000,100.000,78.571
scene-1094_019,1,Car,car,21.698,14,yaw,3.000,100.000,78.571
scene-1094_019,1,Car,car,21.698,14,pitch,0.000,100.000,100.000
scene-1094_019,1,Car,car,21.698,14,pitch,0.500,100.000,100.000
scene-1094_019,1,Car,car,21.698,14,pitch,1.000,100.000,100.000
scene-1094_019,1,Car,car,21.698,14,pitch,2.000,100.000,92.857
scene-1094_019,1,Car,car,21.698,14,pitch,3.000,100.000,85.714
scene-1094_019,1,Car,car,21.698,14,roll,0.000,100.000,100.000
scene-1094_019,1,Car,car,21.698,14,roll,0.500,100.000,100.000
scene-1094_019,1,Car,car,21.698,14,roll,1.000,100.000,100.000
scene-1094_019,1,Car,car,21.698,14,roll,2.000,100.000,100.000
scene-1094_019,1,Car,car,21.698,14,roll,3.000,100.000,14.286
scene-1094_019,1,Car,car,21.698,14,ty,0.000,100.000,100.000
scene-1094_019,1,Car,car,21.698,14,ty,0.020,100.000,100.000
scene-1094_019,1,Car,car,21.698,14,ty,0.050,100.000,100.000
scene-1094_019,1,Car,car,21.698,14,ty,0.100,100.000,100.000
scene-1094_020,0,Car,car,20.013,37,yaw,0.000,100.000,100.000
scene-1094_020,0,Car,car,20.013,37,yaw,0.500,100.000,91.892
scene-1094_020,0,Car,car,20.013,37,yaw,1.000,100.000,83.784
scene-1094_020,0,Car,car,20.013,37,yaw,2.000,100.000,59.459
scene-1094_020,0,Car,car,20.013,37,yaw,3.000,100.000,43.243
scene-1094_020,0,Car,car,20.013,37,pitch,0.000,100.000,100.000
scene-1094_020,0,Car,car,20.013,37,pitch,0.500,100.000,100.000
scene-1094_020,0,Car,car,20.013,37,pitch,1.000,100.000,100.000
scene-1094_020,0,Car,car,20.013,37,pitch,2.000,100.000,100.000
scene-1094_020,0,Car,car,20.013,37,pitch,3.000,100.000,100.000
scene-1094_020,0,Car,car,20.013,37,roll,0.000,100.000,100.000
scene-1094_020,0,Car,car,20.013,37,roll,0.500,100.000,83.784
scene-1094_020,0,Car,car,20.013,37,roll,1.000,100.000,83.784
scene-1094_020,0,Car,car,20.013,37,roll,2.000,100.000,75.676
scene-1094_020,0,Car,car,20.013,37,roll,3.000,100.000,75.676
scene-1094_020,0,Car,car,20.013,37,ty,0.000,100.000,100.000
scene-1094_020,0,Car,car,20.013,37,ty,0.020,100.000,100.000
scene-1094_020,0,Car,car,20.013,37,ty,0.050,100.000,100.000
scene-1094_020,0,Car,car,20.013,37,ty,0.100,100.000,100.000
scene-1094_020,1,Car,car,18.652,25,yaw,0.000,100.000,100.000
scene-1094_020,1,Car,car,18.652,25,yaw,0.500,100.000,100.000
scene-1094_020,1,Car,car,18.652,25,yaw,1.000,100.000,100.000
scene-1094_020,1,Car,car,18.652,25,yaw,2.000,100.000,92.000
scene-1094_020,1,Car,car,18.652,25,yaw,3.000,100.000,80.000
scene-1094_020,1,Car,car,18.652,25,pitch,0.000,100.000,100.000
scene-1094_020,1,Car,car,18.652,25,pitch,0.500,100.000,96.000
scene-1094_020,1,Car,car,18.652,25,pitch,1.000,100.000,96.000
scene-1094_020,1,Car,car,18.652,25,pitch,2.000,100.000,96.000
scene-1094_020,1,Car,car,18.652,25,pitch,3.000,100.000,88.000
scene-1094_020,1,Car,car,18.652,25,roll,0.000,100.000,100.000
scene-1094_020,1,Car,car,18.652,25,roll,0.500,100.000,100.000
scene-1094_020,1,Car,car,18.652,25,roll,1.000,100.000,100.000
scene-1094_020,1,Car,car,18.652,25,roll,2.000,100.000,96.000
scene-1094_020,1,Car,car,18.652,25,roll,3.000,100.000,36.000
scene-1094_020,1,Car,car,18.652,25,ty,0.000,100.000,100.000
scene-1094_020,1,Car,car,18.652,25,ty,0.020,100.000,100.000
scene-1094_020,1,Car,car,18.652,25,ty,0.050,100.000,100.000
scene-1094_020,1,Car,car,18.652,25,ty,0.100,100.000,100.000
scene-1094_020,2,Car,car,26.125,5,yaw,0.000,100.000,100.000
scene-1094_020,2,Car,car,26.125,5,yaw,0.500,100.000,100.000
scene-1094_020,2,Car,car,26.125,5,yaw,1.000,100.000,100.000
scene-1094_020,2,Car,car,26.125,5,yaw,2.000,100.000,100.000
scene-1094_020,2,Car,car,26.125,5,yaw,3.000,100.000,100.000
scene-1094_020,2,Car,car,26.125,5,pitch,0.000,100.000,100.000
scene-1094_020,2,Car,car,26.125,5,pitch,0.500,100.000,100.000
scene-1094_020,2,Car,car,26.125,5,pitch,1.000,100.000,100.000
scene-1094_020,2,Car,car,26.125,5,pitch,2.000,100.000,100.000
scene-1094_020,2,Car,car,26.125,5,pitch,3.000,100.000,0.000
scene-1094_020,2,Car,car,26.125,5,roll,0.000,100.000,100.000
scene-1094_020,2,Car,car,26.125,5,roll,0.500,100.000,100.000
scene-1094_020,2,Car,car,26.125,5,roll,1.000,100.000,100.000
scene-1094_020,2,Car,car,26.125,5,roll,2.000,100.000,100.000
scene-1094_020,2,Car,car,26.125,5,roll,3.000,100.000,0.000
scene-1094_020,2,Car,car,26.125,5,ty,0.000,100.000,100.000
scene-1094_020,2,Car,car,26.125,5,ty,0.020,100.000,100.000
scene-1094_020,2,Car,car,26.125,5,ty,0.050,100.000,100.000
scene-1094_020,2,Car,car,26.125,5,ty,0.100,100.000,100.000
scene-1094_021,0,Car,car,20.952,41,yaw,0.000,100.000,97.561
scene-1094_021,0,Car,car,20.952,41,yaw,0.500,100.000,87.805
scene-1094_021,0,Car,car,20.952,41,yaw,1.000,100.000,80.488
scene-1094_021,0,Car,car,20.952,41,yaw,2.000,100.000,58.537
scene-1094_021,0,Car,car,20.952,41,yaw,3.000,100.000,36.585
scene-1094_021,0,Car,car,20.952,41,pitch,0.000,100.000,97.561
scene-1094_021,0,Car,car,20.952,41,pitch,0.500,100.000,97.561
scene-1094_021,0,Car,car,20.952,41,pitch,1.000,100.000,97.561
scene-1094_021,0,Car,car,20.952,41,pitch,2.000,100.000,95.122
scene-1094_021,0,Car,car,20.952,41,pitch,3.000,100.000,87.805
scene-1094_021,0,Car,car,20.952,41,roll,0.000,100.000,97.561
scene-1094_021,0,Car,car,20.952,41,roll,0.500,100.000,97.561
scene-1094_021,0,Car,car,20.952,41,roll,1.000,100.000,97.561
scene-1094_021,0,Car,car,20.952,41,roll,2.000,100.000,97.561
scene-1094_021,0,Car,car,20.952,41,roll,3.000,100.000,70.732
scene-1094_021,0,Car,car,20.952,41,ty,0.000,100.000,97.561
scene-1094_021,0,Car,car,20.952,41,ty,0.020,100.000,97.561
scene-1094_021,0,Car,car,20.952,41,ty,0.050,100.000,97.561
scene-1094_021,0,Car,car,20.952,41,ty,0.100,100.000,97.561
scene-1094_021,1,Pedestrian,vru,29.027,5,yaw,0.000,100.000,100.000
scene-1094_021,1,Pedestrian,vru,29.027,5,yaw,0.500,100.000,60.000
scene-1094_021,1,Pedestrian,vru,29.027,5,yaw,1.000,100.000,20.000
scene-1094_021,1,Pedestrian,vru,29.027,5,yaw,2.000,100.000,0.000
scene-1094_021,1,Pedestrian,vru,29.027,5,yaw,3.000,100.000,0.000
scene-1094_021,1,Pedestrian,vru,29.027,5,pitch,0.000,100.000,100.000
scene-1094_021,1,Pedestrian,vru,29.027,5,pitch,0.500,100.000,100.000
scene-1094_021,1,Pedestrian,vru,29.027,5,pitch,1.000,100.000,100.000
scene-1094_021,1,Pedestrian,vru,29.027,5,pitch,2.000,100.000,100.000
scene-1094_021,1,Pedestrian,vru,29.027,5,pitch,3.000,100.000,100.000
scene-1094_021,1,Pedestrian,vru,29.027,5,roll,0.000,100.000,100.000
scene-1094_021,1,Pedestrian,vru,29.027,5,roll,0.500,100.000,100.000
scene-1094_021,1,Pedestrian,vru,29.027,5,roll,1.000,100.000,80.000
scene-1094_021,1,Pedestrian,vru,29.027,5,roll,2.000,100.000,20.000
scene-1094_021,1,Pedestrian,vru,29.027,5,roll,3.000,100.000,20.000
scene-1094_021,1,Pedestrian,vru,29.027,5,ty,0.000,100.000,100.000
scene-1094_021,1,Pedestrian,vru,29.027,5,ty,0.020,100.000,100.000
scene-1094_021,1,Pedestrian,vru,29.027,5,ty,0.050,100.000,100.000
scene-1094_021,1,Pedestrian,vru,29.027,5,ty,0.100,100.000,100.000
scene-1094_021,2,Motorcycle,vru,15.224,17,yaw,0.000,100.000,100.000
scene-1094_021,2,Motorcycle,vru,15.224,17,yaw,0.500,100.000,100.000
scene-1094_021,2,Motorcycle,vru,15.224,17,yaw,1.000,100.000,94.118
scene-1094_021,2,Motorcycle,vru,15.224,17,yaw,2.000,100.000,70.588
scene-1094_021,2,Motorcycle,vru,15.224,17,yaw,3.000,100.000,47.059
scene-1094_021,2,Motorcycle,vru,15.224,17,pitch,0.000,100.000,100.000
scene-1094_021,2,Motorcycle,vru,15.224,17,pitch,0.500,100.000,94.118
scene-1094_021,2,Motorcycle,vru,15.224,17,pitch,1.000,100.000,94.118
scene-1094_021,2,Motorcycle,vru,15.224,17,pitch,2.000,100.000,94.118
scene-1094_021,2,Motorcycle,vru,15.224,17,pitch,3.000,100.000,94.118
scene-1094_021,2,Motorcycle,vru,15.224,17,roll,0.000,100.000,100.000
scene-1094_021,2,Motorcycle,vru,15.224,17,roll,0.500,100.000,100.000
scene-1094_021,2,Motorcycle,vru,15.224,17,roll,1.000,100.000,88.235
scene-1094_021,2,Motorcycle,vru,15.224,17,roll,2.000,100.000,88.235
scene-1094_021,2,Motorcycle,vru,15.224,17,roll,3.000,100.000,52.941
scene-1094_021,2,Motorcycle,vru,15.224,17,ty,0.000,100.000,100.000
scene-1094_021,2,Motorcycle,vru,15.224,17,ty,0.020,100.000,100.000
scene-1094_021,2,Motorcycle,vru,15.224,17,ty,0.050,100.000,100.000
scene-1094_021,2,Motorcycle,vru,15.224,17,ty,0.100,100.000,100.000
scene-1094_022,0,Car,car,21.817,24,yaw,0.000,100.000,100.000
scene-1094_022,0,Car,car,21.817,24,yaw,0.500,100.000,83.333
scene-1094_022,0,Car,car,21.817,24,yaw,1.000,100.000,83.333
scene-1094_022,0,Car,car,21.817,24,yaw,2.000,100.000,62.500
scene-1094_022,0,Car,car,21.817,24,yaw,3.000,100.000,37.500
scene-1094_022,0,Car,car,21.817,24,pitch,0.000,100.000,100.000
scene-1094_022,0,Car,car,21.817,24,pitch,0.500,100.000,100.000
scene-1094_022,0,Car,car,21.817,24,pitch,1.000,100.000,100.000
scene-1094_022,0,Car,car,21.817,24,pitch,2.000,100.000,95.833
scene-1094_022,0,Car,car,21.817,24,pitch,3.000,100.000,95.833
scene-1094_022,0,Car,car,21.817,24,roll,0.000,100.000,100.000
scene-1094_022,0,Car,car,21.817,24,roll,0.500,100.000,100.000
scene-1094_022,0,Car,car,21.817,24,roll,1.000,100.000,100.000
scene-1094_022,0,Car,car,21.817,24,roll,2.000,100.000,100.000
scene-1094_022,0,Car,car,21.817,24,roll,3.000,100.000,58.333
scene-1094_022,0,Car,car,21.817,24,ty,0.000,100.000,100.000
scene-1094_022,0,Car,car,21.817,24,ty,0.020,100.000,100.000
scene-1094_022,0,Car,car,21.817,24,ty,0.050,100.000,100.000
scene-1094_022,0,Car,car,21.817,24,ty,0.100,100.000,100.000
scene-1094_022,1,Pedestrian,vru,24.796,6,yaw,0.000,100.000,83.333
scene-1094_022,1,Pedestrian,vru,24.796,6,yaw,0.500,100.000,83.333
scene-1094_022,1,Pedestrian,vru,24.796,6,yaw,1.000,100.000,50.000
scene-1094_022,1,Pedestrian,vru,24.796,6,yaw,2.000,100.000,0.000
scene-1094_022,1,Pedestrian,vru,24.796,6,yaw,3.000,100.000,0.000
scene-1094_022,1,Pedestrian,vru,24.796,6,pitch,0.000,100.000,83.333
scene-1094_022,1,Pedestrian,vru,24.796,6,pitch,0.500,100.000,83.333
scene-1094_022,1,Pedestrian,vru,24.796,6,pitch,1.000,100.000,83.333
scene-1094_022,1,Pedestrian,vru,24.796,6,pitch,2.000,100.000,83.333
scene-1094_022,1,Pedestrian,vru,24.796,6,pitch,3.000,100.000,66.667
scene-1094_022,1,Pedestrian,vru,24.796,6,roll,0.000,100.000,83.333
scene-1094_022,1,Pedestrian,vru,24.796,6,roll,0.500,100.000,66.667
scene-1094_022,1,Pedestrian,vru,24.796,6,roll,1.000,100.000,66.667
scene-1094_022,1,Pedestrian,vru,24.796,6,roll,2.000,100.000,16.667
scene-1094_022,1,Pedestrian,vru,24.796,6,roll,3.000,100.000,16.667
scene-1094_022,1,Pedestrian,vru,24.796,6,ty,0.000,100.000,83.333
scene-1094_022,1,Pedestrian,vru,24.796,6,ty,0.020,100.000,83.333
scene-1094_022,1,Pedestrian,vru,24.796,6,ty,0.050,100.000,83.333
scene-1094_022,1,Pedestrian,vru,24.796,6,ty,0.100,100.000,83.333
scene-1094_022,2,Car,car,18.182,28,yaw,0.000,92.857,92.857
scene-1094_022,2,Car,car,18.182,28,yaw,0.500,92.857,92.857
scene-1094_022,2,Car,car,18.182,28,yaw,1.000,96.429,96.429
scene-1094_022,2,Car,car,18.182,28,yaw,2.000,100.000,96.429
scene-1094_022,2,Car,car,18.182,28,yaw,3.000,100.000,85.714
scene-1094_022,2,Car,car,18.182,28,pitch,0.000,92.857,92.857
scene-1094_022,2,Car,car,18.182,28,pitch,0.500,92.857,92.857
scene-1094_022,2,Car,car,18.182,28,pitch,1.000,92.857,92.857
scene-1094_022,2,Car,car,18.182,28,pitch,2.000,92.857,92.857
scene-1094_022,2,Car,car,18.182,28,pitch,3.000,92.857,92.857
scene-1094_022,2,Car,car,18.182,28,roll,0.000,92.857,92.857
scene-1094_022,2,Car,car,18.182,28,roll,0.500,92.857,92.857
scene-1094_022,2,Car,car,18.182,28,roll,1.000,92.857,89.286
scene-1094_022,2,Car,car,18.182,28,roll,2.000,92.857,89.286
scene-1094_022,2,Car,car,18.182,28,roll,3.000,92.857,42.857
scene-1094_022,2,Car,car,18.182,28,ty,0.000,92.857,92.857
scene-1094_022,2,Car,car,18.182,28,ty,0.020,92.857,92.857
scene-1094_022,2,Car,car,18.182,28,ty,0.050,92.857,92.857
scene-1094_022,2,Car,car,18.182,28,ty,0.100,92.857,92.857
scene-1094_023,0,Car,car,22.848,22,yaw,0.000,100.000,100.000
scene-1094_023,0,Car,car,22.848,22,yaw,0.500,100.000,90.909
scene-1094_023,0,Car,car,22.848,22,yaw,1.000,100.000,86.364
scene-1094_023,0,Car,car,22.848,22,yaw,2.000,100.000,63.636
scene-1094_023,0,Car,car,22.848,22,yaw,3.000,100.000,36.364
scene-1094_023,0,Car,car,22.848,22,pitch,0.000,100.000,100.000
scene-1094_023,0,Car,car,22.848,22,pitch,0.500,100.000,100.000
scene-1094_023,0,Car,car,22.848,22,pitch,1.000,100.000,100.000
scene-1094_023,0,Car,car,22.848,22,pitch,2.000,100.000,100.000
scene-1094_023,0,Car,car,22.848,22,pitch,3.000,100.000,100.000
scene-1094_023,0,Car,car,22.848,22,roll,0.000,100.000,100.000
scene-1094_023,0,Car,car,22.848,22,roll,0.500,100.000,100.000
scene-1094_023,0,Car,car,22.848,22,roll,1.000,100.000,100.000
scene-1094_023,0,Car,car,22.848,22,roll,2.000,100.000,95.455
scene-1094_023,0,Car,car,22.848,22,roll,3.000,100.000,54.545
scene-1094_023,0,Car,car,22.848,22,ty,0.000,100.000,100.000
scene-1094_023,0,Car,car,22.848,22,ty,0.020,100.000,100.000
scene-1094_023,0,Car,car,22.848,22,ty,0.050,100.000,100.000
scene-1094_023,0,Car,car,22.848,22,ty,0.100,100.000,100.000
scene-1094_023,1,Pedestrian,vru,19.827,6,yaw,0.000,100.000,100.000
scene-1094_023,1,Pedestrian,vru,19.827,6,yaw,0.500,100.000,100.000
scene-1094_023,1,Pedestrian,vru,19.827,6,yaw,1.000,100.000,83.333
scene-1094_023,1,Pedestrian,vru,19.827,6,yaw,2.000,100.000,0.000
scene-1094_023,1,Pedestrian,vru,19.827,6,yaw,3.000,100.000,0.000
scene-1094_023,1,Pedestrian,vru,19.827,6,pitch,0.000,100.000,100.000
scene-1094_023,1,Pedestrian,vru,19.827,6,pitch,0.500,100.000,100.000
scene-1094_023,1,Pedestrian,vru,19.827,6,pitch,1.000,100.000,100.000
scene-1094_023,1,Pedestrian,vru,19.827,6,pitch,2.000,100.000,100.000
scene-1094_023,1,Pedestrian,vru,19.827,6,pitch,3.000,100.000,100.000
scene-1094_023,1,Pedestrian,vru,19.827,6,roll,0.000,100.000,100.000
scene-1094_023,1,Pedestrian,vru,19.827,6,roll,0.500,100.000,100.000
scene-1094_023,1,Pedestrian,vru,19.827,6,roll,1.000,100.000,100.000
scene-1094_023,1,Pedestrian,vru,19.827,6,roll,2.000,100.000,50.000
scene-1094_023,1,Pedestrian,vru,19.827,6,roll,3.000,100.000,50.000
scene-1094_023,1,Pedestrian,vru,19.827,6,ty,0.000,100.000,100.000
scene-1094_023,1,Pedestrian,vru,19.827,6,ty,0.020,100.000,100.000
scene-1094_023,1,Pedestrian,vru,19.827,6,ty,0.050,100.000,100.000
scene-1094_023,1,Pedestrian,vru,19.827,6,ty,0.100,100.000,100.000
scene-1094_024,0,Car,car,23.501,31,yaw,0.000,100.000,100.000
scene-1094_024,0,Car,car,23.501,31,yaw,0.500,100.000,96.774
scene-1094_024,0,Car,car,23.501,31,yaw,1.000,100.000,87.097
scene-1094_024,0,Car,car,23.501,31,yaw,2.000,100.000,61.290
scene-1094_024,0,Car,car,23.501,31,yaw,3.000,100.000,35.484
scene-1094_024,0,Car,car,23.501,31,pitch,0.000,100.000,100.000
scene-1094_024,0,Car,car,23.501,31,pitch,0.500,100.000,100.000
scene-1094_024,0,Car,car,23.501,31,pitch,1.000,100.000,100.000
scene-1094_024,0,Car,car,23.501,31,pitch,2.000,100.000,100.000
scene-1094_024,0,Car,car,23.501,31,pitch,3.000,100.000,100.000
scene-1094_024,0,Car,car,23.501,31,roll,0.000,100.000,100.000
scene-1094_024,0,Car,car,23.501,31,roll,0.500,100.000,100.000
scene-1094_024,0,Car,car,23.501,31,roll,1.000,100.000,100.000
scene-1094_024,0,Car,car,23.501,31,roll,2.000,100.000,70.968
scene-1094_024,0,Car,car,23.501,31,roll,3.000,100.000,70.968
scene-1094_024,0,Car,car,23.501,31,ty,0.000,100.000,100.000
scene-1094_024,0,Car,car,23.501,31,ty,0.020,100.000,100.000
scene-1094_024,0,Car,car,23.501,31,ty,0.050,100.000,100.000
scene-1094_024,0,Car,car,23.501,31,ty,0.100,100.000,100.000
scene-1094_024,1,Pedestrian,vru,15.154,18,yaw,0.000,100.000,88.889
scene-1094_024,1,Pedestrian,vru,15.154,18,yaw,0.500,100.000,83.333
scene-1094_024,1,Pedestrian,vru,15.154,18,yaw,1.000,100.000,72.222
scene-1094_024,1,Pedestrian,vru,15.154,18,yaw,2.000,100.000,27.778
scene-1094_024,1,Pedestrian,vru,15.154,18,yaw,3.000,100.000,0.000
scene-1094_024,1,Pedestrian,vru,15.154,18,pitch,0.000,100.000,88.889
scene-1094_024,1,Pedestrian,vru,15.154,18,pitch,0.500,100.000,88.889
scene-1094_024,1,Pedestrian,vru,15.154,18,pitch,1.000,100.000,88.889
scene-1094_024,1,Pedestrian,vru,15.154,18,pitch,2.000,100.000,94.444
scene-1094_024,1,Pedestrian,vru,15.154,18,pitch,3.000,100.000,83.333
scene-1094_024,1,Pedestrian,vru,15.154,18,roll,0.000,100.000,88.889
scene-1094_024,1,Pedestrian,vru,15.154,18,roll,0.500,100.000,88.889
scene-1094_024,1,Pedestrian,vru,15.154,18,roll,1.000,100.000,83.333
scene-1094_024,1,Pedestrian,vru,15.154,18,roll,2.000,100.000,83.333
scene-1094_024,1,Pedestrian,vru,15.154,18,roll,3.000,100.000,61.111
scene-1094_024,1,Pedestrian,vru,15.154,18,ty,0.000,100.000,88.889
scene-1094_024,1,Pedestrian,vru,15.154,18,ty,0.020,100.000,88.889
scene-1094_024,1,Pedestrian,vru,15.154,18,ty,0.050,100.000,88.889
scene-1094_024,1,Pedestrian,vru,15.154,18,ty,0.100,100.000,88.889
scene-1094_025,0,Pedestrian,vru,28.985,6,yaw,0.000,100.000,100.000
scene-1094_025,0,Pedestrian,vru,28.985,6,yaw,0.500,100.000,83.333
scene-1094_025,0,Pedestrian,vru,28.985,6,yaw,1.000,100.000,50.000
scene-1094_025,0,Pedestrian,vru,28.985,6,yaw,2.000,100.000,0.000
scene-1094_025,0,Pedestrian,vru,28.985,6,yaw,3.000,100.000,0.000
scene-1094_025,0,Pedestrian,vru,28.985,6,pitch,0.000,100.000,100.000
scene-1094_025,0,Pedestrian,vru,28.985,6,pitch,0.500,100.000,100.000
scene-1094_025,0,Pedestrian,vru,28.985,6,pitch,1.000,100.000,100.000
scene-1094_025,0,Pedestrian,vru,28.985,6,pitch,2.000,100.000,100.000
scene-1094_025,0,Pedestrian,vru,28.985,6,pitch,3.000,100.000,100.000
scene-1094_025,0,Pedestrian,vru,28.985,6,roll,0.000,100.000,100.000
scene-1094_025,0,Pedestrian,vru,28.985,6,roll,0.500,100.000,100.000
scene-1094_025,0,Pedestrian,vru,28.985,6,roll,1.000,100.000,83.333
scene-1094_025,0,Pedestrian,vru,28.985,6,roll,2.000,100.000,83.333
scene-1094_025,0,Pedestrian,vru,28.985,6,roll,3.000,100.000,33.333
scene-1094_025,0,Pedestrian,vru,28.985,6,ty,0.000,100.000,100.000
scene-1094_025,0,Pedestrian,vru,28.985,6,ty,0.020,100.000,100.000
scene-1094_025,0,Pedestrian,vru,28.985,6,ty,0.050,100.000,100.000
scene-1094_025,0,Pedestrian,vru,28.985,6,ty,0.100,100.000,100.000
scene-1094_025,1,Car,car,24.275,43,yaw,0.000,100.000,97.674
scene-1094_025,1,Car,car,24.275,43,yaw,0.500,100.000,90.698
scene-1094_025,1,Car,car,24.275,43,yaw,1.000,100.000,83.721
scene-1094_025,1,Car,car,24.275,43,yaw,2.000,100.000,58.140
scene-1094_025,1,Car,car,24.275,43,yaw,3.000,100.000,30.233
scene-1094_025,1,Car,car,24.275,43,pitch,0.000,100.000,97.674
scene-1094_025,1,Car,car,24.275,43,pitch,0.500,100.000,97.674
scene-1094_025,1,Car,car,24.275,43,pitch,1.000,100.000,97.674
scene-1094_025,1,Car,car,24.275,43,pitch,2.000,100.000,86.047
scene-1094_025,1,Car,car,24.275,43,pitch,3.000,100.000,79.070
scene-1094_025,1,Car,car,24.275,43,roll,0.000,100.000,97.674
scene-1094_025,1,Car,car,24.275,43,roll,0.500,100.000,97.674
scene-1094_025,1,Car,car,24.275,43,roll,1.000,100.000,81.395
scene-1094_025,1,Car,car,24.275,43,roll,2.000,100.000,60.465
scene-1094_025,1,Car,car,24.275,43,roll,3.000,100.000,60.465
scene-1094_025,1,Car,car,24.275,43,ty,0.000,100.000,97.674
scene-1094_025,1,Car,car,24.275,43,ty,0.020,100.000,97.674
scene-1094_025,1,Car,car,24.275,43,ty,0.050,100.000,97.674
scene-1094_025,1,Car,car,24.275,43,ty,0.100,100.000,97.674
scene-1094_025,2,Pedestrian,vru,10.277,19,yaw,0.000,100.000,100.000
scene-1094_025,2,Pedestrian,vru,10.277,19,yaw,0.500,100.000,100.000
scene-1094_025,2,Pedestrian,vru,10.277,19,yaw,1.000,100.000,94.737
scene-1094_025,2,Pedestrian,vru,10.277,19,yaw,2.000,100.000,57.895
scene-1094_025,2,Pedestrian,vru,10.277,19,yaw,3.000,100.000,10.526
scene-1094_025,2,Pedestrian,vru,10.277,19,pitch,0.000,100.000,100.000
scene-1094_025,2,Pedestrian,vru,10.277,19,pitch,0.500,100.000,100.000
scene-1094_025,2,Pedestrian,vru,10.277,19,pitch,1.000,100.000,100.000
scene-1094_025,2,Pedestrian,vru,10.277,19,pitch,2.000,100.000,100.000
scene-1094_025,2,Pedestrian,vru,10.277,19,pitch,3.000,100.000,89.474
scene-1094_025,2,Pedestrian,vru,10.277,19,roll,0.000,100.000,100.000
scene-1094_025,2,Pedestrian,vru,10.277,19,roll,0.500,100.000,100.000
scene-1094_025,2,Pedestrian,vru,10.277,19,roll,1.000,100.000,100.000
scene-1094_025,2,Pedestrian,vru,10.277,19,roll,2.000,100.000,89.474
scene-1094_025,2,Pedestrian,vru,10.277,19,roll,3.000,100.000,68.421
scene-1094_025,2,Pedestrian,vru,10.277,19,ty,0.000,100.000,100.000
scene-1094_025,2,Pedestrian,vru,10.277,19,ty,0.020,100.000,100.000
scene-1094_025,2,Pedestrian,vru,10.277,19,ty,0.050,100.000,100.000
scene-1094_025,2,Pedestrian,vru,10.277,19,ty,0.100,100.000,100.000
scene-1094_026,0,Pedestrian,vru,25.008,6,yaw,0.000,100.000,100.000
scene-1094_026,0,Pedestrian,vru,25.008,6,yaw,0.500,100.000,83.333
scene-1094_026,0,Pedestrian,vru,25.008,6,yaw,1.000,100.000,33.333
scene-1094_026,0,Pedestrian,vru,25.008,6,yaw,2.000,100.000,0.000
scene-1094_026,0,Pedestrian,vru,25.008,6,yaw,3.000,100.000,0.000
scene-1094_026,0,Pedestrian,vru,25.008,6,pitch,0.000,100.000,100.000
scene-1094_026,0,Pedestrian,vru,25.008,6,pitch,0.500,100.000,100.000
scene-1094_026,0,Pedestrian,vru,25.008,6,pitch,1.000,100.000,100.000
scene-1094_026,0,Pedestrian,vru,25.008,6,pitch,2.000,100.000,100.000
scene-1094_026,0,Pedestrian,vru,25.008,6,pitch,3.000,100.000,100.000
scene-1094_026,0,Pedestrian,vru,25.008,6,roll,0.000,100.000,100.000
scene-1094_026,0,Pedestrian,vru,25.008,6,roll,0.500,100.000,100.000
scene-1094_026,0,Pedestrian,vru,25.008,6,roll,1.000,100.000,83.333
scene-1094_026,0,Pedestrian,vru,25.008,6,roll,2.000,100.000,83.333
scene-1094_026,0,Pedestrian,vru,25.008,6,roll,3.000,100.000,16.667
scene-1094_026,0,Pedestrian,vru,25.008,6,ty,0.000,100.000,100.000
scene-1094_026,0,Pedestrian,vru,25.008,6,ty,0.020,100.000,100.000
scene-1094_026,0,Pedestrian,vru,25.008,6,ty,0.050,100.000,100.000
scene-1094_026,0,Pedestrian,vru,25.008,6,ty,0.100,100.000,100.000
scene-1094_026,1,Car,car,24.986,30,yaw,0.000,100.000,100.000
scene-1094_026,1,Car,car,24.986,30,yaw,0.500,100.000,93.333
scene-1094_026,1,Car,car,24.986,30,yaw,1.000,100.000,90.000
scene-1094_026,1,Car,car,24.986,30,yaw,2.000,100.000,66.667
scene-1094_026,1,Car,car,24.986,30,yaw,3.000,100.000,36.667
scene-1094_026,1,Car,car,24.986,30,pitch,0.000,100.000,100.000
scene-1094_026,1,Car,car,24.986,30,pitch,0.500,100.000,100.000
scene-1094_026,1,Car,car,24.986,30,pitch,1.000,100.000,100.000
scene-1094_026,1,Car,car,24.986,30,pitch,2.000,100.000,100.000
scene-1094_026,1,Car,car,24.986,30,pitch,3.000,100.000,100.000
scene-1094_026,1,Car,car,24.986,30,roll,0.000,100.000,100.000
scene-1094_026,1,Car,car,24.986,30,roll,0.500,100.000,100.000
scene-1094_026,1,Car,car,24.986,30,roll,1.000,100.000,70.000
scene-1094_026,1,Car,car,24.986,30,roll,2.000,100.000,33.333
scene-1094_026,1,Car,car,24.986,30,roll,3.000,100.000,33.333
scene-1094_026,1,Car,car,24.986,30,ty,0.000,100.000,100.000
scene-1094_026,1,Car,car,24.986,30,ty,0.020,100.000,100.000
scene-1094_026,1,Car,car,24.986,30,ty,0.050,100.000,100.000
scene-1094_026,1,Car,car,24.986,30,ty,0.100,100.000,100.000
scene-1094_026,2,Pedestrian,vru,17.715,6,yaw,0.000,100.000,100.000
scene-1094_026,2,Pedestrian,vru,17.715,6,yaw,0.500,100.000,83.333
scene-1094_026,2,Pedestrian,vru,17.715,6,yaw,1.000,100.000,83.333
scene-1094_026,2,Pedestrian,vru,17.715,6,yaw,2.000,100.000,0.000
scene-1094_026,2,Pedestrian,vru,17.715,6,yaw,3.000,100.000,0.000
scene-1094_026,2,Pedestrian,vru,17.715,6,pitch,0.000,100.000,100.000
scene-1094_026,2,Pedestrian,vru,17.715,6,pitch,0.500,100.000,100.000
scene-1094_026,2,Pedestrian,vru,17.715,6,pitch,1.000,100.000,100.000
scene-1094_026,2,Pedestrian,vru,17.715,6,pitch,2.000,100.000,100.000
scene-1094_026,2,Pedestrian,vru,17.715,6,pitch,3.000,100.000,100.000
scene-1094_026,2,Pedestrian,vru,17.715,6,roll,0.000,100.000,100.000
scene-1094_026,2,Pedestrian,vru,17.715,6,roll,0.500,100.000,100.000
scene-1094_026,2,Pedestrian,vru,17.715,6,roll,1.000,100.000,100.000
scene-1094_026,2,Pedestrian,vru,17.715,6,roll,2.000,100.000,66.667
scene-1094_026,2,Pedestrian,vru,17.715,6,roll,3.000,100.000,0.000
scene-1094_026,2,Pedestrian,vru,17.715,6,ty,0.000,100.000,100.000
scene-1094_026,2,Pedestrian,vru,17.715,6,ty,0.020,100.000,100.000
scene-1094_026,2,Pedestrian,vru,17.715,6,ty,0.050,100.000,100.000
scene-1094_026,2,Pedestrian,vru,17.715,6,ty,0.100,100.000,100.000
scene-1094_026,3,Car,car,40.518,6,yaw,0.000,100.000,100.000
scene-1094_026,3,Car,car,40.518,6,yaw,0.500,100.000,83.333
scene-1094_026,3,Car,car,40.518,6,yaw,1.000,100.000,83.333
scene-1094_026,3,Car,car,40.518,6,yaw,2.000,100.000,66.667
scene-1094_026,3,Car,car,40.518,6,yaw,3.000,100.000,16.667
scene-1094_026,3,Car,car,40.518,6,pitch,0.000,100.000,100.000
scene-1094_026,3,Car,car,40.518,6,pitch,0.500,100.000,100.000
scene-1094_026,3,Car,car,40.518,6,pitch,1.000,100.000,100.000
scene-1094_026,3,Car,car,40.518,6,pitch,2.000,100.000,16.667
scene-1094_026,3,Car,car,40.518,6,pitch,3.000,100.000,0.000
scene-1094_026,3,Car,car,40.518,6,roll,0.000,100.000,100.000
scene-1094_026,3,Car,car,40.518,6,roll,0.500,100.000,100.000
scene-1094_026,3,Car,car,40.518,6,roll,1.000,100.000,100.000
scene-1094_026,3,Car,car,40.518,6,roll,2.000,100.000,0.000
scene-1094_026,3,Car,car,40.518,6,roll,3.000,100.000,0.000
scene-1094_026,3,Car,car,40.518,6,ty,0.000,100.000,100.000
scene-1094_026,3,Car,car,40.518,6,ty,0.020,100.000,100.000
scene-1094_026,3,Car,car,40.518,6,ty,0.050,100.000,100.000
scene-1094_026,3,Car,car,40.518,6,ty,0.100,100.000,100.000
scene-1094_026,4,Pedestrian,vru,18.157,6,yaw,0.000,100.000,100.000
scene-1094_026,4,Pedestrian,vru,18.157,6,yaw,0.500,100.000,100.000
scene-1094_026,4,Pedestrian,vru,18.157,6,yaw,1.000,100.000,83.333
scene-1094_026,4,Pedestrian,vru,18.157,6,yaw,2.000,100.000,0.000
scene-1094_026,4,Pedestrian,vru,18.157,6,yaw,3.000,100.000,0.000
scene-1094_026,4,Pedestrian,vru,18.157,6,pitch,0.000,100.000,100.000
scene-1094_026,4,Pedestrian,vru,18.157,6,pitch,0.500,100.000,100.000
scene-1094_026,4,Pedestrian,vru,18.157,6,pitch,1.000,100.000,100.000
scene-1094_026,4,Pedestrian,vru,18.157,6,pitch,2.000,100.000,100.000
scene-1094_026,4,Pedestrian,vru,18.157,6,pitch,3.000,100.000,100.000
scene-1094_026,4,Pedestrian,vru,18.157,6,roll,0.000,100.000,100.000
scene-1094_026,4,Pedestrian,vru,18.157,6,roll,0.500,100.000,100.000
scene-1094_026,4,Pedestrian,vru,18.157,6,roll,1.000,100.000,100.000
scene-1094_026,4,Pedestrian,vru,18.157,6,roll,2.000,100.000,100.000
scene-1094_026,4,Pedestrian,vru,18.157,6,roll,3.000,100.000,33.333
scene-1094_026,4,Pedestrian,vru,18.157,6,ty,0.000,100.000,100.000
scene-1094_026,4,Pedestrian,vru,18.157,6,ty,0.020,100.000,100.000
scene-1094_026,4,Pedestrian,vru,18.157,6,ty,0.050,100.000,100.000
scene-1094_026,4,Pedestrian,vru,18.157,6,ty,0.100,100.000,100.000
scene-1094_027,0,Pedestrian,vru,20.904,6,yaw,0.000,100.000,100.000
scene-1094_027,0,Pedestrian,vru,20.904,6,yaw,0.500,100.000,100.000
scene-1094_027,0,Pedestrian,vru,20.904,6,yaw,1.000,100.000,50.000
scene-1094_027,0,Pedestrian,vru,20.904,6,yaw,2.000,100.000,0.000
scene-1094_027,0,Pedestrian,vru,20.904,6,yaw,3.000,100.000,0.000
scene-1094_027,0,Pedestrian,vru,20.904,6,pitch,0.000,100.000,100.000
scene-1094_027,0,Pedestrian,vru,20.904,6,pitch,0.500,100.000,100.000
scene-1094_027,0,Pedestrian,vru,20.904,6,pitch,1.000,100.000,100.000
scene-1094_027,0,Pedestrian,vru,20.904,6,pitch,2.000,100.000,100.000
scene-1094_027,0,Pedestrian,vru,20.904,6,pitch,3.000,100.000,100.000
scene-1094_027,0,Pedestrian,vru,20.904,6,roll,0.000,100.000,100.000
scene-1094_027,0,Pedestrian,vru,20.904,6,roll,0.500,100.000,100.000
scene-1094_027,0,Pedestrian,vru,20.904,6,roll,1.000,100.000,83.333
scene-1094_027,0,Pedestrian,vru,20.904,6,roll,2.000,100.000,83.333
scene-1094_027,0,Pedestrian,vru,20.904,6,roll,3.000,100.000,66.667
scene-1094_027,0,Pedestrian,vru,20.904,6,ty,0.000,100.000,100.000
scene-1094_027,0,Pedestrian,vru,20.904,6,ty,0.020,100.000,100.000
scene-1094_027,0,Pedestrian,vru,20.904,6,ty,0.050,100.000,100.000
scene-1094_027,0,Pedestrian,vru,20.904,6,ty,0.100,100.000,100.000
scene-1094_027,1,Car,car,25.749,29,yaw,0.000,100.000,100.000
scene-1094_027,1,Car,car,25.749,29,yaw,0.500,100.000,93.103
scene-1094_027,1,Car,car,25.749,29,yaw,1.000,100.000,86.207
scene-1094_027,1,Car,car,25.749,29,yaw,2.000,100.000,58.621
scene-1094_027,1,Car,car,25.749,29,yaw,3.000,100.000,31.034
scene-1094_027,1,Car,car,25.749,29,pitch,0.000,100.000,100.000
scene-1094_027,1,Car,car,25.749,29,pitch,0.500,100.000,100.000
scene-1094_027,1,Car,car,25.749,29,pitch,1.000,100.000,100.000
scene-1094_027,1,Car,car,25.749,29,pitch,2.000,100.000,100.000
scene-1094_027,1,Car,car,25.749,29,pitch,3.000,100.000,100.000
scene-1094_027,1,Car,car,25.749,29,roll,0.000,100.000,100.000
scene-1094_027,1,Car,car,25.749,29,roll,0.500,100.000,100.000
scene-1094_027,1,Car,car,25.749,29,roll,1.000,100.000,72.414
scene-1094_027,1,Car,car,25.749,29,roll,2.000,100.000,37.931
scene-1094_027,1,Car,car,25.749,29,roll,3.000,100.000,37.931
scene-1094_027,1,Car,car,25.749,29,ty,0.000,100.000,100.000
scene-1094_027,1,Car,car,25.749,29,ty,0.020,100.000,100.000
scene-1094_027,1,Car,car,25.749,29,ty,0.050,100.000,100.000
scene-1094_027,1,Car,car,25.749,29,ty,0.100,100.000,100.000
scene-1094_027,2,Pedestrian,vru,12.596,16,yaw,0.000,100.000,87.500
scene-1094_027,2,Pedestrian,vru,12.596,16,yaw,0.500,100.000,100.000
scene-1094_027,2,Pedestrian,vru,12.596,16,yaw,1.000,100.000,100.000
scene-1094_027,2,Pedestrian,vru,12.596,16,yaw,2.000,100.000,56.250
scene-1094_027,2,Pedestrian,vru,12.596,16,yaw,3.000,100.000,6.250
scene-1094_027,2,Pedestrian,vru,12.596,16,pitch,0.000,100.000,87.500
scene-1094_027,2,Pedestrian,vru,12.596,16,pitch,0.500,100.000,87.500
scene-1094_027,2,Pedestrian,vru,12.596,16,pitch,1.000,100.000,87.500
scene-1094_027,2,Pedestrian,vru,12.596,16,pitch,2.000,100.000,87.500
scene-1094_027,2,Pedestrian,vru,12.596,16,pitch,3.000,100.000,87.500
scene-1094_027,2,Pedestrian,vru,12.596,16,roll,0.000,100.000,87.500
scene-1094_027,2,Pedestrian,vru,12.596,16,roll,0.500,100.000,87.500
scene-1094_027,2,Pedestrian,vru,12.596,16,roll,1.000,100.000,87.500
scene-1094_027,2,Pedestrian,vru,12.596,16,roll,2.000,100.000,68.750
scene-1094_027,2,Pedestrian,vru,12.596,16,roll,3.000,100.000,37.500
scene-1094_027,2,Pedestrian,vru,12.596,16,ty,0.000,100.000,87.500
scene-1094_027,2,Pedestrian,vru,12.596,16,ty,0.020,100.000,87.500
scene-1094_027,2,Pedestrian,vru,12.596,16,ty,0.050,100.000,87.500
scene-1094_027,2,Pedestrian,vru,12.596,16,ty,0.100,100.000,87.500
scene-1094_027,3,Car,car,32.521,5,yaw,0.000,100.000,100.000
scene-1094_027,3,Car,car,32.521,5,yaw,0.500,100.000,100.000
scene-1094_027,3,Car,car,32.521,5,yaw,1.000,100.000,80.000
scene-1094_027,3,Car,car,32.521,5,yaw,2.000,100.000,60.000
scene-1094_027,3,Car,car,32.521,5,yaw,3.000,100.000,40.000
scene-1094_027,3,Car,car,32.521,5,pitch,0.000,100.000,100.000
scene-1094_027,3,Car,car,32.521,5,pitch,0.500,100.000,100.000
scene-1094_027,3,Car,car,32.521,5,pitch,1.000,100.000,100.000
scene-1094_027,3,Car,car,32.521,5,pitch,2.000,100.000,0.000
scene-1094_027,3,Car,car,32.521,5,pitch,3.000,100.000,0.000
scene-1094_027,3,Car,car,32.521,5,roll,0.000,100.000,100.000
scene-1094_027,3,Car,car,32.521,5,roll,0.500,100.000,100.000
scene-1094_027,3,Car,car,32.521,5,roll,1.000,100.000,100.000
scene-1094_027,3,Car,car,32.521,5,roll,2.000,100.000,100.000
scene-1094_027,3,Car,car,32.521,5,roll,3.000,100.000,0.000
scene-1094_027,3,Car,car,32.521,5,ty,0.000,100.000,100.000
scene-1094_027,3,Car,car,32.521,5,ty,0.020,100.000,100.000
scene-1094_027,3,Car,car,32.521,5,ty,0.050,100.000,100.000
scene-1094_027,3,Car,car,32.521,5,ty,0.100,100.000,100.000
scene-1094_027,4,Pedestrian,vru,12.917,23,yaw,0.000,100.000,95.652
scene-1094_027,4,Pedestrian,vru,12.917,23,yaw,0.500,100.000,95.652
scene-1094_027,4,Pedestrian,vru,12.917,23,yaw,1.000,100.000,86.957
scene-1094_027,4,Pedestrian,vru,12.917,23,yaw,2.000,100.000,56.522
scene-1094_027,4,Pedestrian,vru,12.917,23,yaw,3.000,100.000,17.391
scene-1094_027,4,Pedestrian,vru,12.917,23,pitch,0.000,100.000,95.652
scene-1094_027,4,Pedestrian,vru,12.917,23,pitch,0.500,100.000,95.652
scene-1094_027,4,Pedestrian,vru,12.917,23,pitch,1.000,100.000,86.957
scene-1094_027,4,Pedestrian,vru,12.917,23,pitch,2.000,100.000,86.957
scene-1094_027,4,Pedestrian,vru,12.917,23,pitch,3.000,100.000,86.957
scene-1094_027,4,Pedestrian,vru,12.917,23,roll,0.000,100.000,95.652
scene-1094_027,4,Pedestrian,vru,12.917,23,roll,0.500,100.000,86.957
scene-1094_027,4,Pedestrian,vru,12.917,23,roll,1.000,100.000,86.957
scene-1094_027,4,Pedestrian,vru,12.917,23,roll,2.000,100.000,60.870
scene-1094_027,4,Pedestrian,vru,12.917,23,roll,3.000,100.000,60.870
scene-1094_027,4,Pedestrian,vru,12.917,23,ty,0.000,100.000,95.652
scene-1094_027,4,Pedestrian,vru,12.917,23,ty,0.020,100.000,95.652
scene-1094_027,4,Pedestrian,vru,12.917,23,ty,0.050,100.000,95.652
scene-1094_027,4,Pedestrian,vru,12.917,23,ty,0.100,100.000,100.000
scene-1094_028,0,Pedestrian,vru,16.729,9,yaw,0.000,100.000,100.000
scene-1094_028,0,Pedestrian,vru,16.729,9,yaw,0.500,100.000,100.000
scene-1094_028,0,Pedestrian,vru,16.729,9,yaw,1.000,100.000,88.889
scene-1094_028,0,Pedestrian,vru,16.729,9,yaw,2.000,100.000,11.111
scene-1094_028,0,Pedestrian,vru,16.729,9,yaw,3.000,100.000,0.000
scene-1094_028,0,Pedestrian,vru,16.729,9,pitch,0.000,100.000,100.000
scene-1094_028,0,Pedestrian,vru,16.729,9,pitch,0.500,100.000,100.000
scene-1094_028,0,Pedestrian,vru,16.729,9,pitch,1.000,100.000,100.000
scene-1094_028,0,Pedestrian,vru,16.729,9,pitch,2.000,100.000,100.000
scene-1094_028,0,Pedestrian,vru,16.729,9,pitch,3.000,100.000,100.000
scene-1094_028,0,Pedestrian,vru,16.729,9,roll,0.000,100.000,100.000
scene-1094_028,0,Pedestrian,vru,16.729,9,roll,0.500,100.000,100.000
scene-1094_028,0,Pedestrian,vru,16.729,9,roll,1.000,100.000,100.000
scene-1094_028,0,Pedestrian,vru,16.729,9,roll,2.000,100.000,77.778
scene-1094_028,0,Pedestrian,vru,16.729,9,roll,3.000,100.000,77.778
scene-1094_028,0,Pedestrian,vru,16.729,9,ty,0.000,100.000,100.000
scene-1094_028,0,Pedestrian,vru,16.729,9,ty,0.020,100.000,100.000
scene-1094_028,0,Pedestrian,vru,16.729,9,ty,0.050,100.000,100.000
scene-1094_028,0,Pedestrian,vru,16.729,9,ty,0.100,100.000,100.000
scene-1094_028,1,Car,car,23.747,8,yaw,0.000,100.000,100.000
scene-1094_028,1,Car,car,23.747,8,yaw,0.500,100.000,87.500
scene-1094_028,1,Car,car,23.747,8,yaw,1.000,100.000,87.500
scene-1094_028,1,Car,car,23.747,8,yaw,2.000,100.000,87.500
scene-1094_028,1,Car,car,23.747,8,yaw,3.000,100.000,75.000
scene-1094_028,1,Car,car,23.747,8,pitch,0.000,100.000,100.000
scene-1094_028,1,Car,car,23.747,8,pitch,0.500,100.000,100.000
scene-1094_028,1,Car,car,23.747,8,pitch,1.000,100.000,100.000
scene-1094_028,1,Car,car,23.747,8,pitch,2.000,100.000,12.500
scene-1094_028,1,Car,car,23.747,8,pitch,3.000,100.000,0.000
scene-1094_028,1,Car,car,23.747,8,roll,0.000,100.000,100.000
scene-1094_028,1,Car,car,23.747,8,roll,0.500,100.000,100.000
scene-1094_028,1,Car,car,23.747,8,roll,1.000,100.000,100.000
scene-1094_028,1,Car,car,23.747,8,roll,2.000,100.000,100.000
scene-1094_028,1,Car,car,23.747,8,roll,3.000,100.000,100.000
scene-1094_028,1,Car,car,23.747,8,ty,0.000,100.000,100.000
scene-1094_028,1,Car,car,23.747,8,ty,0.020,100.000,100.000
scene-1094_028,1,Car,car,23.747,8,ty,0.050,100.000,100.000
scene-1094_028,1,Car,car,23.747,8,ty,0.100,100.000,100.000
scene-1094_028,2,Car,car,26.585,9,yaw,0.000,100.000,100.000
scene-1094_028,2,Car,car,26.585,9,yaw,0.500,100.000,88.889
scene-1094_028,2,Car,car,26.585,9,yaw,1.000,100.000,77.778
scene-1094_028,2,Car,car,26.585,9,yaw,2.000,100.000,66.667
scene-1094_028,2,Car,car,26.585,9,yaw,3.000,100.000,33.333
scene-1094_028,2,Car,car,26.585,9,pitch,0.000,100.000,100.000
scene-1094_028,2,Car,car,26.585,9,pitch,0.500,100.000,100.000
scene-1094_028,2,Car,car,26.585,9,pitch,1.000,100.000,100.000
scene-1094_028,2,Car,car,26.585,9,pitch,2.000,100.000,100.000
scene-1094_028,2,Car,car,26.585,9,pitch,3.000,100.000,100.000
scene-1094_028,2,Car,car,26.585,9,roll,0.000,100.000,100.000
scene-1094_028,2,Car,car,26.585,9,roll,0.500,100.000,100.000
scene-1094_028,2,Car,car,26.585,9,roll,1.000,100.000,100.000
scene-1094_028,2,Car,car,26.585,9,roll,2.000,100.000,88.889
scene-1094_028,2,Car,car,26.585,9,roll,3.000,100.000,11.111
scene-1094_028,2,Car,car,26.585,9,ty,0.000,100.000,100.000
scene-1094_028,2,Car,car,26.585,9,ty,0.020,100.000,100.000
scene-1094_028,2,Car,car,26.585,9,ty,0.050,100.000,100.000
scene-1094_028,2,Car,car,26.585,9,ty,0.100,100.000,100.000
scene-1094_028,3,Pedestrian,vru,7.365,54,yaw,0.000,100.000,94.444
scene-1094_028,3,Pedestrian,vru,7.365,54,yaw,0.500,100.000,96.296
scene-1094_028,3,Pedestrian,vru,7.365,54,yaw,1.000,100.000,90.741
scene-1094_028,3,Pedestrian,vru,7.365,54,yaw,2.000,100.000,85.185
scene-1094_028,3,Pedestrian,vru,7.365,54,yaw,3.000,100.000,68.519
scene-1094_028,3,Pedestrian,vru,7.365,54,pitch,0.000,100.000,94.444
scene-1094_028,3,Pedestrian,vru,7.365,54,pitch,0.500,100.000,96.296
scene-1094_028,3,Pedestrian,vru,7.365,54,pitch,1.000,100.000,96.296
scene-1094_028,3,Pedestrian,vru,7.365,54,pitch,2.000,100.000,94.444
scene-1094_028,3,Pedestrian,vru,7.365,54,pitch,3.000,100.000,90.741
scene-1094_028,3,Pedestrian,vru,7.365,54,roll,0.000,100.000,94.444
scene-1094_028,3,Pedestrian,vru,7.365,54,roll,0.500,100.000,94.444
scene-1094_028,3,Pedestrian,vru,7.365,54,roll,1.000,100.000,88.889
scene-1094_028,3,Pedestrian,vru,7.365,54,roll,2.000,100.000,88.889
scene-1094_028,3,Pedestrian,vru,7.365,54,roll,3.000,100.000,83.333
scene-1094_028,3,Pedestrian,vru,7.365,54,ty,0.000,100.000,94.444
scene-1094_028,3,Pedestrian,vru,7.365,54,ty,0.020,100.000,94.444
scene-1094_028,3,Pedestrian,vru,7.365,54,ty,0.050,100.000,94.444
scene-1094_028,3,Pedestrian,vru,7.365,54,ty,0.100,100.000,94.444
scene-1094_028,4,Car,car,24.543,9,yaw,0.000,100.000,100.000
scene-1094_028,4,Car,car,24.543,9,yaw,0.500,100.000,100.000
scene-1094_028,4,Car,car,24.543,9,yaw,1.000,100.000,100.000
scene-1094_028,4,Car,car,24.543,9,yaw,2.000,100.000,100.000
scene-1094_028,4,Car,car,24.543,9,yaw,3.000,100.000,88.889
scene-1094_028,4,Car,car,24.543,9,pitch,0.000,100.000,100.000
scene-1094_028,4,Car,car,24.543,9,pitch,0.500,100.000,100.000
scene-1094_028,4,Car,car,24.543,9,pitch,1.000,100.000,100.000
scene-1094_028,4,Car,car,24.543,9,pitch,2.000,100.000,0.000
scene-1094_028,4,Car,car,24.543,9,pitch,3.000,100.000,0.000
scene-1094_028,4,Car,car,24.543,9,roll,0.000,100.000,100.000
scene-1094_028,4,Car,car,24.543,9,roll,0.500,100.000,100.000
scene-1094_028,4,Car,car,24.543,9,roll,1.000,100.000,100.000
scene-1094_028,4,Car,car,24.543,9,roll,2.000,100.000,100.000
scene-1094_028,4,Car,car,24.543,9,roll,3.000,100.000,100.000
scene-1094_028,4,Car,car,24.543,9,ty,0.000,100.000,100.000
scene-1094_028,4,Car,car,24.543,9,ty,0.020,100.000,100.000
scene-1094_028,4,Car,car,24.543,9,ty,0.050,100.000,100.000
scene-1094_028,4,Car,car,24.543,9,ty,0.100,100.000,100.000
scene-1094_029,0,Pedestrian,vru,12.474,19,yaw,0.000,100.000,100.000
scene-1094_029,0,Pedestrian,vru,12.474,19,yaw,0.500,100.000,100.000
scene-1094_029,0,Pedestrian,vru,12.474,19,yaw,1.000,100.000,89.474
scene-1094_029,0,Pedestrian,vru,12.474,19,yaw,2.000,100.000,26.316
scene-1094_029,0,Pedestrian,vru,12.474,19,yaw,3.000,100.000,0.000
scene-1094_029,0,Pedestrian,vru,12.474,19,pitch,0.000,100.000,100.000
scene-1094_029,0,Pedestrian,vru,12.474,19,pitch,0.500,100.000,100.000
scene-1094_029,0,Pedestrian,vru,12.474,19,pitch,1.000,100.000,100.000
scene-1094_029,0,Pedestrian,vru,12.474,19,pitch,2.000,100.000,94.737
scene-1094_029,0,Pedestrian,vru,12.474,19,pitch,3.000,100.000,94.737
scene-1094_029,0,Pedestrian,vru,12.474,19,roll,0.000,100.000,100.000
scene-1094_029,0,Pedestrian,vru,12.474,19,roll,0.500,100.000,100.000
scene-1094_029,0,Pedestrian,vru,12.474,19,roll,1.000,100.000,94.737
scene-1094_029,0,Pedestrian,vru,12.474,19,roll,2.000,100.000,73.684
scene-1094_029,0,Pedestrian,vru,12.474,19,roll,3.000,100.000,73.684
scene-1094_029,0,Pedestrian,vru,12.474,19,ty,0.000,100.000,100.000
scene-1094_029,0,Pedestrian,vru,12.474,19,ty,0.020,100.000,100.000
scene-1094_029,0,Pedestrian,vru,12.474,19,ty,0.050,100.000,100.000
scene-1094_029,0,Pedestrian,vru,12.474,19,ty,0.100,100.000,100.000
scene-1094_029,1,Bus,car,49.074,6,yaw,0.000,100.000,100.000
scene-1094_029,1,Bus,car,49.074,6,yaw,0.500,100.000,100.000
scene-1094_029,1,Bus,car,49.074,6,yaw,1.000,100.000,100.000
scene-1094_029,1,Bus,car,49.074,6,yaw,2.000,100.000,50.000
scene-1094_029,1,Bus,car,49.074,6,yaw,3.000,100.000,16.667
scene-1094_029,1,Bus,car,49.074,6,pitch,0.000,100.000,100.000
scene-1094_029,1,Bus,car,49.074,6,pitch,0.500,100.000,100.000
scene-1094_029,1,Bus,car,49.074,6,pitch,1.000,100.000,100.000
scene-1094_029,1,Bus,car,49.074,6,pitch,2.000,100.000,100.000
scene-1094_029,1,Bus,car,49.074,6,pitch,3.000,100.000,100.000
scene-1094_029,1,Bus,car,49.074,6,roll,0.000,100.000,100.000
scene-1094_029,1,Bus,car,49.074,6,roll,0.500,100.000,100.000
scene-1094_029,1,Bus,car,49.074,6,roll,1.000,100.000,100.000
scene-1094_029,1,Bus,car,49.074,6,roll,2.000,100.000,100.000
scene-1094_029,1,Bus,car,49.074,6,roll,3.000,100.000,100.000
scene-1094_029,1,Bus,car,49.074,6,ty,0.000,100.000,100.000
scene-1094_029,1,Bus,car,49.074,6,ty,0.020,100.000,100.000
scene-1094_029,1,Bus,car,49.074,6,ty,0.050,100.000,100.000
scene-1094_029,1,Bus,car,49.074,6,ty,0.100,100.000,100.000
scene-1094_029,2,Car,car,27.311,21,yaw,0.000,100.000,95.238
scene-1094_029,2,Car,car,27.311,21,yaw,0.500,100.000,95.238
scene-1094_029,2,Car,car,27.311,21,yaw,1.000,100.000,85.714
scene-1094_029,2,Car,car,27.311,21,yaw,2.000,100.000,61.905
scene-1094_029,2,Car,car,27.311,21,yaw,3.000,100.000,23.810
scene-1094_029,2,Car,car,27.311,21,pitch,0.000,100.000,95.238
scene-1094_029,2,Car,car,27.311,21,pitch,0.500,100.000,95.238
scene-1094_029,2,Car,car,27.311,21,pitch,1.000,100.000,85.714
scene-1094_029,2,Car,car,27.311,21,pitch,2.000,100.000,80.952
scene-1094_029,2,Car,car,27.311,21,pitch,3.000,100.000,80.952
scene-1094_029,2,Car,car,27.311,21,roll,0.000,100.000,95.238
scene-1094_029,2,Car,car,27.311,21,roll,0.500,100.000,95.238
scene-1094_029,2,Car,car,27.311,21,roll,1.000,100.000,95.238
scene-1094_029,2,Car,car,27.311,21,roll,2.000,100.000,52.381
scene-1094_029,2,Car,car,27.311,21,roll,3.000,100.000,14.286
scene-1094_029,2,Car,car,27.311,21,ty,0.000,100.000,95.238
scene-1094_029,2,Car,car,27.311,21,ty,0.020,100.000,95.238
scene-1094_029,2,Car,car,27.311,21,ty,0.050,100.000,95.238
scene-1094_029,2,Car,car,27.311,21,ty,0.100,100.000,95.238
scene-1094_030,0,Pedestrian,vru,7.996,54,yaw,0.000,100.000,98.148
scene-1094_030,0,Pedestrian,vru,7.996,54,yaw,0.500,100.000,100.000
scene-1094_030,0,Pedestrian,vru,7.996,54,yaw,1.000,100.000,92.593
scene-1094_030,0,Pedestrian,vru,7.996,54,yaw,2.000,100.000,53.704
scene-1094_030,0,Pedestrian,vru,7.996,54,yaw,3.000,100.000,27.778
scene-1094_030,0,Pedestrian,vru,7.996,54,pitch,0.000,100.000,98.148
scene-1094_030,0,Pedestrian,vru,7.996,54,pitch,0.500,100.000,100.000
scene-1094_030,0,Pedestrian,vru,7.996,54,pitch,1.000,100.000,100.000
scene-1094_030,0,Pedestrian,vru,7.996,54,pitch,2.000,100.000,100.000
scene-1094_030,0,Pedestrian,vru,7.996,54,pitch,3.000,100.000,100.000
scene-1094_030,0,Pedestrian,vru,7.996,54,roll,0.000,100.000,98.148
scene-1094_030,0,Pedestrian,vru,7.996,54,roll,0.500,100.000,98.148
scene-1094_030,0,Pedestrian,vru,7.996,54,roll,1.000,100.000,98.148
scene-1094_030,0,Pedestrian,vru,7.996,54,roll,2.000,100.000,90.741
scene-1094_030,0,Pedestrian,vru,7.996,54,roll,3.000,100.000,90.741
scene-1094_030,0,Pedestrian,vru,7.996,54,ty,0.000,100.000,98.148
scene-1094_030,0,Pedestrian,vru,7.996,54,ty,0.020,100.000,98.148
scene-1094_030,0,Pedestrian,vru,7.996,54,ty,0.050,100.000,98.148
scene-1094_030,0,Pedestrian,vru,7.996,54,ty,0.100,100.000,98.148
scene-1094_030,1,Bus,car,40.778,32,yaw,0.000,100.000,100.000
scene-1094_030,1,Bus,car,40.778,32,yaw,0.500,100.000,100.000
scene-1094_030,1,Bus,car,40.778,32,yaw,1.000,100.000,93.750
scene-1094_030,1,Bus,car,40.778,32,yaw,2.000,100.000,68.750
scene-1094_030,1,Bus,car,40.778,32,yaw,3.000,100.000,53.125
scene-1094_030,1,Bus,car,40.778,32,pitch,0.000,100.000,100.000
scene-1094_030,1,Bus,car,40.778,32,pitch,0.500,100.000,100.000
scene-1094_030,1,Bus,car,40.778,32,pitch,1.000,100.000,100.000
scene-1094_030,1,Bus,car,40.778,32,pitch,2.000,100.000,100.000
scene-1094_030,1,Bus,car,40.778,32,pitch,3.000,100.000,84.375
scene-1094_030,1,Bus,car,40.778,32,roll,0.000,100.000,100.000
scene-1094_030,1,Bus,car,40.778,32,roll,0.500,100.000,96.875
scene-1094_030,1,Bus,car,40.778,32,roll,1.000,100.000,96.875
scene-1094_030,1,Bus,car,40.778,32,roll,2.000,100.000,84.375
scene-1094_030,1,Bus,car,40.778,32,roll,3.000,100.000,65.625
scene-1094_030,1,Bus,car,40.778,32,ty,0.000,100.000,100.000
scene-1094_030,1,Bus,car,40.778,32,ty,0.020,100.000,100.000
scene-1094_030,1,Bus,car,40.778,32,ty,0.050,100.000,100.000
scene-1094_030,1,Bus,car,40.778,32,ty,0.100,100.000,100.000
scene-1094_030,2,Car,car,28.170,8,yaw,0.000,100.000,100.000
scene-1094_030,2,Car,car,28.170,8,yaw,0.500,100.000,87.500
scene-1094_030,2,Car,car,28.170,8,yaw,1.000,100.000,87.500
scene-1094_030,2,Car,car,28.170,8,yaw,2.000,100.000,50.000
scene-1094_030,2,Car,car,28.170,8,yaw,3.000,100.000,12.500
scene-1094_030,2,Car,car,28.170,8,pitch,0.000,100.000,100.000
scene-1094_030,2,Car,car,28.170,8,pitch,0.500,100.000,100.000
scene-1094_030,2,Car,car,28.170,8,pitch,1.000,100.000,100.000
scene-1094_030,2,Car,car,28.170,8,pitch,2.000,100.000,100.000
scene-1094_030,2,Car,car,28.170,8,pitch,3.000,100.000,100.000
scene-1094_030,2,Car,car,28.170,8,roll,0.000,100.000,100.000
scene-1094_030,2,Car,car,28.170,8,roll,0.500,100.000,100.000
scene-1094_030,2,Car,car,28.170,8,roll,1.000,100.000,100.000
scene-1094_030,2,Car,car,28.170,8,roll,2.000,100.000,100.000
scene-1094_030,2,Car,car,28.170,8,roll,3.000,100.000,0.000
scene-1094_030,2,Car,car,28.170,8,ty,0.000,100.000,100.000
scene-1094_030,2,Car,car,28.170,8,ty,0.020,100.000,100.000
scene-1094_030,2,Car,car,28.170,8,ty,0.050,100.000,100.000
scene-1094_030,2,Car,car,28.170,8,ty,0.100,100.000,100.000
scene-1094_031,0,Bus,car,32.164,47,yaw,0.000,100.000,100.000
scene-1094_031,0,Bus,car,32.164,47,yaw,0.500,100.000,97.872
scene-1094_031,0,Bus,car,32.164,47,yaw,1.000,100.000,93.617
scene-1094_031,0,Bus,car,32.164,47,yaw,2.000,100.000,74.468
scene-1094_031,0,Bus,car,32.164,47,yaw,3.000,100.000,57.447
scene-1094_031,0,Bus,car,32.164,47,pitch,0.000,100.000,100.000
scene-1094_031,0,Bus,car,32.164,47,pitch,0.500,100.000,100.000
scene-1094_031,0,Bus,car,32.164,47,pitch,1.000,100.000,100.000
scene-1094_031,0,Bus,car,32.164,47,pitch,2.000,100.000,93.617
scene-1094_031,0,Bus,car,32.164,47,pitch,3.000,100.000,93.617
scene-1094_031,0,Bus,car,32.164,47,roll,0.000,100.000,100.000
scene-1094_031,0,Bus,car,32.164,47,roll,0.500,100.000,100.000
scene-1094_031,0,Bus,car,32.164,47,roll,1.000,100.000,100.000
scene-1094_031,0,Bus,car,32.164,47,roll,2.000,100.000,100.000
scene-1094_031,0,Bus,car,32.164,47,roll,3.000,100.000,87.234
scene-1094_031,0,Bus,car,32.164,47,ty,0.000,100.000,100.000
scene-1094_031,0,Bus,car,32.164,47,ty,0.020,100.000,100.000
scene-1094_031,0,Bus,car,32.164,47,ty,0.050,100.000,100.000
scene-1094_031,0,Bus,car,32.164,47,ty,0.100,100.000,100.000
scene-1094_031,1,Car,car,28.691,9,yaw,0.000,100.000,100.000
scene-1094_031,1,Car,car,28.691,9,yaw,0.500,100.000,88.889
scene-1094_031,1,Car,car,28.691,9,yaw,1.000,100.000,66.667
scene-1094_031,1,Car,car,28.691,9,yaw,2.000,100.000,33.333
scene-1094_031,1,Car,car,28.691,9,yaw,3.000,100.000,11.111
scene-1094_031,1,Car,car,28.691,9,pitch,0.000,100.000,100.000
scene-1094_031,1,Car,car,28.691,9,pitch,0.500,100.000,100.000
scene-1094_031,1,Car,car,28.691,9,pitch,1.000,100.000,100.000
scene-1094_031,1,Car,car,28.691,9,pitch,2.000,100.000,100.000
scene-1094_031,1,Car,car,28.691,9,pitch,3.000,100.000,100.000
scene-1094_031,1,Car,car,28.691,9,roll,0.000,100.000,100.000
scene-1094_031,1,Car,car,28.691,9,roll,0.500,100.000,100.000
scene-1094_031,1,Car,car,28.691,9,roll,1.000,100.000,100.000
scene-1094_031,1,Car,car,28.691,9,roll,2.000,100.000,100.000
scene-1094_031,1,Car,car,28.691,9,roll,3.000,100.000,11.111
scene-1094_031,1,Car,car,28.691,9,ty,0.000,100.000,100.000
scene-1094_031,1,Car,car,28.691,9,ty,0.020,100.000,100.000
scene-1094_031,1,Car,car,28.691,9,ty,0.050,100.000,100.000
scene-1094_031,1,Car,car,28.691,9,ty,0.100,100.000,100.000
scene-1094_032,0,Bus,car,23.586,130,yaw,0.000,93.077,93.077
scene-1094_032,0,Bus,car,23.586,130,yaw,0.500,93.077,93.077
scene-1094_032,0,Bus,car,23.586,130,yaw,1.000,93.846,90.769
scene-1094_032,0,Bus,car,23.586,130,yaw,2.000,96.154,85.385
scene-1094_032,0,Bus,car,23.586,130,yaw,3.000,99.231,82.308
scene-1094_032,0,Bus,car,23.586,130,pitch,0.000,93.077,93.077
scene-1094_032,0,Bus,car,23.586,130,pitch,0.500,93.077,90.769
scene-1094_032,0,Bus,car,23.586,130,pitch,1.000,93.077,83.846
scene-1094_032,0,Bus,car,23.586,130,pitch,2.000,93.077,83.846
scene-1094_032,0,Bus,car,23.586,130,pitch,3.000,93.077,83.846
scene-1094_032,0,Bus,car,23.586,130,roll,0.000,93.077,93.077
scene-1094_032,0,Bus,car,23.586,130,roll,0.500,93.077,93.077
scene-1094_032,0,Bus,car,23.586,130,roll,1.000,93.077,91.538
scene-1094_032,0,Bus,car,23.586,130,roll,2.000,93.077,88.462
scene-1094_032,0,Bus,car,23.586,130,roll,3.000,93.077,73.846
scene-1094_032,0,Bus,car,23.586,130,ty,0.000,93.077,93.077
scene-1094_032,0,Bus,car,23.586,130,ty,0.020,93.077,93.077
scene-1094_032,0,Bus,car,23.586,130,ty,0.050,93.077,93.077
scene-1094_032,0,Bus,car,23.586,130,ty,0.100,93.077,93.077
scene-1094_032,1,Car,car,29.223,8,yaw,0.000,100.000,87.500
scene-1094_032,1,Car,car,29.223,8,yaw,0.500,100.000,87.500
scene-1094_032,1,Car,car,29.223,8,yaw,1.000,100.000,75.000
scene-1094_032,1,Car,car,29.223,8,yaw,2.000,100.000,50.000
scene-1094_032,1,Car,car,29.223,8,yaw,3.000,100.000,12.500
scene-1094_032,1,Car,car,29.223,8,pitch,0.000,100.000,87.500
scene-1094_032,1,Car,car,29.223,8,pitch,0.500,100.000,87.500
scene-1094_032,1,Car,car,29.223,8,pitch,1.000,100.000,87.500
scene-1094_032,1,Car,car,29.223,8,pitch,2.000,100.000,87.500
scene-1094_032,1,Car,car,29.223,8,pitch,3.000,100.000,87.500
scene-1094_032,1,Car,car,29.223,8,roll,0.000,100.000,87.500
scene-1094_032,1,Car,car,29.223,8,roll,0.500,100.000,87.500
scene-1094_032,1,Car,car,29.223,8,roll,1.000,100.000,87.500
scene-1094_032,1,Car,car,29.223,8,roll,2.000,100.000,87.500
scene-1094_032,1,Car,car,29.223,8,roll,3.000,100.000,0.000
scene-1094_032,1,Car,car,29.223,8,ty,0.000,100.000,87.500
scene-1094_032,1,Car,car,29.223,8,ty,0.020,100.000,87.500
scene-1094_032,1,Car,car,29.223,8,ty,0.050,100.000,87.500
scene-1094_032,1,Car,car,29.223,8,ty,0.100,100.000,87.500
scene-1094_033,0,Car,car,29.665,18,yaw,0.000,100.000,94.444
scene-1094_033,0,Car,car,29.665,18,yaw,0.500,100.000,94.444
scene-1094_033,0,Car,car,29.665,18,yaw,1.000,100.000,72.222
scene-1094_033,0,Car,car,29.665,18,yaw,2.000,100.000,38.889
scene-1094_033,0,Car,car,29.665,18,yaw,3.000,100.000,5.556
scene-1094_033,0,Car,car,29.665,18,pitch,0.000,100.000,94.444
scene-1094_033,0,Car,car,29.665,18,pitch,0.500,100.000,94.444
scene-1094_033,0,Car,car,29.665,18,pitch,1.000,100.000,94.444
scene-1094_033,0,Car,car,29.665,18,pitch,2.000,100.000,94.444
scene-1094_033,0,Car,car,29.665,18,pitch,3.000,100.000,94.444
scene-1094_033,0,Car,car,29.665,18,roll,0.000,100.000,94.444
scene-1094_033,0,Car,car,29.665,18,roll,0.500,100.000,94.444
scene-1094_033,0,Car,car,29.665,18,roll,1.000,100.000,94.444
scene-1094_033,0,Car,car,29.665,18,roll,2.000,100.000,44.444
scene-1094_033,0,Car,car,29.665,18,roll,3.000,100.000,0.000
scene-1094_033,0,Car,car,29.665,18,ty,0.000,100.000,94.444
scene-1094_033,0,Car,car,29.665,18,ty,0.020,100.000,94.444
scene-1094_033,0,Car,car,29.665,18,ty,0.050,100.000,94.444
scene-1094_033,0,Car,car,29.665,18,ty,0.100,100.000,94.444
scene-1094_034,0,Car,car,29.970,7,yaw,0.000,100.000,100.000
scene-1094_034,0,Car,car,29.970,7,yaw,0.500,100.000,100.000
scene-1094_034,0,Car,car,29.970,7,yaw,1.000,100.000,85.714
scene-1094_034,0,Car,car,29.970,7,yaw,2.000,100.000,42.857
scene-1094_034,0,Car,car,29.970,7,yaw,3.000,100.000,0.000
scene-1094_034,0,Car,car,29.970,7,pitch,0.000,100.000,100.000
scene-1094_034,0,Car,car,29.970,7,pitch,0.500,100.000,100.000
scene-1094_034,0,Car,car,29.970,7,pitch,1.000,100.000,100.000
scene-1094_034,0,Car,car,29.970,7,pitch,2.000,100.000,100.000
scene-1094_034,0,Car,car,29.970,7,pitch,3.000,100.000,100.000
scene-1094_034,0,Car,car,29.970,7,roll,0.000,100.000,100.000
scene-1094_034,0,Car,car,29.970,7,roll,0.500,100.000,100.000
scene-1094_034,0,Car,car,29.970,7,roll,1.000,100.000,100.000
scene-1094_034,0,Car,car,29.970,7,roll,2.000,100.000,100.000
scene-1094_034,0,Car,car,29.970,7,roll,3.000,100.000,0.000
scene-1094_034,0,Car,car,29.970,7,ty,0.000,100.000,100.000
scene-1094_034,0,Car,car,29.970,7,ty,0.020,100.000,100.000
scene-1094_034,0,Car,car,29.970,7,ty,0.050,100.000,100.000
scene-1094_034,0,Car,car,29.970,7,ty,0.100,100.000,100.000
scene-1094_035,0,Car,car,29.972,8,yaw,0.000,100.000,100.000
scene-1094_035,0,Car,car,29.972,8,yaw,0.500,100.000,100.000
scene-1094_035,0,Car,car,29.972,8,yaw,1.000,100.000,87.500
scene-1094_035,0,Car,car,29.972,8,yaw,2.000,100.000,50.000
scene-1094_035,0,Car,car,29.972,8,yaw,3.000,100.000,12.500
scene-1094_035,0,Car,car,29.972,8,pitch,0.000,100.000,100.000
scene-1094_035,0,Car,car,29.972,8,pitch,0.500,100.000,100.000
scene-1094_035,0,Car,car,29.972,8,pitch,1.000,100.000,100.000
scene-1094_035,0,Car,car,29.972,8,pitch,2.000,100.000,100.000
scene-1094_035,0,Car,car,29.972,8,pitch,3.000,100.000,100.000
scene-1094_035,0,Car,car,29.972,8,roll,0.000,100.000,100.000
scene-1094_035,0,Car,car,29.972,8,roll,0.500,100.000,100.000
scene-1094_035,0,Car,car,29.972,8,roll,1.000,100.000,100.000
scene-1094_035,0,Car,car,29.972,8,roll,2.000,100.000,100.000
scene-1094_035,0,Car,car,29.972,8,roll,3.000,100.000,0.000
scene-1094_035,0,Car,car,29.972,8,ty,0.000,100.000,100.000
scene-1094_035,0,Car,car,29.972,8,ty,0.020,100.000,100.000
scene-1094_035,0,Car,car,29.972,8,ty,0.050,100.000,100.000
scene-1094_035,0,Car,car,29.972,8,ty,0.100,100.000,100.000
scene-1094_036,0,Car,car,30.003,17,yaw,0.000,100.000,100.000
scene-1094_036,0,Car,car,30.003,17,yaw,0.500,100.000,100.000
scene-1094_036,0,Car,car,30.003,17,yaw,1.000,100.000,82.353
scene-1094_036,0,Car,car,30.003,17,yaw,2.000,100.000,47.059
scene-1094_036,0,Car,car,30.003,17,yaw,3.000,100.000,11.765
scene-1094_036,0,Car,car,30.003,17,pitch,0.000,100.000,100.000
scene-1094_036,0,Car,car,30.003,17,pitch,0.500,100.000,100.000
scene-1094_036,0,Car,car,30.003,17,pitch,1.000,100.000,100.000
scene-1094_036,0,Car,car,30.003,17,pitch,2.000,100.000,100.000
scene-1094_036,0,Car,car,30.003,17,pitch,3.000,100.000,100.000
scene-1094_036,0,Car,car,30.003,17,roll,0.000,100.000,100.000
scene-1094_036,0,Car,car,30.003,17,roll,0.500,100.000,100.000
scene-1094_036,0,Car,car,30.003,17,roll,1.000,100.000,100.000
scene-1094_036,0,Car,car,30.003,17,roll,2.000,100.000,47.059
scene-1094_036,0,Car,car,30.003,17,roll,3.000,100.000,0.000
scene-1094_036,0,Car,car,30.003,17,ty,0.000,100.000,100.000
scene-1094_036,0,Car,car,30.003,17,ty,0.020,100.000,100.000
scene-1094_036,0,Car,car,30.003,17,ty,0.050,100.000,100.000
scene-1094_036,0,Car,car,30.003,17,ty,0.100,100.000,100.000
scene-1094_036,1,Motorcycle,vru,25.739,6,yaw,0.000,100.000,100.000
scene-1094_036,1,Motorcycle,vru,25.739,6,yaw,0.500,100.000,83.333
scene-1094_036,1,Motorcycle,vru,25.739,6,yaw,1.000,100.000,66.667
scene-1094_036,1,Motorcycle,vru,25.739,6,yaw,2.000,100.000,16.667
scene-1094_036,1,Motorcycle,vru,25.739,6,yaw,3.000,100.000,0.000
scene-1094_036,1,Motorcycle,vru,25.739,6,pitch,0.000,100.000,100.000
scene-1094_036,1,Motorcycle,vru,25.739,6,pitch,0.500,100.000,83.333
scene-1094_036,1,Motorcycle,vru,25.739,6,pitch,1.000,100.000,66.667
scene-1094_036,1,Motorcycle,vru,25.739,6,pitch,2.000,100.000,66.667
scene-1094_036,1,Motorcycle,vru,25.739,6,pitch,3.000,100.000,66.667
scene-1094_036,1,Motorcycle,vru,25.739,6,roll,0.000,100.000,100.000
scene-1094_036,1,Motorcycle,vru,25.739,6,roll,0.500,100.000,100.000
scene-1094_036,1,Motorcycle,vru,25.739,6,roll,1.000,100.000,100.000
scene-1094_036,1,Motorcycle,vru,25.739,6,roll,2.000,100.000,33.333
scene-1094_036,1,Motorcycle,vru,25.739,6,roll,3.000,100.000,33.333
scene-1094_036,1,Motorcycle,vru,25.739,6,ty,0.000,100.000,100.000
scene-1094_036,1,Motorcycle,vru,25.739,6,ty,0.020,100.000,100.000
scene-1094_036,1,Motorcycle,vru,25.739,6,ty,0.050,100.000,100.000
scene-1094_036,1,Motorcycle,vru,25.739,6,ty,0.100,100.000,100.000
scene-1094_037,0,Car,car,30.002,7,yaw,0.000,100.000,100.000
scene-1094_037,0,Car,car,30.002,7,yaw,0.500,100.000,100.000
scene-1094_037,0,Car,car,30.002,7,yaw,1.000,100.000,100.000
scene-1094_037,0,Car,car,30.002,7,yaw,2.000,100.000,57.143
scene-1094_037,0,Car,car,30.002,7,yaw,3.000,100.000,14.286
scene-1094_037,0,Car,car,30.002,7,pitch,0.000,100.000,100.000
scene-1094_037,0,Car,car,30.002,7,pitch,0.500,100.000,100.000
scene-1094_037,0,Car,car,30.002,7,pitch,1.000,100.000,100.000
scene-1094_037,0,Car,car,30.002,7,pitch,2.000,100.000,100.000
scene-1094_037,0,Car,car,30.002,7,pitch,3.000,100.000,100.000
scene-1094_037,0,Car,car,30.002,7,roll,0.000,100.000,100.000
scene-1094_037,0,Car,car,30.002,7,roll,0.500,100.000,100.000
scene-1094_037,0,Car,car,30.002,7,roll,1.000,100.000,100.000
scene-1094_037,0,Car,car,30.002,7,roll,2.000,100.000,100.000
scene-1094_037,0,Car,car,30.002,7,roll,3.000,100.000,0.000
scene-1094_037,0,Car,car,30.002,7,ty,0.000,100.000,100.000
scene-1094_037,0,Car,car,30.002,7,ty,0.020,100.000,100.000
scene-1094_037,0,Car,car,30.002,7,ty,0.050,100.000,100.000
scene-1094_037,0,Car,car,30.002,7,ty,0.100,100.000,100.000
scene-1094_037,1,Car,car,29.086,5,yaw,0.000,100.000,100.000
scene-1094_037,1,Car,car,29.086,5,yaw,0.500,100.000,80.000
scene-1094_037,1,Car,car,29.086,5,yaw,1.000,100.000,80.000
scene-1094_037,1,Car,car,29.086,5,yaw,2.000,100.000,80.000
scene-1094_037,1,Car,car,29.086,5,yaw,3.000,100.000,60.000
scene-1094_037,1,Car,car,29.086,5,pitch,0.000,100.000,100.000
scene-1094_037,1,Car,car,29.086,5,pitch,0.500,100.000,100.000
scene-1094_037,1,Car,car,29.086,5,pitch,1.000,100.000,100.000
scene-1094_037,1,Car,car,29.086,5,pitch,2.000,100.000,100.000
scene-1094_037,1,Car,car,29.086,5,pitch,3.000,100.000,100.000
scene-1094_037,1,Car,car,29.086,5,roll,0.000,100.000,100.000
scene-1094_037,1,Car,car,29.086,5,roll,0.500,100.000,100.000
scene-1094_037,1,Car,car,29.086,5,roll,1.000,100.000,100.000
scene-1094_037,1,Car,car,29.086,5,roll,2.000,100.000,100.000
scene-1094_037,1,Car,car,29.086,5,roll,3.000,100.000,0.000
scene-1094_037,1,Car,car,29.086,5,ty,0.000,100.000,100.000
scene-1094_037,1,Car,car,29.086,5,ty,0.020,100.000,100.000
scene-1094_037,1,Car,car,29.086,5,ty,0.050,100.000,100.000
scene-1094_037,1,Car,car,29.086,5,ty,0.100,100.000,100.000
scene-1094_038,0,Car,car,29.964,18,yaw,0.000,100.000,100.000
scene-1094_038,0,Car,car,29.964,18,yaw,0.500,100.000,83.333
scene-1094_038,0,Car,car,29.964,18,yaw,1.000,100.000,77.778
scene-1094_038,0,Car,car,29.964,18,yaw,2.000,100.000,44.444
scene-1094_038,0,Car,car,29.964,18,yaw,3.000,100.000,11.111
scene-1094_038,0,Car,car,29.964,18,pitch,0.000,100.000,100.000
scene-1094_038,0,Car,car,29.964,18,pitch,0.500,100.000,100.000
scene-1094_038,0,Car,car,29.964,18,pitch,1.000,100.000,100.000
scene-1094_038,0,Car,car,29.964,18,pitch,2.000,100.000,100.000
scene-1094_038,0,Car,car,29.964,18,pitch,3.000,100.000,100.000
scene-1094_038,0,Car,car,29.964,18,roll,0.000,100.000,100.000
scene-1094_038,0,Car,car,29.964,18,roll,0.500,100.000,100.000
scene-1094_038,0,Car,car,29.964,18,roll,1.000,100.000,100.000
scene-1094_038,0,Car,car,29.964,18,roll,2.000,100.000,50.000
scene-1094_038,0,Car,car,29.964,18,roll,3.000,100.000,0.000
scene-1094_038,0,Car,car,29.964,18,ty,0.000,100.000,100.000
scene-1094_038,0,Car,car,29.964,18,ty,0.020,100.000,100.000
scene-1094_038,0,Car,car,29.964,18,ty,0.050,100.000,100.000
scene-1094_038,0,Car,car,29.964,18,ty,0.100,100.000,100.000
scene-1094_038,1,Pedestrian,vru,25.766,5,yaw,0.000,100.000,100.000
scene-1094_038,1,Pedestrian,vru,25.766,5,yaw,0.500,100.000,60.000
scene-1094_038,1,Pedestrian,vru,25.766,5,yaw,1.000,100.000,20.000
scene-1094_038,1,Pedestrian,vru,25.766,5,yaw,2.000,100.000,0.000
scene-1094_038,1,Pedestrian,vru,25.766,5,yaw,3.000,100.000,0.000
scene-1094_038,1,Pedestrian,vru,25.766,5,pitch,0.000,100.000,100.000
scene-1094_038,1,Pedestrian,vru,25.766,5,pitch,0.500,100.000,100.000
scene-1094_038,1,Pedestrian,vru,25.766,5,pitch,1.000,100.000,100.000
scene-1094_038,1,Pedestrian,vru,25.766,5,pitch,2.000,100.000,100.000
scene-1094_038,1,Pedestrian,vru,25.766,5,pitch,3.000,100.000,100.000
scene-1094_038,1,Pedestrian,vru,25.766,5,roll,0.000,100.000,100.000
scene-1094_038,1,Pedestrian,vru,25.766,5,roll,0.500,100.000,100.000
scene-1094_038,1,Pedestrian,vru,25.766,5,roll,1.000,100.000,100.000
scene-1094_038,1,Pedestrian,vru,25.766,5,roll,2.000,100.000,40.000
scene-1094_038,1,Pedestrian,vru,25.766,5,roll,3.000,100.000,0.000
scene-1094_038,1,Pedestrian,vru,25.766,5,ty,0.000,100.000,100.000
scene-1094_038,1,Pedestrian,vru,25.766,5,ty,0.020,100.000,100.000
scene-1094_038,1,Pedestrian,vru,25.766,5,ty,0.050,100.000,100.000
scene-1094_038,1,Pedestrian,vru,25.766,5,ty,0.100,100.000,100.000
scene-1094_038,2,Car,car,17.080,43,yaw,0.000,100.000,100.000
scene-1094_038,2,Car,car,17.080,43,yaw,0.500,100.000,100.000
scene-1094_038,2,Car,car,17.080,43,yaw,1.000,100.000,97.674
scene-1094_038,2,Car,car,17.080,43,yaw,2.000,100.000,88.372
scene-1094_038,2,Car,car,17.080,43,yaw,3.000,100.000,69.767
scene-1094_038,2,Car,car,17.080,43,pitch,0.000,100.000,100.000
scene-1094_038,2,Car,car,17.080,43,pitch,0.500,100.000,100.000
scene-1094_038,2,Car,car,17.080,43,pitch,1.000,100.000,100.000
scene-1094_038,2,Car,car,17.080,43,pitch,2.000,100.000,100.000
scene-1094_038,2,Car,car,17.080,43,pitch,3.000,100.000,69.767
scene-1094_038,2,Car,car,17.080,43,roll,0.000,100.000,100.000
scene-1094_038,2,Car,car,17.080,43,roll,0.500,100.000,100.000
scene-1094_038,2,Car,car,17.080,43,roll,1.000,100.000,100.000
scene-1094_038,2,Car,car,17.080,43,roll,2.000,100.000,95.349
scene-1094_038,2,Car,car,17.080,43,roll,3.000,100.000,86.047
scene-1094_038,2,Car,car,17.080,43,ty,0.000,100.000,100.000
scene-1094_038,2,Car,car,17.080,43,ty,0.020,100.000,100.000
scene-1094_038,2,Car,car,17.080,43,ty,0.050,100.000,100.000
scene-1094_038,2,Car,car,17.080,43,ty,0.100,100.000,100.000
scene-1094_039,0,Car,car,29.836,10,yaw,0.000,100.000,100.000
scene-1094_039,0,Car,car,29.836,10,yaw,0.500,100.000,90.000
scene-1094_039,0,Car,car,29.836,10,yaw,1.000,100.000,80.000
scene-1094_039,0,Car,car,29.836,10,yaw,2.000,100.000,50.000
scene-1094_039,0,Car,car,29.836,10,yaw,3.000,100.000,20.000
scene-1094_039,0,Car,car,29.836,10,pitch,0.000,100.000,100.000
scene-1094_039,0,Car,car,29.836,10,pitch,0.500,100.000,100.000
scene-1094_039,0,Car,car,29.836,10,pitch,1.000,100.000,100.000
scene-1094_039,0,Car,car,29.836,10,pitch,2.000,100.000,100.000
scene-1094_039,0,Car,car,29.836,10,pitch,3.000,100.000,100.000
scene-1094_039,0,Car,car,29.836,10,roll,0.000,100.000,100.000
scene-1094_039,0,Car,car,29.836,10,roll,0.500,100.000,100.000
scene-1094_039,0,Car,car,29.836,10,roll,1.000,100.000,100.000
scene-1094_039,0,Car,car,29.836,10,roll,2.000,100.000,80.000
scene-1094_039,0,Car,car,29.836,10,roll,3.000,100.000,0.000
scene-1094_039,0,Car,car,29.836,10,ty,0.000,100.000,100.000
scene-1094_039,0,Car,car,29.836,10,ty,0.020,100.000,100.000
scene-1094_039,0,Car,car,29.836,10,ty,0.050,100.000,100.000
scene-1094_039,0,Car,car,29.836,10,ty,0.100,100.000,100.000
scene-1094_039,1,Pedestrian,vru,18.830,11,yaw,0.000,100.000,100.000
scene-1094_039,1,Pedestrian,vru,18.830,11,yaw,0.500,100.000,100.000
scene-1094_039,1,Pedestrian,vru,18.830,11,yaw,1.000,100.000,63.636
scene-1094_039,1,Pedestrian,vru,18.830,11,yaw,2.000,100.000,0.000
scene-1094_039,1,Pedestrian,vru,18.830,11,yaw,3.000,100.000,0.000
scene-1094_039,1,Pedestrian,vru,18.830,11,pitch,0.000,100.000,100.000
scene-1094_039,1,Pedestrian,vru,18.830,11,pitch,0.500,100.000,100.000
scene-1094_039,1,Pedestrian,vru,18.830,11,pitch,1.000,100.000,100.000
scene-1094_039,1,Pedestrian,vru,18.830,11,pitch,2.000,100.000,100.000
scene-1094_039,1,Pedestrian,vru,18.830,11,pitch,3.000,100.000,100.000
scene-1094_039,1,Pedestrian,vru,18.830,11,roll,0.000,100.000,100.000
scene-1094_039,1,Pedestrian,vru,18.830,11,roll,0.500,100.000,100.000
scene-1094_039,1,Pedestrian,vru,18.830,11,roll,1.000,100.000,100.000
scene-1094_039,1,Pedestrian,vru,18.830,11,roll,2.000,100.000,72.727
scene-1094_039,1,Pedestrian,vru,18.830,11,roll,3.000,100.000,36.364
scene-1094_039,1,Pedestrian,vru,18.830,11,ty,0.000,100.000,100.000
scene-1094_039,1,Pedestrian,vru,18.830,11,ty,0.020,100.000,100.000
scene-1094_039,1,Pedestrian,vru,18.830,11,ty,0.050,100.000,100.000
scene-1094_039,1,Pedestrian,vru,18.830,11,ty,0.100,100.000,100.000
scene-1094_039,2,Pedestrian,vru,14.308,7,yaw,0.000,100.000,100.000
scene-1094_039,2,Pedestrian,vru,14.308,7,yaw,0.500,100.000,100.000
scene-1094_039,2,Pedestrian,vru,14.308,7,yaw,1.000,100.000,100.000
scene-1094_039,2,Pedestrian,vru,14.308,7,yaw,2.000,100.000,0.000
scene-1094_039,2,Pedestrian,vru,14.308,7,yaw,3.000,100.000,0.000
scene-1094_039,2,Pedestrian,vru,14.308,7,pitch,0.000,100.000,100.000
scene-1094_039,2,Pedestrian,vru,14.308,7,pitch,0.500,100.000,100.000
scene-1094_039,2,Pedestrian,vru,14.308,7,pitch,1.000,100.000,100.000
scene-1094_039,2,Pedestrian,vru,14.308,7,pitch,2.000,100.000,100.000
scene-1094_039,2,Pedestrian,vru,14.308,7,pitch,3.000,100.000,100.000
scene-1094_039,2,Pedestrian,vru,14.308,7,roll,0.000,100.000,100.000
scene-1094_039,2,Pedestrian,vru,14.308,7,roll,0.500,100.000,100.000
scene-1094_039,2,Pedestrian,vru,14.308,7,roll,1.000,100.000,100.000
scene-1094_039,2,Pedestrian,vru,14.308,7,roll,2.000,100.000,100.000
scene-1094_039,2,Pedestrian,vru,14.308,7,roll,3.000,100.000,57.143
scene-1094_039,2,Pedestrian,vru,14.308,7,ty,0.000,100.000,100.000
scene-1094_039,2,Pedestrian,vru,14.308,7,ty,0.020,100.000,100.000
scene-1094_039,2,Pedestrian,vru,14.308,7,ty,0.050,100.000,100.000
scene-1094_039,2,Pedestrian,vru,14.308,7,ty,0.100,100.000,100.000
